hanzi,sentence,en,th
阿姨,阿姨在做饭。,Auntie is cooking.,ป้ากำลังทำอาหาร
啊,这里真漂亮啊！,This place is so beautiful!,ที่นี่สวยจริงๆ เลย!
矮,他比哥哥矮一点。,He is a bit shorter than his older brother.,เขาเตี้ยกว่าพี่ชายนิดหน่อย
爱吃鱼,我家的猫爱吃鱼。,My cat loves eating fish.,แมวที่บ้านฉันชอบกินปลา
爱好,我的爱好是画画。,My hobby is painting.,งานอดิเรกของฉันคือวาดรูป
爱看,我爱看电视。,I love watching TV.,ฉันชอบดูทีวี
安静,图书馆里很安静。,The library is very quiet.,ในห้องสมุดเงียบมาก
八点半,现在是八点半。,It's half past eight now.,ตอนนี้แปดโมงครึ่งแล้ว
八五,这次考试他考了八五分。,He scored 85 points on this exam.,การสอบครั้งนี้เขาได้ 85 คะแนน
八一,八一那天学校放假。,School is closed on August first.,วันที่ 1 สิงหาคมโรงเรียนหยุด
八月,八月的天气很热。,The weather in August is very hot.,อากาศเดือนสิงหาคมร้อนมาก
爸,我爸是老师。,My dad is a teacher.,พ่อของฉันเป็นครู
爸妈,我爸妈都很忙。,My dad and mom are both busy.,พ่อแม่ของฉันยุ่งมากทั้งคู่
白衬衫,他穿着白衬衫。,He is wearing a white shirt.,เขาใส่เสื้อเชิ้ตสีขาว
白天,白天他在上班。,During the day he is at work.,ตอนกลางวันเขาไปทำงาน
白云,天上有白云。,There are white clouds in the sky.,บนฟ้ามีเมฆสีขาว
班,我们班有三十个学生。,Our class has thirty students.,ห้องเรียนของเรามีนักเรียนสามสิบคน
班上,班上有三十个学生。,There are thirty students in the class.,ในห้องเรียนมีนักเรียนสามสิบคน
搬,我们下个月搬家。,We're moving house next month.,เดือนหน้าเราจะย้ายบ้าน
搬家,我们下个月搬家。,We are moving house next month.,เดือนหน้าเราจะย้ายบ้าน
办,这件事我来办。,I'll take care of this.,เรื่องนี้ฉันจะจัดการเอง
办法,这个办法很好。,This method is very good.,วิธีนี้ดีมาก
办公楼,他在办公楼工作。,He works in the office building.,เขาทำงานที่ตึกสำนักงาน
办公室,他在办公室工作。,He works in the office.,เขาทำงานที่สำนักงาน
半,现在是三点半。,It's three thirty now.,ตอนนี้สามโมงครึ่งแล้ว
半个,我吃了半个苹果。,I ate half an apple.,ฉันกินแอปเปิลไปครึ่งลูก
半路,我们半路遇见了他。,We ran into him halfway there.,เราเจอเขาระหว่างทาง
半年,我学汉语半年了。,I have studied Chinese for half a year.,ฉันเรียนภาษาจีนมาครึ่งปีแล้ว
半天,我等了他半天。,I waited for him for a long time.,ฉันรอเขาอยู่นานมาก
帮忙,你能帮忙吗？,Can you help?,คุณช่วยได้ไหม?
包,这个包很好看。,This bag is very nice.,กระเป๋าใบนี้สวยมาก
饱,我今天吃得很饱。,I'm very full today.,วันนี้ฉันกินอิ่มมาก
北,学校在城市的北边。,The school is on the north side of the city.,โรงเรียนอยู่ทางเหนือของเมือง
北方,他来自中国北方。,He is from northern China.,เขามาจากภาคเหนือของจีน
北京西站,火车到北京西站了。,The train has arrived at Beijing West Station.,รถไฟถึงสถานีปักกิ่งตะวันตกแล้ว
北门,我们在北门见面。,Let's meet at the north gate.,เราจะเจอกันที่ประตูเหนือ
被,我的手机被他拿走了。,My phone was taken by him.,โทรศัพท์ของฉันถูกเขาเอาไป
本词典,本词典很有用。,This dictionary is very useful.,พจนานุกรมเล่มนี้มีประโยชน์มาก
本书,这本书很有意思。,This book is very interesting.,หนังสือเล่มนี้น่าสนใจมาก
鼻子,他的鼻子很大。,His nose is very big.,จมูกของเขาใหญ่มาก
比较简单,这个问题比较简单。,This question is relatively simple.,คำถามนี้ค่อนข้างง่าย
比赛,今天有足球比赛。,There's a football match today.,วันนี้มีการแข่งฟุตบอล
笔画,这个字笔画很多。,This character has many strokes.,ตัวอักษรนี้มีขีดเยอะมาก
笔记本,我买了一个笔记本。,I bought a notebook.,ฉันซื้อสมุดมาหนึ่งเล่ม
笔记本电脑,他有一台笔记本电脑。,He has a laptop computer.,เขามีโน้ตบุ๊กหนึ่งเครื่อง
必须,你必须马上回家。,You must go home right away.,คุณต้องกลับบ้านทันที
边,他坐在我旁边。,He is sitting next to me.,เขานั่งอยู่ข้างๆ ฉัน
边上,他坐在我边上。,He sits beside me.,เขานั่งอยู่ข้างๆ ฉัน
变,天气变冷了。,The weather has turned cold.,อากาศเริ่มเย็นลงแล้ว
变成,水变成了冰。,The water turned into ice.,น้ำกลายเป็นน้ำแข็ง
变化,这个城市变化很大。,This city has changed a lot.,เมืองนี้เปลี่ยนแปลงไปมาก
变化很大,这个城市变化很大。,This city has changed a lot.,เมืองนี้เปลี่ยนแปลงไปมาก
表示,他表示同意我的想法。,He expressed agreement with my idea.,เขาแสดงความเห็นด้วยกับความคิดของฉัน
表演,孩子们的表演很好看。,The children's performance was great to watch.,การแสดงของเด็กๆ สนุกมาก
别的,你还想要别的东西吗？,Do you want anything else?,คุณอยากได้อย่างอื่นอีกไหม?
别难过,别难过会好的。,"Don't be sad, it'll be okay.",อย่าเสียใจไปเลย เดี๋ยวก็ดีขึ้นเอง
别人,别人都在等你。,Everyone else is waiting for you.,คนอื่นๆ กำลังรอคุณอยู่
冰箱,冰箱里有很多水果。,There is a lot of fruit in the refrigerator.,ในตู้เย็นมีผลไม้เยอะมาก
不吃,我今天不吃早饭。,I'm not eating breakfast today.,วันนี้ฉันไม่กินข้าวเช้า
不但,他不但聪明而且努力。,He is not only smart but also hardworking.,เขาไม่เพียงฉลาดแต่ยังขยันอีกด้วย
不感兴趣,我对足球不感兴趣。,I'm not interested in soccer.,ฉันไม่สนใจฟุตบอล
不好,今天天气不好。,The weather isn't good today.,วันนี้อากาศไม่ดี
不会,明天不会下雨。,It probably won't rain tomorrow.,พรุ่งนี้คงไม่ฝนตก
不见,我们好久不见了。,We haven't seen each other in a long time.,เราไม่ได้เจอกันนานแล้ว
不久,他不久就回来了。,He will be back before long.,อีกไม่นานเขาก็กลับมา
不难,这道题不难。,This problem is not difficult.,โจทย์นี้ไม่ยาก
不怕,我一点也不怕。,I'm not scared at all.,ฉันไม่กลัวเลยสักนิด
不让,妈妈不让我出去。,Mom doesn't let me go out.,แม่ไม่ให้ฉันออกไปข้างนอก
不少,他有不少朋友。,He has quite a few friends.,เขามีเพื่อนเยอะพอสมควร
不是,这不是我的书。,This is not my book.,นี่ไม่ใช่หนังสือของฉัน
不太好,我今天感觉不太好。,I don't feel too well today.,วันนี้ฉันรู้สึกไม่ค่อยดี
不同,我们的想法不同。,Our ideas are different.,ความคิดของเราไม่เหมือนกัน
不下雨,今天不下雨。,It's not raining today.,วันนี้ฝนไม่ตก
不要,不要在这里吃东西。,Don't eat here.,อย่ากินอาหารที่นี่
不用,你不用担心。,You don't need to worry.,คุณไม่ต้องกังวล
不远,学校离我家不远。,The school isn't far from my house.,โรงเรียนอยู่ไม่ไกลจากบ้านฉัน
步,他走了几步。,He took a few steps.,เขาเดินไปไม่กี่ก้าว
才,他昨天才回来。,He only came back yesterday.,เขาเพิ่งกลับมาเมื่อวานนี้เอง
才能,他很有才能。,He is very talented.,เขามีความสามารถมาก
菜单,服务员拿来了菜单。,The waiter brought the menu.,พนักงานเสิร์ฟเมนูมาให้
菜点,这里的菜点很好吃。,The dishes here are delicious.,อาหารที่นี่อร่อยมาก
参加,我想参加比赛。,I want to take part in the competition.,ฉันอยากเข้าร่วมการแข่งขัน
草,公园里的草很绿。,The grass in the park is very green.,หญ้าในสวนสาธารณะเขียวมาก
草地上,孩子们在草地上跑。,The children are running on the lawn.,เด็กๆ วิ่งเล่นอยู่บนสนามหญ้า
层,我家住在三层。,My family lives on the third floor.,บ้านฉันอยู่ชั้นสาม
查,我去查资料。,I'm going to look up some information.,ฉันจะไปค้นหาข้อมูล
查查,你查查这个词吧。,Please look up this word.,ลองค้นคำนี้ดูสิ
查字典,我不懂就查字典。,"When I don't understand, I look it up in the dictionary.",ถ้าไม่เข้าใจฉันก็เปิดพจนานุกรม
茶水,请喝一杯茶水。,Please have a cup of tea.,เชิญดื่มชาสักแก้ว
差,现在差五分钟到六点。,It's five minutes to six right now.,ตอนนี้อีกห้านาทีจะหกโมง
常,他常来我家。,He often comes to my house.,เขามาบ้านฉันบ่อยๆ
常有,这里常有游客。,There are often tourists here.,ที่นี่มักมีนักท่องเที่ยวอยู่เสมอ
唱,她唱歌很好听。,She sings very well.,เธอร้องเพลงเพราะมาก
超市,妈妈去超市买菜。,Mom went to the supermarket to buy vegetables.,แม่ไปซื้อกับข้าวที่ซูเปอร์มาร์เก็ต
车站,车站离这儿不远。,The station isn't far from here.,สถานีอยู่ไม่ไกลจากที่นี่
衬衫,他穿了一件白衬衫。,He wore a white shirt.,เขาใส่เสื้อเชิ้ตสีขาว
成绩,他的成绩很好。,His grades are very good.,ผลการเรียนของเขาดีมาก
城,这座城很漂亮。,This city is very beautiful.,เมืองนี้สวยงามมาก
城市,北京是一个大城市。,Beijing is a big city.,ปักกิ่งเป็นเมืองใหญ่
城外,他住在城外。,He lives outside the city.,เขาอาศัยอยู่นอกเมือง
吃饱,我已经吃饱了。,I'm already full.,ฉันอิ่มแล้ว
吃饭,我们一起吃饭吧。,Let's eat together.,เรากินข้าวด้วยกันเถอะ
吃药,你要按时吃药。,You need to take your medicine on time.,คุณต้องกินยาให้ตรงเวลา
迟到,他今天又迟到了。,He was late again today.,วันนี้เขามาสายอีกแล้ว
出国,他打算明年出国工作。,He plans to go abroad to work next year.,เขาวางแผนจะไปทำงานต่างประเทศปีหน้า
出过,他去年出过国。,He went abroad last year.,ปีที่แล้วเขาเคยไปต่างประเทศ
出门,下雨了，别出门。,"It's raining, don't go out.",ฝนตกแล้ว อย่าออกไปข้างนอกเลย
出门时,出门时请关灯。,Please turn off the lights when going out.,เวลาออกจากบ้านกรุณาปิดไฟ
出现,天上出现了彩虹。,A rainbow appeared in the sky.,บนฟ้ามีสายรุ้งปรากฏขึ้น
除了,"除了英语,我还会说汉语。","Besides English, I can also speak Chinese.",นอกจากภาษาอังกฤษแล้ว ฉันยังพูดภาษาจีนได้ด้วย
厨房,妈妈在厨房做饭。,Mom is cooking in the kitchen.,แม่กำลังทำอาหารในครัว
船票,我买了两张船票。,I bought two ship tickets.,ฉันซื้อตั๋วเรือมาสองใบ
船长,船长站在船上。,The captain stands on the ship.,กัปตันยืนอยู่บนเรือ
春季,春季天气很好。,The weather is nice in spring.,ฤดูใบไม้ผลิอากาศดีมาก
春天,春天到了，花都开了。,"Spring has arrived, and the flowers have all bloomed.",ฤดูใบไม้ผลิมาถึงแล้ว ดอกไม้บานสะพรั่งไปหมด
词,这个词很难。,This word is difficult.,คำนี้ยากมาก
词典,我有一本词典。,I have a dictionary.,ฉันมีพจนานุกรมหนึ่งเล่ม
词语,这个词语很难。,This word is difficult.,คำนี้ยากมาก
聪明,这个孩子很聪明。,This child is very clever.,เด็กคนนี้ฉลาดมาก
聪明人,他是一个聪明人。,He is a smart person.,เขาเป็นคนฉลาด
从小,他从小喜欢画画。,He has liked drawing since he was little.,เขาชอบวาดรูปมาตั้งแต่เด็ก
错过,我错过了火车。,I missed the train.,ฉันพลาดรถไฟ
错过机会,别错过机会。,Don't miss the opportunity.,อย่าพลาดโอกาสนะ
答题,学生们正在答题。,The students are answering the questions.,นักเรียนกำลังตอบคำถาม
打车,下雨天我们打车去吧。,Let's take a taxi since it's raining.,วันฝนตกเรานั่งแท็กซี่ไปกันเถอะ
打打球,我们去打打球吧。,Let's go play some ball.,เราไปเล่นบอลกันเถอะ
打电话,我给妈妈打电话了。,I called my mom.,ฉันโทรหาแม่แล้ว
打篮球,他们在打篮球。,They are playing basketball.,พวกเขากำลังเล่นบาสเก็ตบอล
打扫,我在打扫房间。,I'm cleaning the room.,ฉันกำลังทำความสะอาดห้อง
打算,我打算去中国旅游。,I plan to travel to China.,ฉันวางแผนจะไปเที่ยวจีน
大城市,北京是大城市。,Beijing is a major city.,ปักกิ่งเป็นเมืองใหญ่
大风,外面刮大风了。,There's a gale blowing outside.,ข้างนอกลมแรงมาก
大晴天,今天是大晴天。,Today is a sunny day.,วันนี้อากาศแจ่มใสมาก
大熊猫,大熊猫喜欢吃竹子。,Giant pandas like to eat bamboo.,แพนด้ายักษ์ชอบกินไผ่
大学老师,他是大学老师。,He is a university teacher.,เขาเป็นอาจารย์มหาวิทยาลัย
大一岁,我比他大一岁。,I am one year older than him.,ฉันแก่กว่าเขาหนึ่งปี
带,请带上你的护照。,Please bring your passport.,กรุณานำหนังสือเดินทางไปด้วย
带来,他给我带来了礼物。,He brought me a gift.,เขาเอาของขวัญมาให้ฉัน
担心,妈妈很担心我。,Mom is very worried about me.,แม่เป็นห่วงฉันมาก
蛋糕,妈妈做了蛋糕。,Mom made a cake.,แม่ทำเค้ก
当然,这个我当然知道。,Of course I know that.,เรื่องนี้ฉันรู้อยู่แล้วแน่นอน
到来,我们欢迎他的到来。,We welcome his arrival.,เราดีใจที่เขามาถึง
到时候,到时候我给你打电话。,I'll call you when the time comes.,ถึงเวลานั้นฉันจะโทรหาคุณ
道,你说的很有道理。,What you said makes a lot of sense.,สิ่งที่คุณพูดมีเหตุผลมาก
地,书掉在地上了。,The book fell on the ground.,หนังสือตกลงพื้น
地方,这是个好地方。,This is a good place.,ที่นี่เป็นสถานที่ที่ดี
地铁,我坐地铁上班。,I take the subway to work.,ฉันนั่งรถไฟฟ้าใต้ดินไปทำงาน
地铁站,前面就是地铁站。,The subway station is just ahead.,ข้างหน้าคือสถานีรถไฟฟ้าใต้ดิน
地图,请给我一张地图。,Please give me a map.,กรุณาให้แผนที่ฉันหนึ่งแผ่น
的话,明天有空的话就来。,"If you're free tomorrow, come over.",ถ้าพรุ่งนี้ว่างก็มานะ
等到,等到明天再说吧。,Let's wait until tomorrow to talk.,รอถึงพรุ่งนี้ค่อยว่ากันเถอะ
等会儿,你等会儿再走。,Wait a moment before you go.,รอสักครู่ค่อยไปนะ
低,这张桌子很低。,This table is low.,โต๊ะตัวนี้เตี้ยมาก
第二,这是我第二次来。,This is my second time here.,นี่เป็นครั้งที่สองที่ฉันมา
第二天,第二天他就走了。,He left the very next day.,วันรุ่งขึ้นเขาก็ไปแล้ว
第一次,这是我第一次来中国。,This is my first time coming to China.,นี่เป็นครั้งแรกที่ฉันมาเมืองจีน
第一个,他是第一个到的。,He was the first one to arrive.,เขาเป็นคนแรกที่มาถึง
电脑公司,他在电脑公司工作。,He works at a computer company.,เขาทำงานที่บริษัทคอมพิวเตอร์
电视节目,这个电视节目很好看。,This TV program is very good.,รายการทีวีนี้สนุกมาก
电梯,我们坐电梯上去。,Let's take the elevator up.,เราขึ้นลิฟต์ไปกันเถอะ
电子邮件,我给他发了电子邮件。,I sent him an email.,ฉันส่งอีเมลให้เขา
电子游戏,他喜欢玩电子游戏。,He likes playing video games.,เขาชอบเล่นเกม
东,太阳从东边出来。,The sun rises in the east.,พระอาทิตย์ขึ้นทางทิศตะวันออก
东边,太阳从东边升起。,The sun rises from the east.,พระอาทิตย์ขึ้นทางทิศตะวันออก
东门,我们在东门见面。,Let's meet at the east gate.,เราจะเจอกันที่ประตูตะวันออก
东西方,东西方文化不同。,Eastern and Western cultures are different.,วัฒนธรรมตะวันออกและตะวันตกแตกต่างกัน
冬天,冬天的北京很冷。,Beijing is very cold in winter.,ปักกิ่งหนาวมากในฤดูหนาว
动物,我喜欢小动物。,I like small animals.,ฉันชอบสัตว์ตัวเล็กๆ
动物园,周末我们去动物园。,We're going to the zoo this weekend.,สุดสัปดาห์นี้เราจะไปสวนสัตว์
读书,他喜欢在图书馆读书。,He likes to study in the library.,เขาชอบอ่านหนังสือในห้องสมุด
读音,这个字的读音是什么？,What's the pronunciation of this character?,ตัวอักษรนี้อ่านออกเสียงว่าอย่างไร?
短,这条路很短。,This road is very short.,ถนนสายนี้สั้นมาก
短发,她剪了短发。,She got a short haircut.,เธอตัดผมสั้น
锻炼,我每天锻炼一小时。,I exercise for an hour every day.,ฉันออกกำลังกายวันละหนึ่งชั่วโมง
锻炼身体,他每天锻炼身体。,He exercises every day.,เขาออกกำลังกายทุกวัน
多分钟,我等了十多分钟。,I waited for more than ten minutes.,ฉันรออยู่กว่าสิบนาที
多久,你等了多久？,How long have you been waiting?,คุณรอมานานแค่ไหนแล้ว?
多块,这本书三十多块。,This book costs more than thirty yuan.,หนังสือเล่มนี้ราคากว่าสามสิบหยวน
多么,今天多么开心啊！,How happy I am today!,วันนี้มีความสุขจริงๆ เลย!
多年,他们认识多年了。,They have known each other for many years.,พวกเขารู้จักกันมาหลายปีแล้ว
多岁,他四十多岁了。,He is more than forty years old.,เขาอายุกว่าสี่สิบปีแล้ว
饿,我现在很饿。,I'm very hungry now.,ตอนนี้ฉันหิวมาก
而且,这件衣服漂亮而且便宜。,This piece of clothing is pretty and also cheap.,เสื้อผ้าตัวนี้สวยและราคาถูกด้วย
耳朵,我的耳朵不舒服。,My ear doesn't feel well.,หูของฉันรู้สึกไม่สบาย
发,我给他发了一条信息。,I sent him a message.,ฉันส่งข้อความหาเขาไปหนึ่งข้อความ
发烧,孩子昨天发烧了。,The child had a fever yesterday.,เมื่อวานเด็กมีไข้
发现,我发现了一个问题。,I discovered a problem.,ฉันพบปัญหาอย่างหนึ่ง
方便,坐地铁很方便。,Taking the subway is very convenient.,การนั่งรถไฟฟ้าใต้ดินสะดวกมาก
房卡,请给我房卡。,Please give me the room card.,ขอบัตรห้องหน่อย
放,请把书放在桌子上。,Please put the book on the table.,ช่วยวางหนังสือไว้บนโต๊ะหน่อย
放到,请把书放到桌子上。,Please put the book on the table.,ช่วยวางหนังสือไว้บนโต๊ะหน่อย
放进去,把钱放进去。,Put the money in.,ใส่เงินเข้าไปข้างใน
放开,请放开我的手。,Please let go of my hand.,ช่วยปล่อยมือฉันหน่อย
放心,你放心吧，没问题。,"Don't worry, there's no problem.",คุณวางใจได้ ไม่มีปัญหา
放在,请把书放在桌子上。,Please put the book on the table.,ช่วยวางหนังสือไว้บนโต๊ะหน่อย
飞,小鸟飞走了。,The little bird flew away.,นกตัวน้อยบินหนีไปแล้ว
分钱,这个东西才五分钱。,This thing only costs five cents.,ของชิ้นนี้ราคาแค่ห้าเฟิน
风,外面风很大。,The wind is strong outside.,ข้างนอกลมแรงมาก
夫妻,他们是一对夫妻。,They are a married couple.,พวกเขาเป็นสามีภรรยากัน
附近,附近有一个公园。,There's a park nearby.,แถวนี้มีสวนสาธารณะอยู่แห่งหนึ่ง
复习,我在复习汉语。,I'm reviewing Chinese.,ฉันกำลังทบทวนภาษาจีน
该,你该回家了。,You should go home now.,คุณควรกลับบ้านได้แล้ว
该换,这双鞋该换了。,These shoes should be replaced.,รองเท้าคู่นี้ควรเปลี่ยนได้แล้ว
敢,我不敢一个人去。,I don't dare to go alone.,ฉันไม่กล้าไปคนเดียว
感冒,我今天感冒了。,I caught a cold today.,วันนี้ฉันเป็นหวัด
感兴趣,我对汉语感兴趣。,I'm interested in Chinese.,ฉันสนใจภาษาจีน
干干净净,房间打扫得干干净净。,The room was cleaned spotlessly.,ห้องถูกทำความสะอาดจนสะอาดเอี่ยม
干净,房间很干净。,The room is very clean.,ห้องสะอาดมาก
刚,他刚才出门了。,He just went out a moment ago.,เขาเพิ่งออกจากบ้านไปเมื่อสักครู่
刚才,刚才谁在打电话？,Who was calling just now?,เมื่อกี้ใครโทรศัพท์อยู่
高高的,他长得高高的。,He is quite tall.,เขาตัวสูงมาก
歌舞,他们在表演歌舞。,They are performing songs and dances.,พวกเขากำลังแสดงร้องเพลงและเต้นรำ
个子,他的个子很高。,He is tall.,เขาตัวสูงมาก
给我发,请给我发短信。,Please send me a text message.,ช่วยส่งข้อความหาฉันหน่อย
根据,根据规定不能抽烟。,"According to the rules, smoking isn't allowed.",ตามกฎแล้วห้ามสูบบุหรี่
跟,我跟他一起去。,I'm going with him.,ฉันไปกับเขา
更,今天比昨天更热。,Today is even hotter than yesterday.,วันนี้ร้อนกว่าเมื่อวานอีก
更好,这个办法更好。,This method is better.,วิธีนี้ดีกว่า
更是,这个季节更是漂亮。,This season is even more beautiful.,ฤดูนี้สวยงามยิ่งขึ้นไปอีก
公斤,这个包三公斤重。,This bag weighs three kilograms.,กระเป๋าใบนี้หนักสามกิโลกรัม
公园,我们在公园散步。,We're taking a walk in the park.,เราเดินเล่นในสวนสาธารณะ
共有,我们班共有三十人。,Our class has thirty people in total.,ห้องเรียนของเรามีทั้งหมดสามสิบคน
刮,外面刮风了。,It's windy outside.,ข้างนอกลมพัดแล้ว
刮风,外面刮风了。,It's windy outside.,ข้างนอกลมพัดแล้ว
关,请关上窗户。,Please close the window.,ช่วยปิดหน้าต่างหน่อย
关灯,睡觉前要关灯。,You should turn off the light before sleeping.,ก่อนนอนต้องปิดไฟ
关上,请把门关上。,Please close the door.,ช่วยปิดประตูหน่อย
关心,老师很关心学生。,The teacher cares a lot about the students.,ครูเอาใจใส่นักเรียนมาก
关于,这是一本关于中国的书。,This is a book about China.,นี่คือหนังสือเกี่ยวกับประเทศจีน
广州市,他住在广州市。,He lives in Guangzhou.,เขาอาศัยอยู่ในเมืองกว่างโจว
国家,中国是一个大国家。,China is a big country.,จีนเป็นประเทศใหญ่
国家图书馆,我常去国家图书馆看书。,I often go to the national library to read.,ฉันมักไปอ่านหนังสือที่หอสมุดแห่งชาติ
国外,他在国外工作。,He works abroad.,เขาทำงานอยู่ต่างประเทศ
果,考试结果很好。,The exam result was good.,ผลสอบออกมาดีมาก
果汁,我喜欢喝果汁。,I like to drink fruit juice.,ฉันชอบดื่มน้ำผลไม้
过节,我们回家过节。,We go home for the festival.,เรากลับบ้านไปฉลองเทศกาล
过来,你过来看看。,Come over and take a look.,คุณมาดูหน่อยสิ
过去,过去他很瘦。,In the past he was thin.,เมื่อก่อนเขาผอมมาก
过生日,今天我过生日。,Today is my birthday.,วันนี้เป็นวันเกิดของฉัน
还给,我把书还给他了。,I returned the book to him.,ฉันคืนหนังสือให้เขาแล้ว
还好,今天天气还好。,The weather is pretty good today.,วันนี้อากาศก็ยังโอเคอยู่
还是,你还是去医院吧。,You'd better go to the hospital.,คุณไปโรงพยาบาลจะดีกว่า
还要,我还要买一些水果。,I also need to buy some fruit.,ฉันยังต้องซื้อผลไม้อีกหน่อย
还有,桌子上还有苹果。,There are still apples on the table.,บนโต๊ะยังมีแอปเปิลอยู่
害怕,我很害怕小狗。,I'm very afraid of dogs.,ฉันกลัวสุนัขมาก
好不好,我们去公园，好不好？,"Let's go to the park, all right?",เราไปสวนสาธารณะกันดีไหม
好极了,这个主意好极了！,This idea is wonderful!,ความคิดนี้ดีสุดยอดเลย
好几百年,这座城市有好几百年历史。,This city has several hundred years of history.,เมืองนี้มีประวัติศาสตร์หลายร้อยปี
好几个,桌子上有好几个苹果。,There are quite a few apples on the table.,บนโต๊ะมีแอปเปิลอยู่หลายลูก
好了吗,你准备好了吗？,Are you ready yet?,คุณเตรียมพร้อมหรือยัง
好听,这首歌很好听。,This song sounds very nice.,เพลงนี้เพราะมาก
喝杯,我们喝杯茶吧。,Let's have a cup of tea.,เราดื่มชากันสักแก้วเถอะ
喝茶,他喜欢喝茶。,He likes to drink tea.,เขาชอบดื่มชา
喝酒,他不喜欢喝酒。,He doesn't like to drink alcohol.,เขาไม่ชอบดื่มเหล้า
喝咖啡,我早上喜欢喝咖啡。,I like to drink coffee in the morning.,ฉันชอบดื่มกาแฟตอนเช้า
喝牛奶,小孩子每天喝牛奶。,Children drink milk every day.,เด็กๆ ดื่มนมทุกวัน
喝啤酒,他晚上喝啤酒。,He drinks beer in the evening.,เขาดื่มเบียร์ตอนกลางคืน
喝水,多喝水对身体好。,Drinking more water is good for your health.,ดื่มน้ำเยอะๆ ดีต่อสุขภาพ
河,这条河很长。,This river is very long.,แม่น้ำสายนี้ยาวมาก
河边,我们在河边散步。,We take a walk by the river.,เราเดินเล่นริมแม่น้ำ
河里,河里有很多鱼。,There are many fish in the river.,ในแม่น้ำมีปลาเยอะมาก
黑板,老师在黑板上写字。,The teacher writes on the blackboard.,ครูเขียนตัวหนังสือบนกระดานดำ
很矮,那个男孩很矮。,That boy is very short.,เด็กผู้ชายคนนั้นตัวเตี้ยมาก
很大,这个房间很大。,This room is very big.,ห้องนี้ใหญ่มาก
很多,公园里有很多花。,There are many flowers in the park.,ในสวนสาธารณะมีดอกไม้เยอะมาก
很多年,他们认识很多年了。,They've known each other for many years.,พวกเขารู้จักกันมาหลายปีแล้ว
很快,他跑得很快。,He runs very fast.,เขาวิ่งเร็วมาก
很慢,这辆车开得很慢。,This car drives very slowly.,รถคันนี้ขับช้ามาก
很胖,那只猫很胖。,That cat is very fat.,แมวตัวนั้นอ้วนมาก
很漂亮,这条裙子很漂亮。,This skirt is very beautiful.,กระโปรงตัวนี้สวยมาก
很少,他很少迟到。,He is rarely late.,เขาแทบไม่เคยมาสายเลย
很瘦,她最近很瘦。,She's been very thin lately.,ช่วงนี้เธอผอมมาก
很小,这只猫很小。,This cat is very small.,แมวตัวนี้ตัวเล็กมาก
很着急,妈妈很着急。,Mom is very anxious.,แม่กังวลใจมาก
红茶,我喜欢喝红茶。,I like drinking black tea.,ฉันชอบดื่มชาดำ
红酒,这瓶红酒很好喝。,This red wine tastes great.,ไวน์แดงขวดนี้อร่อยมาก
红葡萄酒,他喜欢喝红葡萄酒。,He likes drinking red wine.,เขาชอบดื่มไวน์แดง
后来,后来他去了北京。,Afterwards he went to Beijing.,ต่อมาเขาก็ไปปักกิ่ง
护照,出国要带护照。,You need to bring your passport when going abroad.,เวลาไปต่างประเทศต้องพกหนังสือเดินทาง
花,她买了一束花。,She bought a bunch of flowers.,เธอซื้อดอกไม้มาหนึ่งช่อ
花茶,我喜欢喝花茶。,I like to drink scented tea.,ฉันชอบดื่มชาดอกไม้
花儿,花园里的花儿很美。,The flowers in the garden are beautiful.,ดอกไม้ในสวนสวยงามมาก
花园,我们在花园散步。,We are taking a walk in the garden.,เราเดินเล่นในสวน
花园里,孩子们在花园里玩。,The children are playing in the garden.,เด็กๆ เล่นอยู่ในสวน
化,冰化成了水。,The ice turned into water.,น้ำแข็งละลายกลายเป็นน้ำ
画,弟弟喜欢画画。,My little brother likes to draw.,น้องชายชอบวาดรูป
画儿,墙上挂着一张画儿。,A picture hangs on the wall.,มีภาพวาดแขวนอยู่บนผนัง
画画,我喜欢画画。,I like drawing.,ฉันชอบวาดรูป
坏,我的手机坏了。,My phone is broken.,โทรศัพท์ของฉันเสียแล้ว
环境,这里的环境很好。,The environment here is very good.,สภาพแวดล้อมที่นี่ดีมาก
换,我想换一件衣服。,I want to change my clothes.,ฉันอยากเปลี่ยนเสื้อผ้าสักตัว
黄,这朵花是黄色的。,This flower is yellow.,ดอกไม้ดอกนี้เป็นสีเหลือง
黄河,黄河是中国的大河。,The Yellow River is a great river of China.,แม่น้ำฮวงโหเป็นแม่น้ำสายใหญ่ของจีน
回国,他明年回国。,He is returning to his home country next year.,ปีหน้าเขาจะกลับบ้านเกิด
回家,我六点回家。,I go home at six.,ฉันกลับบ้านตอนหกโมง
会上,老师在会上讲话。,The teacher spoke at the meeting.,ครูพูดในที่ประชุม
会议,明天有一个会议。,There's a meeting tomorrow.,พรุ่งนี้มีการประชุม
会议室,会议室里有很多人。,There are many people in the meeting room.,ในห้องประชุมมีคนเยอะมาก
火,厨房里着火了。,There's a fire in the kitchen.,ในครัวไฟไหม้
火车票,我买了一张火车票。,I bought a train ticket.,ฉันซื้อตั๋วรถไฟมาหนึ่งใบ
或者,你可以喝茶或者喝咖啡。,You can drink tea or coffee.,คุณจะดื่มชาหรือดื่มกาแฟก็ได้
机会,这是个好机会。,This is a good opportunity.,นี่เป็นโอกาสที่ดี
机票,我买了机票。,I bought a plane ticket.,ฉันซื้อตั๋วเครื่องบินแล้ว
鸡肉,我喜欢吃鸡肉。,I like eating chicken.,ฉันชอบกินเนื้อไก่
级,他是三年级学生。,He is a third-grade student.,เขาเป็นนักเรียนชั้นปีที่สาม
极了,这个蛋糕好吃极了。,This cake is extremely delicious.,เค้กชิ้นนี้อร่อยสุดๆ
几本书,我买了几本书。,I bought a few books.,ฉันซื้อหนังสือมาหลายเล่ม
几点,现在几点了？,What time is it now?,ตอนนี้กี่โมงแล้ว
几个,桌子上有几个苹果。,There are a few apples on the table.,บนโต๊ะมีแอปเปิลอยู่สองสามลูก
几乎,我几乎忘了他的名字。,I almost forgot his name.,ฉันเกือบลืมชื่อของเขาไปแล้ว
几年,我住了几年了。,I've lived here for a few years.,ฉันอาศัยอยู่ที่นี่มาหลายปีแล้ว
几千年,这座城有几千年历史。,This city has a history of several thousand years.,เมืองนี้มีประวัติศาสตร์นับพันปี
几天,我要在这儿住几天。,I'm going to stay here for a few days.,ฉันจะพักที่นี่สักสองสามวัน
己,他对自己没信心。,He has no confidence in himself.,เขาไม่มั่นใจในตัวเอง
记,请记住我的电话号码。,Please remember my phone number.,จำเบอร์โทรศัพท์ฉันไว้นะ
记错,我记错时间了。,I got the time wrong.,ฉันจำเวลาผิด
记住,请记住我的话。,Please remember what I said.,จำคำพูดฉันไว้นะ
季,一年有四季。,There are four seasons in a year.,หนึ่งปีมีสี่ฤดู
季节,春天是我喜欢的季节。,Spring is my favorite season.,ฤดูใบไม้ผลิเป็นฤดูที่ฉันชอบ
间,房间很干净。,The room is very clean.,ห้องสะอาดมาก
检查,医生给我检查身体。,The doctor examined my body.,หมอตรวจร่างกายให้ฉัน
检查一下,让医生检查一下吧。,Let the doctor check it out.,ให้หมอตรวจดูหน่อยเถอะ
简单,这道题很简单。,This problem is simple.,โจทย์นี้ง่ายมาก
见面,我们明天见面吧。,Let's meet tomorrow.,พรุ่งนี้เราเจอกันนะ
健康,运动对健康很好。,Exercise is good for health.,การออกกำลังกายดีต่อสุขภาพ
讲,老师讲得很清楚。,The teacher explains very clearly.,ครูอธิบายได้ชัดเจนมาก
讲讲,你给我们讲讲吧。,Please tell us a little about it.,เล่าให้พวกเราฟังหน่อยสิ
角,桌子有四个角。,The table has four corners.,โต๊ะมีสี่มุม
脚,我的脚有点疼。,My foot hurts a little.,เท้าของฉันเจ็บนิดหน่อย
脚下,小狗在我脚下睡觉。,The puppy is sleeping at my feet.,ลูกสุนัขนอนอยู่ที่เท้าของฉัน
叫声,我听到狗的叫声。,I heard the dog's bark.,ฉันได้ยินเสียงหมาเห่า
较,这个比较贵。,This one is relatively expensive.,อันนี้ค่อนข้างแพง
教,他信什么教？,What religion does he believe in?,เขานับถือศาสนาอะไร?
接,妈妈去机场接我。,Mom is going to the airport to pick me up.,แม่ไปรับฉันที่สนามบิน
接到,我接到了一个电话。,I received a phone call.,ฉันได้รับโทรศัพท์สายหนึ่ง
接着,他接着讲故事。,He continued telling the story.,เขาเล่าเรื่องต่อไป
街,这条街很热闹。,This street is very lively.,ถนนสายนี้คึกคักมาก
街道,这条街道很热闹。,This street is very lively.,ถนนสายนี้คึกคักมาก
街上,街上有很多人。,There are many people on the street.,บนถนนมีคนเยอะมาก
节目,这个节目很有意思。,This program is very interesting.,รายการนี้น่าสนใจมาก
节目单,请给我一张节目单。,Please give me a program list.,ขอใบรายการหน่อย
节日,春节是中国重要的节日。,Spring Festival is an important Chinese holiday.,ตรุษจีนเป็นเทศกาลสำคัญของจีน
结婚,他们打算明年结婚。,They plan to get married next year.,พวกเขาวางแผนจะแต่งงานกันปีหน้า
结束,比赛已经结束了。,The match has already ended.,การแข่งขันจบลงแล้ว
姐弟,他们是姐弟。,They are older sister and younger brother.,พวกเขาเป็นพี่สาวกับน้องชาย
解,他解开了绳子。,He untied the rope.,เขาแก้เชือกออก
解决,这个问题很难解决。,This problem is hard to solve.,ปัญหานี้แก้ไขได้ยากมาก
解决问题,我们一起解决问题。,Let's solve the problem together.,เรามาแก้ปัญหาด้วยกัน
借,我想跟你借点钱。,I want to borrow some money from you.,ฉันอยากขอยืมเงินคุณสักหน่อย
借给,我把书借给他了。,I lent the book to him.,ฉันให้เขายืมหนังสือไปแล้ว
借回来,他把书借回来了。,He borrowed the book back.,เขายืมหนังสือกลับมาแล้ว
今,从今以后我要努力学习。,"From now on, I will study hard.",ตั้งแต่นี้ไปฉันจะตั้งใจเรียนให้หนัก
今晚,今晚我们一起吃饭。,Let's have dinner together tonight.,คืนนี้เรากินข้าวด้วยกัน
进水,我的鞋子进水了。,My shoes got water in them.,รองเท้าของฉันมีน้ำเข้า
经,我们经过公园。,We pass by the park.,เราเดินผ่านสวนสาธารณะ
经常,他经常迟到。,He is often late.,เขามาสายบ่อยๆ
经过,我每天经过这个公园。,I pass by this park every day.,ฉันเดินผ่านสวนสาธารณะแห่งนี้ทุกวัน
经理,他是我们的经理。,He is our manager.,เขาเป็นผู้จัดการของเรา
久,我等了很久。,I waited for a long time.,ฉันรอมานานมากแล้ว
久远,这段历史很久远。,This history goes back a very long way.,ประวัติศาสตร์ช่วงนี้ผ่านมานานมากแล้ว
酒,他不喜欢喝酒。,He doesn't like drinking alcohol.,เขาไม่ชอบดื่มเหล้า
旧,这件衣服很旧。,This piece of clothing is old.,เสื้อผ้าตัวนี้เก่ามากแล้ว
就让,就让他去吧。,Just let him go.,ปล่อยให้เขาไปเถอะ
就是,这就是我要的答案。,This is exactly the answer I want.,นี่แหละคือคำตอบที่ฉันต้องการ
就要,火车就要到了。,The train will arrive soon.,รถไฟกำลังจะมาถึงแล้ว
举行,学校明天举行比赛。,The school will hold a competition tomorrow.,พรุ่งนี้โรงเรียนจะจัดการแข่งขัน
句,请再说一句。,Please say one more sentence.,พูดอีกสักประโยคหน่อย
句子,这个句子很简单。,This sentence is very simple.,ประโยคนี้ง่ายมาก
决定,我决定去中国。,I've decided to go to China.,ฉันตัดสินใจจะไปจีน
开班,学校开班教汉语。,The school started a class to teach Chinese.,โรงเรียนเปิดชั้นเรียนสอนภาษาจีน
开车,他开车去上班。,He drives to work.,เขาขับรถไปทำงาน
开会,经理正在开会。,The manager is in a meeting.,ผู้จัดการกำลังประชุมอยู่
开了个,他们开了个店。,They opened a shop.,พวกเขาเปิดร้านขึ้นมาร้านหนึ่ง
开门,商店九点开门。,The store opens at nine.,ร้านเปิดตอนเก้าโมง
看不清,我看不清黑板。,I can't see the blackboard clearly.,ฉันมองกระดานดำไม่ชัด
看不清楚,字太小看不清楚。,The text is too small to see clearly.,ตัวหนังสือเล็กเกินไปมองไม่ชัด
看到,我在路上看到他了。,I saw him on the road.,ฉันเห็นเขาระหว่างทาง
看得远,站得高看得远。,Standing higher lets you see farther.,ยืนสูงมองเห็นได้ไกล
看电视,我喜欢看电视。,I like watching TV.,ฉันชอบดูโทรทัศน์
看来,看来要下雨了。,It looks like it's going to rain.,ดูท่าฝนจะตกแล้ว
看起来,他看起来很累。,He looks very tired.,เขาดูเหนื่อยมาก
看清楚,请你看清楚地图。,Please look at the map clearly.,กรุณาดูแผนที่ให้ชัดเจน
看球赛,我们一起看球赛。,Let's watch the ball game together.,เราไปดูการแข่งบอลด้วยกัน
看上去,她看上去很累。,She looks very tired.,เธอดูเหนื่อยมาก
看书,我喜欢在家看书。,I like reading at home.,ฉันชอบอ่านหนังสือที่บ้าน
看一看,让我看一看。,Let me have a look.,ให้ฉันดูหน่อยสิ
考试成绩,他的考试成绩很好。,His exam results are very good.,ผลสอบของเขาดีมาก
可爱,这只小猫真可爱。,This little cat is really cute.,แมวตัวน้อยตัวนี้น่ารักจริงๆ
渴,我很渴，想喝水。,I'm very thirsty and want to drink water.,ฉันกระหายน้ำมาก อยากดื่มน้ำ
客人,家里来了很多客人。,Many guests came to the house.,ที่บ้านมีแขกมาเยอะมาก
空调,房间里有空调。,There's air conditioning in the room.,ในห้องมีเครื่องปรับอากาศ
口渴,我现在很口渴。,I'm very thirsty right now.,ตอนนี้ฉันกระหายน้ำมาก
哭,妹妹一个人在哭。,My little sister is crying alone.,น้องสาวร้องไห้อยู่คนเดียว
裤子,这条裤子太长了。,These pants are too long.,กางเกงตัวนี้ยาวเกินไป
块钱,这本书十块钱。,This book costs ten yuan.,หนังสือเล่มนี้ราคาสิบหยวน
快点儿,你快点儿走。,Hurry up and go.,คุณรีบไปเร็วๆ หน่อย
快好了,晚饭快好了。,Dinner is almost ready.,อาหารเย็นใกล้เสร็จแล้ว
筷子,我用筷子吃饭。,I eat with chopsticks.,ฉันใช้ตะเกียบกินข้าว
来说,对我来说很难。,It's hard for me.,สำหรับฉันแล้วมันยากมาก
蓝,她喜欢蓝色。,She likes blue.,เธอชอบสีฟ้า
蓝色,天空是蓝色的。,The sky is blue.,ท้องฟ้าเป็นสีฟ้า
蓝天,外面是蓝天白云。,"Outside, it's blue sky and white clouds.",ข้างนอกท้องฟ้าสีฟ้าและมีเมฆขาว
老,他家的猫很老了。,His family's cat is very old.,แมวที่บ้านเขาแก่มากแล้ว
老房子,这是一座老房子。,This is an old house.,นี่คือบ้านหลังเก่า
老歌,妈妈喜欢听老歌。,Mom likes listening to old songs.,แม่ชอบฟังเพลงเก่าๆ
老话,这是一句老话。,This is an old saying.,นี่เป็นคำพูดโบราณ
老李,老李是我的邻居。,Old Li is my neighbor.,เหลาหลี่เป็นเพื่อนบ้านของฉัน
老年人,公园里有很多老年人。,There are many elderly people in the park.,ในสวนสาธารณะมีผู้สูงอายุเยอะมาก
老朋友,他是我的老朋友。,He is my old friend.,เขาเป็นเพื่อนเก่าของฉัน
老人,公园里有很多老人。,There are many elderly people in the park.,ในสวนสาธารณะมีผู้สูงอายุเยอะมาก
老王,老王是我同事。,Old Wang is my colleague.,เหลาหวังเป็นเพื่อนร่วมงานของฉัน
乐,他今天很快乐。,He is very happy today.,วันนี้เขามีความสุขมาก
了解,我想了解你。,I want to get to know you.,ฉันอยากทำความรู้จักคุณ
累坏,今天真是累坏了。,I'm really exhausted today.,วันนี้เหนื่อยมากจริงๆ
离开,他明天要离开北京。,He is leaving Beijing tomorrow.,พรุ่งนี้เขาจะออกจากปักกิ่ง
礼物,这是给你的生日礼物。,This is a birthday present for you.,นี่คือของขวัญวันเกิดสำหรับคุณ
李经理,李经理在开会。,Manager Li is in a meeting.,ผู้จัดการหลี่กำลังประชุมอยู่
李先生,李先生是我的老师。,Mr. Li is my teacher.,คุณหลี่เป็นครูของฉัน
李小姐,李小姐是老师。,Miss Li is a teacher.,คุณหลี่เป็นครู
历史,我喜欢历史课。,I like history class.,ฉันชอบวิชาประวัติศาสตร์
脸,他的脸很红。,His face is very red.,หน้าของเขาแดงมาก
脸色,你今天脸色不好。,You don't look well today.,วันนี้สีหน้าคุณดูไม่ดีเลย
练,我每天练汉字。,I practice Chinese characters every day.,ฉันฝึกเขียนตัวอักษรจีนทุกวัน
练习,我每天练习汉语。,I practice Chinese every day.,ฉันฝึกภาษาจีนทุกวัน
练习题,老师给了很多练习题。,The teacher gave a lot of practice questions.,ครูให้แบบฝึกหัดมาเยอะมาก
两包,他买了两包烟。,He bought two packs of cigarettes.,เขาซื้อบุหรี่มาสองซอง
两边,路的两边都是树。,There are trees on both sides of the road.,สองข้างถนนเต็มไปด้วยต้นไม้
两层,这座房子有两层。,This house has two floors.,บ้านหลังนี้มีสองชั้น
两点,现在是两点。,It's two o'clock now.,ตอนนี้สองโมงแล้ว
两个,我要两个苹果。,I want two apples.,ฉันต้องการแอปเปิลสองลูก
两辆车,他家有两辆车。,His family has two cars.,บ้านเขามีรถสองคัน
两年,他学了两年英语。,He studied English for two years.,เขาเรียนภาษาอังกฤษมาสองปี
两三,我有两三个朋友。,I have two or three friends.,ฉันมีเพื่อนสองสามคน
两天,我休息了两天。,I rested for two days.,ฉันพักผ่อนไปสองวัน
两万人,这座城市有两万人。,This city has twenty thousand people.,เมืองนี้มีประชากรสองหมื่นคน
两只,她养了两只猫。,She keeps two cats.,เธอเลี้ยงแมวสองตัว
亮,房间里很亮。,The room is very bright.,ในห้องสว่างมาก
辆,他买了一辆车。,He bought a car.,เขาซื้อรถมาหนึ่งคัน
辆车,他买了一辆车。,He bought a car.,เขาซื้อรถมาหนึ่งคัน
聊聊天,我们聊聊天吧。,Let's chat for a bit.,เรามาคุยกันหน่อยเถอะ
聊天儿,我们喜欢聊天儿。,We like chatting.,เราชอบคุยกัน
邻居,他是我的邻居。,He is my neighbor.,เขาเป็นเพื่อนบ้านของฉัน
零钱,我没有零钱了。,I don't have any small change.,ฉันไม่มีเศษเงินแล้ว
留学,她去美国留学。,She went to study abroad in the US.,เธอไปเรียนต่อที่อเมริกา
留学生,他是一名留学生。,He is an international student.,เขาเป็นนักเรียนต่างชาติ
楼梯,小心楼梯很滑。,"Be careful, the stairs are slippery.",ระวังบันไดลื่นนะ
楼下,他在楼下等你。,He's waiting for you downstairs.,เขารออยู่ชั้นล่าง
绿,树叶是绿色的。,The leaves are green.,ใบไม้เป็นสีเขียว
绿草,公园里有绿草。,There is green grass in the park.,ในสวนสาธารณะมีหญ้าเขียว
绿茶,我每天喝绿茶。,I drink green tea every day.,ฉันดื่มชาเขียวทุกวัน
绿色,我喜欢绿色的衣服。,I like green clothes.,ฉันชอบเสื้อผ้าสีเขียว
妈,妈，我回来了。,"Mom, I'm home.",แม่ ฉันกลับมาแล้ว
马,他骑着一匹马。,He is riding a horse.,เขาขี่ม้าอยู่
马上,我马上就到。,I'll be there right away.,ฉันจะไปถึงเดี๋ยวนี้
买车,他打算买车。,He plans to buy a car.,เขาวางแผนจะซื้อรถ
买点儿,我去买点儿水果。,I'm going to buy some fruit.,ฉันจะไปซื้อผลไม้สักหน่อย
买卖,他做买卖多年了。,He has been in business for many years.,เขาทำธุรกิจค้าขายมาหลายปีแล้ว
买票,我们去买票吧。,Let's go buy tickets.,เราไปซื้อตั๋วกันเถอะ
卖房子,他打算卖房子。,He plans to sell his house.,เขาวางแผนจะขายบ้าน
满意,老师对我很满意。,The teacher is very satisfied with me.,ครูพอใจในตัวฉันมาก
慢点儿,你说话慢点儿。,Speak a bit slower.,คุณพูดช้าลงหน่อย
慢慢,请你慢慢说。,Please speak slowly.,กรุณาพูดช้าๆ
慢慢来,别着急，慢慢来。,"Don't rush, take your time.",อย่ารีบร้อน ค่อยๆ ทำ
忙不过来,我最近忙不过来。,I've had more than I can handle lately.,ช่วงนี้ฉันยุ่งจนทำไม่ทัน
帽子,他戴着一顶红帽子。,He is wearing a red hat.,เขาสวมหมวกสีแดง
没人接,电话没人接。,No one answered the phone.,ไม่มีใครรับโทรศัพท์
没什么,没什么好担心的。,There's nothing to worry about.,ไม่มีอะไรต้องกังวล
没事,这真的没事。,This really doesn't matter.,เรื่องนี้ไม่เป็นไรจริงๆ
没想到,我没想到他会来。,I didn't expect him to come.,ฉันไม่คิดว่าเขาจะมา
每次,每次见面都很开心。,I'm happy every time we meet.,ทุกครั้งที่เจอกันมีความสุขเสมอ
每个,每个人都来了。,Everyone came.,ทุกคนมากันหมดแล้ว
每年,我们每年都去旅行。,We travel every year.,เราไปเที่ยวทุกปี
每天,我每天都跑步。,I run every day.,ฉันวิ่งออกกำลังกายทุกวัน
每天晚上,我每天晚上看书。,I read books every evening.,ฉันอ่านหนังสือทุกคืน
门口,他在门口等我。,He is waiting for me at the doorway.,เขารอฉันอยู่ที่ประตู
门票,门票多少钱？,How much is the ticket?,ตั๋วเข้าราคาเท่าไหร่?
门前,门前有一棵树。,There's a tree in front of the door.,หน้าประตูมีต้นไม้อยู่ต้นหนึ่ง
米,这张桌子长两米。,This table is two meters long.,โต๊ะตัวนี้ยาวสองเมตร
面包,我早饭吃面包。,I eat bread for breakfast.,ฉันกินขนมปังเป็นอาหารเช้า
面前,老师站在我们面前。,The teacher stands in front of us.,ครูยืนอยู่ตรงหน้าเรา
面试,明天我要去面试。,Tomorrow I have a job interview.,พรุ่งนี้ฉันต้องไปสัมภาษณ์งาน
名单,老师有学生名单。,The teacher has a list of students' names.,ครูมีรายชื่อนักเรียน
名人,他是一位名人。,He is a celebrity.,เขาเป็นคนดัง
明,星星很明亮。,The stars are very bright.,ดวงดาวสว่างไสวมาก
明白,我明白你的意思。,I understand what you mean.,ฉันเข้าใจสิ่งที่คุณหมายถึง
目,她的目光很温柔。,Her gaze is very gentle.,สายตาของเธออ่อนโยนมาก
拿,请帮我拿一下书。,Please help me get the book.,ช่วยหยิบหนังสือให้ฉันหน่อย
拿出,他从包里拿出书。,He took a book out of his bag.,เขาหยิบหนังสือออกมาจากกระเป๋า
拿回去,请把这些拿回去。,Please take these back.,กรุณาเอาสิ่งเหล่านี้กลับไปด้วย
哪些,你喜欢哪些水果？,Which fruits do you like?,คุณชอบผลไม้ชนิดไหนบ้าง?
那本书,那本书很有意思。,That book is very interesting.,หนังสือเล่มนั้นน่าสนใจมาก
那件事,那件事我知道了。,I know about that matter.,เรื่องนั้นฉันรู้แล้ว
那里,我们去那里看看。,Let's go take a look there.,เราไปดูที่นั่นกันเถอะ
那么,天气怎么那么冷？,Why is the weather so cold?,ทำไมอากาศถึงหนาวขนาดนั้น?
那时,那时我还很小。,I was still very young then.,ตอนนั้นฉันยังเด็กมาก
那双,那双鞋是我的。,That pair of shoes is mine.,รองเท้าคู่นั้นเป็นของฉัน
那天,那天我很高兴。,I was very happy that day.,วันนั้นฉันมีความสุขมาก
那条,那条河很长。,That river is very long.,แม่น้ำสายนั้นยาวมาก
那位,那位老师很好。,That teacher is very good.,ครูท่านนั้นดีมาก
那种,我不喜欢那种颜色。,I don't like that kind of color.,ฉันไม่ชอบสีแบบนั้น
奶奶,奶奶今年七十岁了。,Grandma is seventy years old this year.,ปีนี้คุณยายอายุเจ็ดสิบปีแล้ว
南,他从南边来。,He came from the south.,เขามาจากทางใต้
南方,我家在南方。,My home is in the south.,บ้านฉันอยู่ทางภาคใต้
南京,我去过南京。,I have been to Nanjing.,ฉันเคยไปหนานจิงมาแล้ว
南京旅游,我们去南京旅游。,We went to Nanjing for a trip.,เราไปเที่ยวหนานจิง
难,这个问题很难。,This question is very difficult.,คำถามนี้ยากมาก
难过,听到这个消息她很难过。,She felt very sad when she heard the news.,พอได้ยินข่าวนี้เธอเสียใจมาก
难忘,那是难忘的一天。,That was an unforgettable day.,วันนั้นเป็นวันที่ลืมไม่ลง
你好,他对我说你好。,He said hello to me.,เขาทักทายฉันว่าสวัสดี
你家,你家在哪儿？,Where is your home?,บ้านคุณอยู่ที่ไหน?
年级,他是三年级学生。,He is a third-grade student.,เขาเป็นนักเรียนชั้นปีที่สาม
年票,我买了一张年票。,I bought an annual pass.,ฉันซื้อบัตรผ่านรายปีมาหนึ่งใบ
年轻,她看起来很年轻。,She looks very young.,เธอดูอ่อนเยาว์มาก
年轻人,很多年轻人喜欢跑步。,Many young people like running.,คนหนุ่มสาวหลายคนชอบวิ่ง
鸟,树上有一只鸟。,There is a bird in the tree.,บนต้นไม้มีนกอยู่ตัวหนึ่ง
您好,您好，请问怎么走？,"Hello, excuse me, how do I get there?",สวัสดี ขอถามหน่อยไปทางไหน?
努力,他学习很努力。,He studies very hard.,เขาตั้งใจเรียนมาก
爬,他喜欢爬山。,He likes climbing mountains.,เขาชอบปีนเขา
爬山,周末我们去爬山。,We're going hiking this weekend.,สุดสัปดาห์นี้เราจะไปปีนเขา
怕,小孩子怕黑。,The child is afraid of the dark.,เด็กๆ กลัวความมืด
盘子,桌子上有一个盘子。,There is a plate on the table.,บนโต๊ะมีจานอยู่ใบหนึ่ง
胖,他比以前胖了。,He is fatter than before.,เขาอ้วนขึ้นกว่าเมื่อก่อน
跑跑步,我们去跑跑步吧。,Let's go for a run.,เราไปวิ่งออกกำลังกายกันเถอะ
朋友家,我在朋友家吃饭。,I'm eating at my friend's house.,ฉันกินข้าวที่บ้านเพื่อน
皮鞋,他买了新皮鞋。,He bought new leather shoes.,เขาซื้อรองเท้าหนังคู่ใหม่
啤酒,爸爸喜欢喝啤酒。,Dad likes to drink beer.,พ่อชอบดื่มเบียร์
啤酒节,我们去参加啤酒节。,We're going to the Beer Festival.,เราจะไปร่วมงานเทศกาลเบียร์
苹,我想吃一个苹果。,I want to eat an apple.,ฉันอยากกินแอปเปิลสักลูก
苹果汁,他喜欢喝苹果汁。,He likes to drink apple juice.,เขาชอบดื่มน้ำแอปเปิล
瓶,桌上有一瓶水。,There's a bottle of water on the table.,บนโต๊ะมีน้ำอยู่หนึ่งขวด
葡萄,我喜欢吃葡萄。,I like eating grapes.,ฉันชอบกินองุ่น
普通,他是一个普通人。,He is an ordinary person.,เขาเป็นคนธรรมดา
普通话,他普通话说得很好。,He speaks Mandarin very well.,เขาพูดภาษาจีนกลางได้ดีมาก
七八年,他学了七八年汉语。,He has studied Chinese for seven or eight years.,เขาเรียนภาษาจีนมาเจ็ดแปดปี
七个,桌上有七个苹果。,There are seven apples on the table.,บนโต๊ะมีแอปเปิลเจ็ดลูก
其实,其实我不喜欢咖啡。,"Actually, I don't like coffee.",จริงๆ แล้วฉันไม่ชอบกาแฟ
其他,我没有其他问题了。,I don't have any other questions.,ฉันไม่มีคำถามอื่นแล้ว
奇怪,这件事很奇怪。,This matter is very strange.,เรื่องนี้แปลกมาก
骑,他每天骑车上班。,He rides a bike to work every day.,เขาปั่นจักรยานไปทำงานทุกวัน
骑车,我每天骑车上班。,I ride a bike to work every day.,ฉันปั่นจักรยานไปทำงานทุกวัน
骑马,我们在草原上骑马。,We rode horses on the grassland.,เราขี่ม้าบนทุ่งหญ้า
起飞,飞机马上要起飞了。,The plane is about to take off.,เครื่องบินกำลังจะบินขึ้นแล้ว
起风,外面起风了。,It's getting windy outside.,ข้างนอกลมเริ่มพัดแล้ว
千种,这里有千种商品。,There are a thousand kinds of goods here.,ที่นี่มีสินค้านับพันชนิด
铅笔画,这是一张铅笔画。,This is a pencil drawing.,นี่คือภาพวาดดินสอ
前来,他前来看我们。,He came to see us.,เขามาเยี่ยมเรา
前两天,前两天下雨了。,It rained a couple of days ago.,เมื่อสองวันก่อนฝนตก
前年,我前年去过中国。,I went to China the year before last.,ฉันเคยไปจีนเมื่อสองปีก่อน
钱包,我的钱包丢了。,I lost my wallet.,กระเป๋าเงินของฉันหายไป
清楚,老师说得很清楚。,The teacher explained very clearly.,ครูพูดได้ชัดเจนมาก
请假,他今天请假了。,He took a day off today.,วันนี้เขาลาหยุด
请问,请问洗手间在哪儿？,"Excuse me, where is the restroom?",ขอถามหน่อยห้องน้ำอยู่ที่ไหน?
秋季,秋季的树叶很漂亮。,The autumn leaves are very beautiful.,ใบไม้ในฤดูใบไม้ร่วงสวยงามมาก
秋天,秋天的天气很凉快。,The weather in autumn is nice and cool.,อากาศฤดูใบไม้ร่วงเย็นสบายมาก
裙子,她穿了一条新裙子。,She wore a new skirt.,เธอใส่กระโปรงตัวใหม่
然后,先吃饭然后睡觉。,"Eat first, then go to sleep.",กินข้าวก่อนแล้วค่อยไปนอน
热茶,冬天喝热茶很舒服。,Drinking hot tea in winter feels great.,ดื่มชาร้อนในหน้าหนาวสบายมาก
热情,服务员对客人很热情。,The waiter is very warm to guests.,พนักงานเสิร์ฟดูแลลูกค้าอย่างอบอุ่น
热水,请给我一杯热水。,Please give me a cup of hot water.,ขอน้ำร้อนหนึ่งแก้ว
认,我认识他很多年了。,I've known him for many years.,ฉันรู้จักเขามาหลายปีแล้ว
认出来,我一眼就认出来了。,I recognized him at a glance.,ฉันจำเขาได้ทันทีที่เห็น
认为,我认为这个办法很好。,I think this method is good.,ฉันคิดว่าวิธีนี้ดี
认真,他学习很认真。,He studies very diligently.,เขาเรียนอย่างตั้งใจมาก
认真完成,他认真完成了作业。,He carefully finished his homework.,เขาทำการบ้านเสร็จอย่างตั้งใจ
认真做事,他认真做事。,He works conscientiously.,เขาทำงานอย่างตั้งใจ
容易,这个问题很容易。,This problem is easy.,คำถามนี้ง่ายมาก
如果,如果下雨我们就不去。,"If it rains, we won't go.",ถ้าฝนตกเราจะไม่ไป
三点,现在是三点。,It's three o'clock now.,ตอนนี้สามโมงแล้ว
三分钟,请等我三分钟。,Please wait three minutes for me.,กรุณารอฉันสามนาที
三个,我买了三个苹果。,I bought three apples.,ฉันซื้อแอปเปิลมาสามลูก
伞,下雨了，请带伞。,"It's raining, please bring an umbrella.",ฝนตกแล้ว กรุณาพกร่มไปด้วย
色,我喜欢红色。,I like the color red.,ฉันชอบสีแดง
山,那座山很高。,That mountain is very tall.,ภูเขาลูกนั้นสูงมาก
山路,这条山路很难走。,This mountain road is hard to walk.,ทางขึ้นเขาสายนี้เดินยากมาก
山上,山上有很多树。,There are many trees on the mountain.,บนภูเขามีต้นไม้เยอะมาก
商场,我们去商场买衣服。,We went to the mall to buy clothes.,เราไปห้างสรรพสินค้าเพื่อซื้อเสื้อผ้า
上边,书在桌子上边。,The book is on top of the table.,หนังสืออยู่บนโต๊ะ
上次,上次我们去了公园。,Last time we went to the park.,ครั้งก่อนเราไปสวนสาธารณะ
上个星期,上个星期我很忙。,Last week I was very busy.,สัปดาห์ที่แล้วฉันยุ่งมาก
上个月,上个月我去了上海。,Last month I went to Shanghai.,เดือนที่แล้วฉันไปเซี่ยงไฮ้
上楼,请跟我上楼吧。,Please come upstairs with me.,กรุณาขึ้นชั้นบนไปกับฉัน
上网,我每天上网学习。,I go online to study every day.,ฉันเข้าอินเทอร์เน็ตเรียนหนังสือทุกวัน
上下,他五十岁上下。,He is about fifty years old.,เขาอายุประมาณห้าสิบปี
上一年,上一年他去了美国。,Last year he went to America.,ปีที่แล้วเขาไปอเมริกา
上周末,上周末我在家休息。,Last weekend I rested at home.,สุดสัปดาห์ที่แล้วฉันพักผ่อนอยู่บ้าน
少见,这种情况很少见。,This kind of situation is rare.,สถานการณ์แบบนี้พบได้น้อยมาก
身,他身体很好。,He is in good health.,เขาสุขภาพดีมาก
什么样,你想要什么样的手机？,What kind of phone do you want?,คุณอยากได้โทรศัพท์แบบไหน?
生气,你别再生气了。,Don't be angry anymore.,คุณอย่าโกรธอีกเลย
生日礼物,这是我的生日礼物。,This is my birthday present.,นี่คือของขวัญวันเกิดของฉัน
声音,她的声音很好听。,Her voice sounds very nice.,เสียงของเธอไพเราะมาก
师生,师生们一起吃饭。,The teachers and students eat together.,ครูและนักเรียนกินข้าวด้วยกัน
十年,他们结婚十年了。,They have been married for ten years.,พวกเขาแต่งงานกันมาสิบปีแล้ว
十五,我今年十五岁。,I am fifteen years old this year.,ปีนี้ฉันอายุสิบห้าปี
使,这个消息使她很高兴。,This news made her very happy.,ข่าวนี้ทำให้เธอดีใจมาก
世界,我想去看看世界。,I want to go see the world.,ฉันอยากไปดูโลกกว้าง
市,这是一座大城市。,This is a big city.,นี่คือเมืองใหญ่แห่งหนึ่ง
事后,事后他很后悔。,"Afterwards, he regretted it a lot.",หลังจากนั้นเขาก็เสียใจมาก
试试,你可以试试。,You can give it a try.,คุณลองดูก็ได้
是不是,你是不是学生？,Are you a student or not?,คุณเป็นนักเรียนใช่ไหม?
是因为,他迟到是因为堵车。,He was late because of traffic.,เขามาสายเพราะรถติด
手,他举起了手。,He raised his hand.,เขายกมือขึ้น
手中,他手中拿着一本书。,He is holding a book in his hand.,เขาถือหนังสืออยู่ในมือ
瘦,她最近瘦了很多。,She has gotten a lot thinner recently.,ช่วงนี้เธอผอมลงไปเยอะ
书本,学生要爱护书本。,Students should take good care of their books.,นักเรียนต้องรักษาหนังสือให้ดี
书桌下,猫躲在书桌下。,The cat is hiding under the desk.,แมวหลบอยู่ใต้โต๊ะเขียนหนังสือ
叔叔,叔叔在北京工作。,Uncle works in Beijing.,ลุงทำงานอยู่ที่ปักกิ่ง
舒服,这张床很舒服。,This bed is very comfortable.,เตียงนี้นอนสบายมาก
树,门前有一棵大树。,There is a big tree in front of the door.,หน้าประตูมีต้นไม้ใหญ่อยู่ต้นหนึ่ง
树上,树上有很多鸟。,There are many birds in the tree.,บนต้นไม้มีนกเยอะมาก
数学,我的数学成绩不错。,My math grades are pretty good.,คะแนนคณิตศาสตร์ของฉันค่อนข้างดี
数学课,我们下午有数学课。,We have math class this afternoon.,ตอนบ่ายเรามีวิชาคณิตศาสตร์
数学题,这道数学题很难。,This math problem is very hard.,โจทย์คณิตศาสตร์ข้อนี้ยากมาก
刷,他每天刷牙两次。,He brushes his teeth twice a day.,เขาแปรงฟันวันละสองครั้ง
刷牙,睡觉前要刷牙。,You should brush your teeth before bed.,ก่อนนอนต้องแปรงฟัน
双,我有一双新鞋。,I have a new pair of shoes.,ฉันมีรองเท้าคู่ใหม่
水平,他的汉语水平很高。,His Chinese level is very high.,ระดับภาษาจีนของเขาสูงมาก
睡着,孩子已经睡着了。,The child has already fallen asleep.,เด็กหลับไปแล้ว
司,他在一家公司工作。,He works at a company.,เขาทำงานอยู่ที่บริษัทแห่งหนึ่ง
司机,我爸爸是司机。,My dad is a driver.,พ่อของฉันเป็นคนขับรถ
送到,快递已经送到了。,The package has already been delivered.,พัสดุมาถึงแล้ว
送给,我把礼物送给她。,I gave the gift to her.,ฉันมอบของขวัญให้เธอ
送礼物,我要送礼物给她。,I want to give her a gift.,ฉันจะให้ของขวัญเธอ
他家,他家离学校很近。,His home is close to the school.,บ้านเขาอยู่ใกล้โรงเรียนมาก
它们,我有两只猫，它们很可爱。,I have two cats; they are very cute.,ฉันมีแมวสองตัว พวกมันน่ารักมาก
她家,她家离学校很近。,Her home is close to school.,บ้านเธออยู่ใกล้โรงเรียนมาก
太饱,我吃得太饱了。,I ate too much and I'm too full.,ฉันกินอิ่มเกินไป
太短,这条裤子太短了。,These pants are too short.,กางเกงตัวนี้สั้นเกินไป
太好了,太好了，我们赢了！,"Great, we won!",เยี่ยมเลย เราชนะแล้ว!
太旧,这辆车太旧了。,This car is too old.,รถคันนี้เก่าเกินไปแล้ว
太胖,他觉得自己太胖了。,He thinks he's too fat.,เขารู้สึกว่าตัวเองอ้วนเกินไป
太小,这件衣服太小了。,This piece of clothing is too small.,เสื้อผ้าตัวนี้เล็กเกินไป
太阳,今天太阳很大。,The sun is very strong today.,วันนี้แดดแรงมาก
太阳镜,他戴着太阳镜。,He's wearing sunglasses.,เขาสวมแว่นกันแดด
糖,孩子喜欢吃糖。,Children like eating sweets.,เด็กๆ ชอบกินขนมหวาน
特,这个礼物很特别。,This gift is very special.,ของขวัญชิ้นนี้พิเศษมาก
特别,这道菜特别好吃。,This dish is especially delicious.,อาหารจานนี้อร่อยเป็นพิเศษ
疼,我的头很疼。,My head hurts a lot.,หัวของฉันปวดมาก
踢足球,他每天下午踢足球。,He plays football every afternoon.,เขาเล่นฟุตบอลทุกบ่าย
提高,他想提高汉语水平。,He wants to improve his Chinese level.,เขาอยากพัฒนาระดับภาษาจีนของตัวเอง
体,他的身体很好。,His health is very good.,สุขภาพของเขาดีมาก
体育,我喜欢体育课。,I like PE class.,ฉันชอบวิชาพลศึกษา
体育馆,我们在体育馆打球。,We play ball at the gym.,เราเล่นบอลกันในโรงยิม
体育新闻,我喜欢看体育新闻。,I like watching sports news.,ฉันชอบดูข่าวกีฬา
天冷,天冷了，要穿外套。,"It's cold now, you should wear a coat.",อากาศหนาวแล้ว ต้องใส่เสื้อคลุม
天阴,天阴了，好像要下雨。,"The sky is overcast, it looks like it will rain.",ท้องฟ้าครึ้ม ดูเหมือนฝนจะตก
甜,这个西瓜很甜。,This watermelon is very sweet.,แตงโมลูกนี้หวานมาก
条,我买了一条鱼。,I bought a fish.,ฉันซื้อปลามาหนึ่งตัว
听懂,我听懂了老师的话。,I understood what the teacher said.,ฉันฟังที่ครูพูดเข้าใจแล้ว
听歌,我喜欢听歌。,I like listening to music.,ฉันชอบฟังเพลง
同事,他是我的同事。,He is my colleague.,เขาเป็นเพื่อนร่วมงานของฉัน
同一个,我们在同一个班。,We are in the same class.,เราอยู่ห้องเดียวกัน
同意,我同意你的看法。,I agree with your opinion.,ฉันเห็นด้วยกับความคิดเห็นของคุณ
头发,她的头发很长。,Her hair is very long.,ผมของเธอยาวมาก
突然,天突然下雨了。,It suddenly started to rain.,ฝนตกลงมาอย่างกะทันหัน
图书馆,我们去图书馆看书。,Let's go to the library to read.,เราไปอ่านหนังสือที่ห้องสมุด
腿,他的腿很疼。,His leg hurts a lot.,ขาของเขาปวดมาก
腿脚,奶奶的腿脚还很好。,Grandma's legs are still strong.,ขาของคุณยายยังแข็งแรงดีอยู่
腿疼,我腿疼，不想走路。,"My leg hurts, I don't want to walk.",ขาฉันปวด ไม่อยากเดิน
外,猫在门外叫。,The cat is meowing outside the door.,แมวร้องอยู่นอกประตู
完成,他已经完成作业了。,He has already finished his homework.,เขาทำการบ้านเสร็จแล้ว
玩,孩子们在公园玩。,The children are playing in the park.,เด็กๆ เล่นอยู่ในสวนสาธารณะ
碗,桌子上有一个碗。,There is a bowl on the table.,บนโต๊ะมีชามอยู่ใบหนึ่ง
碗筷,妈妈在洗碗筷。,Mom is washing the bowls and chopsticks.,แม่กำลังล้างชามและตะเกียบ
万,这座城市有一万人。,This city has ten thousand people.,เมืองนี้มีประชากรหนึ่งหมื่นคน
万年前,这是万年前的石头。,This is a stone from ten thousand years ago.,นี่คือหินจากหมื่นปีก่อน
王经理,王经理在开会。,Manager Wang is in a meeting.,ผู้จัดการหวังกำลังประชุมอยู่
王小姐,王小姐是我朋友。,Miss Wang is my friend.,คุณหวังเป็นเพื่อนของฉัน
网上,我在网上买东西。,I buy things online.,ฉันซื้อของทางอินเทอร์เน็ต
忘,我忘了他的名字。,I forgot his name.,ฉันลืมชื่อของเขาไปแล้ว
忘带,我忘带手机了。,I forgot to bring my phone.,ฉันลืมเอาโทรศัพท์มา
忘记,我忘记他的名字了。,I forgot his name.,ฉันลืมชื่อของเขาไปแล้ว
为了,为了健康他每天跑步。,"For the sake of his health, he runs every day.",เพื่อสุขภาพเขาวิ่งออกกำลังกายทุกวัน
为什么,你为什么不高兴？,Why are you unhappy?,ทำไมคุณถึงไม่มีความสุข?
位,这个位置很好。,This location is quite good.,ตำแหน่งนี้ดีมาก
文,他每天学中文。,He studies Chinese every day.,เขาเรียนภาษาจีนทุกวัน
文化,我喜欢中国文化。,I like Chinese culture.,ฉันชอบวัฒนธรรมจีน
文化节,学校举办文化节。,The school is holding a culture festival.,โรงเรียนจัดงานเทศกาลวัฒนธรรม
闻,我闻到了花香。,I smelled the fragrance of flowers.,ฉันได้กลิ่นหอมของดอกไม้
问路,他向我问路。,He asked me for directions.,เขาถามทางฉัน
我家,我家离学校很近。,My home is close to the school.,บ้านฉันอยู่ใกล้โรงเรียนมาก
五颜六色,花园里的花五颜六色。,The flowers in the garden are multicolored.,ดอกไม้ในสวนมีสีสันหลากหลาย
舞,她跳舞跳得很好。,She dances very well.,เธอเต้นรำได้เก่งมาก
西,太阳从西边落下。,The sun sets in the west.,พระอาทิตย์ตกทางทิศตะวันตก
西边,太阳从西边落下。,The sun sets in the west.,พระอาทิตย์ตกทางทิศตะวันตก
习惯,我习惯早起。,I'm used to getting up early.,ฉันเคยชินกับการตื่นเช้า
洗过澡,我已经洗过澡了。,I've already taken a shower.,ฉันอาบน้ำเสร็จแล้ว
洗脸,我起床后洗脸。,I wash my face after getting up.,ฉันล้างหน้าหลังตื่นนอน
洗手间,洗手间在哪里？,Where is the restroom?,ห้องน้ำอยู่ที่ไหน?
洗完,他洗完衣服了。,He finished washing the clothes.,เขาซักเสื้อผ้าเสร็จแล้ว
洗碗,我每天洗碗。,I wash the dishes every day.,ฉันล้างจานทุกวัน
洗洗,你去洗洗手吧。,Go wash your hands a bit.,ไปล้างมือหน่อยสิ
洗澡,我每天洗澡。,I take a shower every day.,ฉันอาบน้ำทุกวัน
系,他是中文系的学生。,He is a student in the Chinese department.,เขาเป็นนักศึกษาคณะภาษาจีน
下层,我们住在下层。,We live on the lower floor.,เราอาศัยอยู่ชั้นล่าง
下次,下次我们一起去。,Let's go together next time.,ครั้งหน้าเราไปด้วยกัน
下个星期,下个星期我要出差。,Next week I have a business trip.,สัปดาห์หน้าฉันต้องไปทำงานต่างจังหวัด
下来,请你下来吃饭。,Please come down and eat.,เชิญลงมากินข้าว
下去,请你先下去吧。,Please go down first.,เชิญคุณลงไปก่อนเถอะ
下山,我们准备下山了。,We are about to go down the mountain.,เราเตรียมตัวจะลงจากเขาแล้ว
下星期,下星期我要考试。,Next week I have an exam.,สัปดาห์หน้าฉันต้องสอบ
下周,下周我们见面吧。,Let's meet next week.,สัปดาห์หน้าเราเจอกันนะ
夏季,夏季游客很多。,There are many tourists in summer.,ฤดูร้อนมีนักท่องเที่ยวเยอะมาก
夏天,夏天天气很热。,Summer weather is very hot.,อากาศฤดูร้อนร้อนมาก
先进,这个技术很先进。,This technology is advanced.,เทคโนโลยีนี้ล้ำสมัยมาก
鲜花,他送了我一束鲜花。,He gave me a bouquet of fresh flowers.,เขามอบดอกไม้สดให้ฉันหนึ่งช่อ
现,他现在很忙。,He is very busy now.,ตอนนี้เขายุ่งมาก
相机,他的相机很贵。,His camera is very expensive.,กล้องของเขาราคาแพงมาก
相同,我们的想法相同。,Our ideas are the same.,ความคิดของเราเหมือนกัน
相信,我完全相信你。,I completely believe you.,ฉันเชื่อคุณอย่างเต็มที่
香蕉,我早上吃了一根香蕉。,I ate a banana this morning.,เช้านี้ฉันกินกล้วยไปหนึ่งลูก
想不起来,我想不起来他的名字。,I can't remember his name.,ฉันนึกชื่อของเขาไม่ออก
想起,我突然想起他了。,I suddenly remembered him.,ฉันนึกถึงเขาขึ้นมาทันที
想想,你再想想吧。,Think it over again.,คุณลองคิดดูอีกทีสิ
想要,我想要一杯水。,I want a glass of water.,ฉันอยากได้น้ำสักแก้ว
想着,我一直想着你。,I've been thinking about you.,ฉันคิดถึงคุณอยู่ตลอด
向东走,请一直向东走。,Please keep walking east.,กรุณาเดินตรงไปทางตะวันออก
向左走,到路口向左走。,Turn left at the intersection.,ถึงทางแยกให้เลี้ยวซ้าย
像,他长得很像爸爸。,He looks a lot like his dad.,เขาหน้าตาคล้ายพ่อมาก
小船,河上有一只小船。,There's a small boat on the river.,บนแม่น้ำมีเรือลำเล็กอยู่ลำหนึ่ง
小孩子,小孩子喜欢吃糖。,Children like to eat candy.,เด็กๆ ชอบกินขนมหวาน
小河,村子旁边有一条小河。,There's a stream next to the village.,ข้างหมู่บ้านมีลำธารสายเล็กๆ
小鸟,树上有一只小鸟。,There's a little bird in the tree.,บนต้นไม้มีนกตัวเล็กอยู่ตัวหนึ่ง
小朋友,小朋友们在公园玩。,The kids are playing in the park.,เด็กๆ เล่นอยู่ในสวนสาธารณะ
小时候,小时候我住在乡下。,I lived in the countryside as a child.,ตอนเด็กๆ ฉันอาศัยอยู่ชนบท
小事,这只是小事，别担心。,"This is just a small matter, don't worry.",นี่แค่เรื่องเล็กน้อย ไม่ต้องกังวล
小心,过马路要小心。,Be careful when crossing the road.,ข้ามถนนต้องระวัง
小熊猫,动物园有小熊猫。,There's a red panda at the zoo.,ในสวนสัตว์มีแพนด้าแดง
小学校长,他是小学校长。,He is an elementary school principal.,เขาเป็นผู้อำนวยการโรงเรียนประถม
小雪,外面下小雪了。,It's snowing lightly outside.,ข้างนอกหิมะตกปรอยๆ
小张,小张是我的同事。,Xiao Zhang is my colleague.,เสี่ยวจางเป็นเพื่อนร่วมงานของฉัน
校,校门口有很多学生。,There are many students at the school gate.,ที่หน้าประตูโรงเรียนมีนักเรียนเยอะมาก
校医院,校医院离宿舍很近。,The school clinic is close to the dorm.,โรงพยาบาลของโรงเรียนอยู่ใกล้หอพักมาก
校长,校长在开会。,The principal is in a meeting.,ผู้อำนวยการกำลังประชุมอยู่
鞋,这双鞋很好看。,These shoes look very nice.,รองเท้าคู่นี้สวยมาก
写错字,他写错字了。,He wrote the wrong character.,เขาเขียนตัวอักษรผิด
写信,我常给朋友写信。,I often write letters to my friend.,ฉันมักเขียนจดหมายถึงเพื่อน
写字,孩子在写字。,The child is writing.,เด็กกำลังเขียนหนังสือ
谢,谢谢你的帮助。,Thank you for your help.,ขอบคุณสำหรับความช่วยเหลือของคุณ
新闻,爸爸在看新闻。,Dad is watching the news.,พ่อกำลังดูข่าว
新鲜,这些水果很新鲜。,These fruits are very fresh.,ผลไม้เหล่านี้สดมาก
信,我给妈妈写信。,I wrote a letter to my mom.,ฉันเขียนจดหมายถึงแม่
信用卡,我用信用卡付钱。,I pay with a credit card.,ฉันจ่ายเงินด้วยบัตรเครดิต
行李,我的行李很重。,My luggage is heavy.,กระเป๋าเดินทางของฉันหนักมาก
行李箱,我的行李箱很重。,My suitcase is very heavy.,กระเป๋าเดินทางของฉันหนักมาก
兴趣,我对音乐有兴趣。,I'm interested in music.,ฉันสนใจดนตรี
兴趣爱好,他的兴趣爱好是画画。,His hobby is drawing.,งานอดิเรกของเขาคือวาดรูป
熊猫,熊猫喜欢吃竹子。,Pandas like to eat bamboo.,แพนด้าชอบกินไผ่
需,这件事需要时间。,This matter requires time.,เรื่องนี้ต้องใช้เวลา
需要,我需要一杯水。,I need a glass of water.,ฉันต้องการน้ำสักแก้ว
许,妈妈不许我看电视。,Mom doesn't allow me to watch TV.,แม่ไม่อนุญาตให้ฉันดูโทรทัศน์
选择,你可以自己选择。,You can choose by yourself.,คุณสามารถเลือกเองได้
学画,她喜欢学画。,She likes learning to paint.,เธอชอบเรียนวาดรูป
学习成绩,他的学习成绩很好。,His academic performance is very good.,ผลการเรียนของเขาดีมาก
牙,他每天刷牙。,He brushes his teeth every day.,เขาแปรงฟันทุกวัน
牙疼,我牙疼得很厉害。,My tooth hurts a lot.,ฉันปวดฟันมากๆ
眼镜,我找不到眼镜了。,I can't find my glasses.,ฉันหาแว่นตาไม่เจอแล้ว
眼里,在他眼里你很好。,"In his eyes, you're great.",ในสายตาของเขาคุณดีมาก
眼中,在妈妈眼中我最好。,"In mom's eyes, I'm the best.",ในสายตาแม่ ฉันดีที่สุด
羊,山上有很多羊。,There are many sheep on the mountain.,บนภูเขามีแกะเยอะมาก
羊城,羊城是广州的别名。,Yangcheng is a nickname for Guangzhou.,เมืองแพะเป็นชื่อเรียกอีกชื่อของกว่างโจว
阳,今天太阳很大。,The sun is very strong today.,วันนี้แดดแรงมาก
要求,老师要求我们认真学习。,The teacher requires us to study hard.,ครูขอให้เราตั้งใจเรียน
爷爷,爷爷喜欢喝茶。,Grandpa likes to drink tea.,คุณปู่ชอบดื่มชา
爷爷奶奶,爷爷奶奶身体很好。,Grandpa and grandma are in good health.,คุณปู่คุณย่าสุขภาพแข็งแรงดี
一把,她拿着一把伞。,She is holding an umbrella.,เธอถือร่มอยู่คันหนึ่ง
一般,他的成绩一般。,His grades are average.,ผลการเรียนของเขาธรรมดาๆ
一步,请你往前走一步。,Please take a step forward.,กรุณาก้าวไปข้างหน้าหนึ่งก้าว
一次,我去过一次北京。,I have been to Beijing once.,ฉันเคยไปปักกิ่งมาครั้งหนึ่ง
一点,我懂一点汉语。,I know a little Chinese.,ฉันรู้ภาษาจีนอยู่บ้างเล็กน้อย
一定,你一定要来。,You must come.,คุณต้องมาให้ได้นะ
一段时间,我们分开一段时间了。,We have been apart for a while.,เราแยกกันมาระยะหนึ่งแล้ว
一分钱,我没有一分钱。,I don't have a single cent.,ฉันไม่มีเงินสักแดงเดียว
一分钟,请等一分钟。,Please wait one minute.,กรุณารอสักหนึ่งนาที
一个碗,桌上有一个碗。,There is a bowl on the table.,บนโต๊ะมีชามอยู่ใบหนึ่ง
一共,这些东西一共多少钱？,How much do these things cost in total?,ของพวกนี้รวมทั้งหมดราคาเท่าไหร่?
一会儿,请等我一会儿。,Please wait for me a moment.,กรุณารอฉันสักครู่
一家,我们一家去公园玩。,Our whole family went to the park.,ครอบครัวเราไปเที่ยวสวนสาธารณะกัน
一间,我们住一间房。,We are staying in one room.,เราพักห้องเดียวกัน
一件,我买了一件新衣服。,I bought a new piece of clothing.,ฉันซื้อเสื้อผ้าตัวใหม่มาหนึ่งตัว
一句,他说了一句话。,He said a sentence.,เขาพูดประโยคหนึ่ง
一口,他一口答应了。,He readily agreed.,เขาตอบตกลงทันที
一块儿,我们一块儿去吧。,Let's go together.,เราไปด้วยกันเถอะ
一辆,他买了一辆新车。,He bought a new car.,เขาซื้อรถคันใหม่มาหนึ่งคัน
一路上,一路上我们说说笑笑。,We chatted and laughed the whole way.,ตลอดทางเราพูดคุยหัวเราะกัน
一米,这条鱼有一米长。,This fish is one meter long.,ปลาตัวนี้ยาวหนึ่งเมตร
一年,他学了一年汉语。,He studied Chinese for a year.,เขาเรียนภาษาจีนมาหนึ่งปี
一双,我买了一双鞋。,I bought a pair of shoes.,ฉันซื้อรองเท้ามาหนึ่งคู่
一天,我们玩了一天。,We played for a whole day.,เราเล่นกันทั้งวัน
一条,桌上有一条鱼。,There's a fish on the table.,บนโต๊ะมีปลาอยู่ตัวหนึ่ง
一万,那本书卖了一万本。,That book sold ten thousand copies.,หนังสือเล่มนั้นขายได้หนึ่งหมื่นเล่ม
一万元,这辆车要一万元。,This car costs ten thousand yuan.,รถคันนี้ราคาหนึ่งหมื่นหยวน
一位,来了一位客人。,A guest has arrived.,มีแขกมาหนึ่งท่าน
一箱,他买了一箱苹果。,He bought a box of apples.,เขาซื้อแอปเปิลมาหนึ่งลัง
一样,我们的想法一样。,Our ideas are the same.,ความคิดของเราเหมือนกัน
一直,我一直在等你。,I've been waiting for you the whole time.,ฉันรอคุณอยู่ตลอดเวลา
一只,天上飞着一只鸟。,A bird is flying in the sky.,บนฟ้ามีนกบินอยู่ตัวหนึ่ง
一种,这是一种新的方法。,This is a new kind of method.,นี่คือวิธีการแบบใหม่
一周,我们学习一周了。,We have studied for a week.,เราเรียนมาหนึ่งสัปดาห์แล้ว
以后,以后我会常来。,I'll come often from now on.,ต่อไปฉันจะมาบ่อยๆ
以前,以前这里是公园。,This used to be a park.,เมื่อก่อนที่นี่เป็นสวนสาธารณะ
以为,我以为你不来了。,I thought you weren't coming.,ฉันนึกว่าคุณจะไม่มาแล้ว
易,这个问题很容易。,This problem is very easy.,คำถามนี้ง่ายมาก
音乐,我喜欢听音乐。,I like listening to music.,ฉันชอบฟังเพลง
音乐节目,这是一个音乐节目。,This is a music program.,นี่คือรายการดนตรี
银行,银行离这儿不远。,The bank isn't far from here.,ธนาคารอยู่ไม่ไกลจากที่นี่
饮料,你想喝什么饮料？,What drink would you like?,คุณอยากดื่มเครื่องดื่มอะไร?
应,你应早点休息。,You should rest early.,คุณควรพักผ่อนแต่หัวค่ำ
应该,你应该多喝水。,You should drink more water.,คุณควรดื่มน้ำให้มากขึ้น
影响,天气影响了我们的计划。,The weather affected our plans.,อากาศมีผลต่อแผนของเรา
用,你可以用我的手机。,You can use my phone.,คุณใช้โทรศัพท์ของฉันได้
用电,我们要节约用电。,We should save on electricity use.,เราต้องประหยัดการใช้ไฟฟ้า
用来,这个杯子用来喝水。,This cup is used for drinking water.,แก้วนี้ใช้สำหรับดื่มน้ำ
邮件,我给你发了邮件。,I sent you an email.,ฉันส่งอีเมลให้คุณแล้ว
游客,公园里有很多游客。,There are many tourists in the park.,ในสวนสาธารณะมีนักท่องเที่ยวเยอะมาก
游戏,孩子们喜欢玩游戏。,Children like playing games.,เด็กๆ ชอบเล่นเกม
游泳馆,我们去游泳馆游泳。,We're going to the pool to swim.,เราไปว่ายน้ำที่สระว่ายน้ำ
有关,这件事跟他有关。,This matter is related to him.,เรื่องนี้เกี่ยวข้องกับเขา
有借有还,借东西要有借有还。,"When you borrow something, you should return it.",ยืมของแล้วต้องคืน
有没有,你有没有时间？,Do you have time?,คุณมีเวลาไหม?
有名,他是一个有名的医生。,He is a famous doctor.,เขาเป็นหมอที่มีชื่อเสียง
有人,门外好像有人。,It seems there's someone outside.,ดูเหมือนจะมีคนอยู่นอกประตู
有时,我有时很忙。,I'm sometimes very busy.,บางครั้งฉันก็ยุ่งมาก
有时候,我有时候很忙。,Sometimes I'm very busy.,บางครั้งฉันก็ยุ่งมาก
有事,我今天有事。,I have something to do today.,วันนี้ฉันมีธุระ
有些,有些人不喜欢喝咖啡。,Some people don't like coffee.,บางคนไม่ชอบดื่มกาแฟ
又,他又迟到了。,He was late again.,เขามาสายอีกแล้ว
右,银行在你的右边。,The bank is on your right.,ธนาคารอยู่ทางขวามือของคุณ
遇到,我在路上遇到了老师。,I ran into my teacher on the way.,ฉันเจอครูระหว่างทาง
遇见,我在路上遇见了老朋友。,I ran into an old friend on the road.,ฉันเจอเพื่อนเก่าระหว่างทาง
愿意,我愿意帮你。,I'm willing to help you.,ฉันยินดีช่วยคุณ
月亮,今晚的月亮很圆。,Tonight's moon is very full.,พระจันทร์คืนนี้เต็มดวงมาก
越,天气越来越冷。,The weather is getting colder and colder.,อากาศหนาวขึ้นเรื่อยๆ
越来越,天气越来越冷了。,The weather is getting colder and colder.,อากาศหนาวขึ้นเรื่อยๆ แล้ว
云南,我很想去云南。,I really want to go to Yunnan.,ฉันอยากไปยูนนานมาก
云南旅游,我们打算去云南旅游。,We plan to travel to Yunnan.,เราวางแผนจะไปเที่ยวยูนนาน
运动鞋,我想买一双运动鞋。,I want to buy a pair of sneakers.,ฉันอยากซื้อรองเท้ากีฬาสักคู่
再慢,你能不能再慢一点？,Could you go a little slower?,คุณช้าลงอีกหน่อยได้ไหม?
再说,这件事我们以后再说。,Let's talk about this matter later.,เรื่องนี้เราค่อยคุยกันทีหลัง
在家,今天我在家休息。,Today I'm resting at home.,วันนี้ฉันพักผ่อนอยู่ที่บ้าน
在我心中,你永远在我心中。,You are always in my heart.,คุณอยู่ในใจฉันเสมอ
早点儿,明天早点儿来。,Come a bit earlier tomorrow.,พรุ่งนี้มาแต่เช้าหน่อยนะ
怎么办,这件事怎么办？,What should we do about this?,เรื่องนี้จะทำอย่างไรดี?
怎样,你觉得怎样？,What do you think?,คุณคิดว่าอย่างไรบ้าง?
怎样才能,怎样才能学好汉语？,How can one learn Chinese well?,ทำอย่างไรถึงจะเรียนภาษาจีนได้ดี?
站,前面就是火车站。,The train station is right ahead.,ข้างหน้าคือสถานีรถไฟ
站着不动,他站着不动。,He stood still.,เขายืนนิ่งไม่ขยับ
长大,孩子们都长大了。,The children have all grown up.,เด็กๆ โตกันหมดแล้ว
长胖,最近我长胖了。,I've gained weight recently.,ช่วงนี้ฉันอ้วนขึ้น
长时间,他长时间工作。,He worked for a long time.,เขาทำงานเป็นเวลานาน
照,阳光照在脸上。,Sunlight shines on my face.,แสงแดดส่องมาที่ใบหน้า
照顾,妈妈在照顾孩子。,Mom is taking care of the children.,แม่กำลังดูแลลูก
照片,我们照了很多照片。,We took a lot of photos.,เราถ่ายรูปไปเยอะมาก
照相机,我买了一个照相机。,I bought a camera.,ฉันซื้อกล้องถ่ายรูปมาหนึ่งตัว
这次,这次考试很简单。,This exam was very easy.,การสอบครั้งนี้ง่ายมาก
这段话,这段话很重要。,This passage is very important.,ข้อความนี้สำคัญมาก
这家,这家饭馆很有名。,This restaurant is very famous.,ร้านอาหารนี้มีชื่อเสียงมาก
这件,这件衣服很漂亮。,This piece of clothing is very pretty.,เสื้อผ้าตัวนี้สวยมาก
这块,这块蛋糕很好吃。,This piece of cake is delicious.,เค้กชิ้นนี้อร่อยมาก
这辆,这辆车很贵。,This car is very expensive.,รถคันนี้แพงมาก
这么晚,你怎么这么晚回来？,Why are you back so late?,ทำไมคุณกลับมาดึกขนาดนี้?
这位,这位是我的老师。,This is my teacher.,ท่านนี้คือครูของฉัน
这种,我喜欢这种颜色。,I like this kind of color.,ฉันชอบสีแบบนี้
着急,别着急，慢慢说。,"Don't worry, take your time.",อย่ารีบร้อน ค่อยๆ พูด
真不简单,你真不简单。,You're really impressive.,คุณเก่งจริงๆ
真累,今天工作真累。,Work today was really tiring.,วันนี้ทำงานเหนื่อยจริงๆ
真是,今天真是太热了。,Today is really so hot.,วันนี้ร้อนมากจริงๆ
正要,我正要出门。,I was just about to go out.,ฉันกำลังจะออกจากบ้านพอดี
只,我今天只喝水。,I'm only drinking water today.,วันนี้ฉันดื่มแต่น้ำเปล่า
只能,我今天只能在家。,I can only stay home today.,วันนี้ฉันได้แต่อยู่บ้าน
只怕,只怕明天会下雨。,I'm afraid it will rain tomorrow.,เกรงว่าพรุ่งนี้ฝนจะตก
只是,我只是问问。,I'm just asking.,ฉันแค่ถามเฉยๆ
只要,只要努力就能成功。,"As long as you work hard, you can succeed.",ขอแค่ตั้งใจก็สามารถสำเร็จได้
只有,桌子上只有一本书。,There is only one book on the table.,บนโต๊ะมีหนังสือเพียงเล่มเดียว
中间,他坐在我们中间。,"He sits in the middle, between us.",เขานั่งอยู่ตรงกลางระหว่างเรา
中文,他的中文说得很好。,His Chinese is very good.,เขาพูดภาษาจีนได้ดีมาก
终于,我们终于到家了。,We finally got home.,ในที่สุดเราก็ถึงบ้านแล้ว
种,这种水果很甜。,This kind of fruit is very sweet.,ผลไม้ชนิดนี้หวานมาก
重要,这件事很重要。,This matter is very important.,เรื่องนี้สำคัญมาก
周,我们一周上五天课。,We have classes five days a week.,เราเรียนห้าวันต่อสัปดาห์
周末,周末我在家休息。,I rest at home on weekends.,วันหยุดสุดสัปดาห์ฉันพักผ่อนอยู่บ้าน
主要,这是主要的问题。,This is the main problem.,นี่คือปัญหาหลัก
注意,过马路要注意安全。,Pay attention to safety when crossing the street.,ข้ามถนนต้องระวังความปลอดภัย
祝您,祝您生日快乐。,Wishing you a happy birthday.,ขอให้คุณมีความสุขในวันเกิด
桌,房间里有一张桌子。,There is a table in the room.,ในห้องมีโต๊ะอยู่ตัวหนึ่ง
子,他有一个儿子。,He has a son.,เขามีลูกชายหนึ่งคน
字典,我用字典查生词。,I look up new words in the dictionary.,ฉันใช้พจนานุกรมค้นหาคำศัพท์ใหม่
自己,我自己做饭。,I cook by myself.,ฉันทำอาหารเอง
总会,好事总会发生。,Good things will always happen.,เรื่องดีๆ ย่อมเกิดขึ้นเสมอ
总是,他总是迟到。,He is always late.,เขามาสายอยู่เสมอ
走得慢,爷爷走得慢。,Grandpa walks slowly.,คุณปู่เดินช้า
走动,吃完饭出去走动一下。,Go out and move around a bit after eating.,กินข้าวเสร็จแล้วออกไปเดินเล่นหน่อย
走走,我们去外面走走吧。,Let's go outside for a walk.,เราออกไปเดินเล่นข้างนอกกันเถอะ
嘴,他的嘴很大。,His mouth is big.,ปากของเขาใหญ่มาก
最好,你最好早点睡。,You'd better sleep early.,คุณควรนอนแต่หัวค่ำจะดีกว่า
最后,最后他成功了。,"In the end, he succeeded.",ในที่สุดเขาก็ประสบความสำเร็จ
最近,我最近很忙。,I've been busy recently.,ช่วงนี้ฉันยุ่งมาก
最少,我们最少需要两个人。,We need at least two people.,เราต้องการอย่างน้อยสองคน
最新,这是最新的消息。,This is the latest news.,นี่คือข่าวล่าสุด
昨,昨天我很忙。,I was very busy yesterday.,เมื่อวานฉันยุ่งมาก
昨天晚上,昨天晚上我没睡好。,I didn't sleep well last night.,เมื่อคืนฉันนอนหลับไม่สนิท
昨天下午,昨天下午下雨了。,It rained yesterday afternoon.,เมื่อวานตอนบ่ายฝนตก
左,请你往左转。,Please turn left.,กรุณาเลี้ยวซ้าย
左右,他今年五十岁左右。,He is around fifty years old this year.,ปีนี้เขาอายุประมาณห้าสิบปี
作业,我还没做完作业。,I haven't finished my homework yet.,ฉันยังทำการบ้านไม่เสร็จ
作用,这个药有作用。,This medicine works.,ยานี้ใช้ได้ผล
坐船,我们坐船去那个岛。,We took a boat to that island.,เรานั่งเรือไปเกาะนั้น
坐船去,我们坐船去那个岛。,We went to that island by boat.,เรานั่งเรือไปเกาะนั้น
坐地铁,我每天坐地铁上班。,I take the subway to work every day.,ฉันนั่งรถไฟฟ้าใต้ดินไปทำงานทุกวัน
坐飞机,我第一次坐飞机。,This is my first time taking a plane.,นี่เป็นครั้งแรกที่ฉันนั่งเครื่องบิน
坐在,她坐在椅子上。,She is sitting on the chair.,เธอนั่งอยู่บนเก้าอี้
做出,他做出了正确的决定。,He made the right decision.,เขาตัดสินใจได้อย่างถูกต้อง
做到,我一定能做到。,I can definitely make it happen.,ฉันต้องทำให้ได้แน่นอน
做饭,妈妈在厨房做饭。,Mom is cooking in the kitchen.,แม่กำลังทำอาหารในครัว
做客,我去朋友家做客。,I went to my friend's house as a guest.,ฉันไปเยี่ยมเยือนบ้านเพื่อน
做人,做人要诚实。,One should be honest in life.,การเป็นคนต้องซื่อสัตย์
做事,他做事很认真。,He is very conscientious in his work.,เขาทำงานอย่างจริงจัง
把,他把着方向盘。,He is gripping the steering wheel.,เขาจับพวงมาลัยไว้
故事,奶奶讲了一个故事。,Grandma told a story.,คุณยายเล่านิทานเรื่องหนึ่ง
比较,老师比较了两篇作文。,The teacher compared the two essays.,ครูเปรียบเทียบเรียงความสองเรื่อง
一边,他站在一边等待。,He stood to one side and waited.,เขายืนอยู่ข้างๆ รอคอย
不想,我今天不想上班。,I don't want to go to work today.,วันนี้ฉันไม่อยากไปทำงาน
总,这家公司总部很大。,This company's headquarters is very large.,สำนักงานใหญ่ของบริษัทนี้ใหญ่มาก
生活,我喜欢现在的生活。,I like my current life.,ฉันชอบชีวิตในตอนนี้
广告,电视上有很多广告。,There are many commercials on TV.,ในทีวีมีโฆษณาเยอะมาก
不管,不管天气怎么样，我们都要去。,"No matter what the weather is like, we'll still go.",ไม่ว่าอากาศจะเป็นยังไง เราก็จะไป
与,我与朋友一起去公园。,I went to the park together with my friend.,ฉันไปสวนสาธารณะกับเพื่อน
坚持,他每天坚持锻炼身体。,He persists in exercising every day.,เขาออกกำลังกายทุกวันไม่เคยขาด
加油站,前面有一个加油站。,There's a gas station up ahead.,ข้างหน้ามีปั๊มน้ำมัน
上下班,我每天开车上下班。,I drive to and from work every day.,ฉันขับรถไปกลับที่ทำงานทุกวัน
缺点,每个人都有缺点。,Everyone has faults.,ทุกคนก็มีข้อเสีย
桥,这座桥很长很高。,This bridge is long and tall.,สะพานนี้ทั้งยาวทั้งสูง
有趣,这本书很有趣。,This book is very interesting.,หนังสือเล่มนี้น่าสนใจมาก
推迟,会议推迟到明天了。,The meeting was postponed to tomorrow.,การประชุมเลื่อนไปเป็นพรุ่งนี้แล้ว
发展,这个城市发展很快。,This city is developing quickly.,เมืองนี้พัฒนาเร็วมาก
经验,他做菜很有经验。,He has a lot of experience cooking.,เขามีประสบการณ์ทำอาหารมาก
交流,我们经常交流学习方法。,We often exchange study methods.,เราแลกเปลี่ยนวิธีการเรียนกันบ่อยๆ
成功,他终于成功了。,He finally succeeded.,ในที่สุดเขาก็สำเร็จ
原因,请告诉我原因。,Please tell me the reason.,ช่วยบอกเหตุผลกับฉันหน่อย
尊重,我们应该尊重老师。,We should respect our teachers.,เราควรเคารพครู
幽默,他说话很幽默。,He speaks in a humorous way.,เขาพูดจามีอารมณ์ขันมาก
骄傲,妈妈为我感到骄傲。,Mom feels proud of me.,แม่รู้สึกภูมิใจในตัวฉัน
减少,工厂减少了污染。,The factory reduced pollution.,โรงงานลดมลพิษลง
改变,生活改变了很多。,Life has changed a lot.,ชีวิตเปลี่ยนไปเยอะมาก
却,他很累，却不休息。,"He's very tired, yet he won't rest.",เขาเหนื่อยมาก แต่กลับไม่ยอมพัก
表扬,老师表扬了他。,The teacher praised him.,คุณครูชมเขา
改,请改一下时间。,Please change the time.,ช่วยแก้เวลาหน่อย
陪,我陪妈妈去医院。,I accompanied my mom to the hospital.,ฉันไปเป็นเพื่อนแม่ที่โรงพยาบาล
失败,这次比赛他失败了。,He lost this competition.,การแข่งครั้งนี้เขาแพ้
往往,他往往很晚回家。,He usually comes home late.,เขามักจะกลับบ้านดึก
当,当他到家时，天黑了。,"When he got home, it was already dark.",ตอนที่เขาถึงบ้าน ฟ้าก็มืดแล้ว
批评,老师批评了他。,The teacher criticized him.,คุณครูตำหนิเขา
可是,我想去，可是没时间。,"I want to go, but I have no time.",ฉันอยากไป แต่ไม่มีเวลา
活泼,这个孩子很活泼。,This child is very lively.,เด็กคนนี้ร่าเริงมาก
浪费,不要浪费时间。,Don't waste time.,อย่าเสียเวลาเปล่า
放弃,他没有放弃希望。,He didn't give up hope.,เขาไม่ยอมล้มเลิกความหวัง
减肥,她每天运动减肥。,She exercises every day to lose weight.,เธอออกกำลังกายลดน้ำหนักทุกวัน
方法,这个方法很有用。,This method is very useful.,วิธีนี้มีประโยชน์มาก
幸福,他们一家很幸福。,Their family is very happy.,ครอบครัวของเขามีความสุขมาก
害羞,小女孩很害羞。,The little girl is very shy.,เด็กผู้หญิงคนนั้นขี้อายมาก
温度,今天的温度很高。,Today's temperature is very high.,อุณหภูมิวันนี้สูงมาก
许多,公园里有许多花。,There are many flowers in the park.,ในสวนมีดอกไม้มากมาย
平时,平时他很少运动。,He rarely exercises normally.,ปกติแล้วเขาไม่ค่อยออกกำลังกาย
马虎,做作业不能马虎。,You can't be careless doing homework.,ทำการบ้านจะสะเพร่าไม่ได้
烦恼,这件事让他很烦恼。,This matter troubles him a lot.,เรื่องนี้ทำให้เขากลุ้มใจมาก
活动,吃完饭去外面活动一下。,"After eating, go outside and move around a bit.",กินข้าวเสร็จแล้วออกไปขยับร่างกายข้างนอกหน่อย
其中,我有三本书，其中一本很好。,"I have three books, one of which is very good.",ฉันมีหนังสือสามเล่ม เล่มหนึ่งในนั้นดีมาก
好像,他好像不高兴。,He seems unhappy.,เขาดูเหมือนจะไม่มีความสุข
压力,工作压力很大。,Work pressure is very high.,ความกดดันจากงานเยอะมาก
拿到,我拿到了新护照。,I got my new passport.,ฉันได้หนังสือเดินทางเล่มใหม่มาแล้ว
满,杯子里的水满了。,The water in the cup is full.,น้ำในแก้วเต็มแล้ว
原谅,请原谅我的错误。,Please forgive my mistake.,ช่วยยกโทษให้ความผิดของฉันด้วยนะ
并,我同意并支持这个计划。,I agree with and support this plan.,ฉันเห็นด้วยและสนับสนุนแผนนี้
紧张,考试前我很紧张。,I was very nervous before the exam.,ก่อนสอบฉันประหม่ามาก
谈,我们谈了很久。,We talked for a long time.,เราคุยกันนานมาก
性格,他的性格很开朗。,His personality is very cheerful.,นิสัยของเขาร่าเริงแจ่มใสมาก
社会,这是一个社会问题。,This is a social problem.,นี่เป็นปัญหาสังคม
父母,我父母都很健康。,My parents are both healthy.,พ่อแม่ของฉันสุขภาพแข็งแรงดีทั้งคู่
复印,请帮我复印文件。,Please help me photocopy the document.,ช่วยถ่ายเอกสารให้ฉันหน่อย
耐心,老师对学生很耐心。,The teacher is very patient with the students.,คุณครูใจเย็นกับนักเรียนมาก
重视,公司很重视质量。,The company attaches great importance to quality.,บริษัทให้ความสำคัญกับคุณภาพมาก
鼓励,老师鼓励我们努力。,The teacher encourages us to work hard.,คุณครูคอยให้กำลังใจให้เราขยัน
密码,请输入你的密码。,Please enter your password.,กรุณากรอกรหัสผ่านของคุณ
拒绝,他拒绝了我的请求。,He refused my request.,เขาปฏิเสธคำขอของฉัน
语言,汉语是一种语言。,Chinese is a language.,ภาษาจีนเป็นภาษาหนึ่ง
十分,我十分喜欢这里。,I like it here very much.,ฉันชอบที่นี่มากๆ
适应,他很快适应了新工作。,He quickly adapted to the new job.,เขาปรับตัวเข้ากับงานใหม่ได้เร็วมาก
能力,他有很强的能力。,He has strong ability.,เขามีความสามารถสูงมาก
材料,这些材料很有用。,These materials are very useful.,วัสดุเหล่านี้มีประโยชน์มาก
看法,你对这件事有什么看法？,What's your view on this matter?,คุณมีความคิดเห็นยังไงกับเรื่องนี้?
通过,他通过了考试。,He passed the exam.,เขาสอบผ่านแล้ว
顾客,这家店的顾客很多。,This shop has a lot of customers.,ร้านนี้มีลูกค้าเยอะมาก
理想,他的理想是当医生。,His dream is to become a doctor.,ความฝันของเขาคือการเป็นหมอ
年龄,请问你的年龄是多少？,May I ask how old you are?,ขอถามหน่อยว่าคุณอายุเท่าไหร่?
乒乓球,我喜欢打乒乓球。,I like playing table tennis.,ฉันชอบเล่นปิงปอง
打乒乓球,他每天打乒乓球。,He plays table tennis every day.,เขาเล่นปิงปองทุกวัน
浪漫,这个晚上很浪漫。,This evening is very romantic.,คืนนี้โรแมนติกมาก
京剧,爷爷喜欢看京剧。,Grandpa likes watching Beijing opera.,คุณปู่ชอบดูงิ้วปักกิ่ง
经济,这个国家经济发展快。,This country's economy is developing fast.,เศรษฐกิจของประเทศนี้พัฒนาเร็ว
质量,这个产品质量很好。,The quality of this product is very good.,สินค้าชิ้นนี้คุณภาพดีมาก
地球,地球是我们的家。,Earth is our home.,โลกคือบ้านของเรา
加油,他去加油站给车加油。,He went to the gas station to fill up the car.,เขาไปเติมน้ำมันรถที่ปั๊ม
发给,老师把作业发给学生。,The teacher handed out the homework to the students.,คุณครูแจกการบ้านให้นักเรียน
打开,请打开窗户。,Please open the window.,ช่วยเปิดหน้าต่างหน่อย
友谊,我们的友谊很深。,Our friendship is deep.,มิตรภาพของเราลึกซึ้งมาก
标准,这是最新的标准。,This is the latest standard.,นี่คือมาตรฐานล่าสุด
警察,警察正在抓小偷。,The police are catching a thief.,ตำรวจกำลังจับขโมย
后悔,他后悔没听妈妈的话。,He regrets not listening to his mom.,เขาเสียใจที่ไม่ฟังคำแม่
支持,我们都支持你的决定。,We all support your decision.,พวกเราทุกคนสนับสนุนการตัดสินใจของคุณ
收拾,请收拾一下房间。,Please tidy up the room.,ช่วยเก็บกวาดห้องหน่อย
丢,我把钥匙丢了。,I lost my keys.,ฉันทำกุญแจหาย
情况,现在的情况很复杂。,The current situation is very complicated.,สถานการณ์ตอนนี้ซับซ้อนมาก
使用,请正确使用这个工具。,Please use this tool correctly.,ช่วยใช้เครื่องมือนี้ให้ถูกต้อง
引起,这个消息引起了大家注意。,This news drew everyone's attention.,ข่าวนี้เรียกความสนใจจากทุกคน
成熟,这个西瓜已经成熟了。,This watermelon is already ripe.,แตงโมลูกนี้สุกแล้ว
按时,请按时完成作业。,Please finish the homework on time.,ช่วยทำการบ้านให้เสร็จตรงเวลา
感情,他们之间的感情很深。,Their feelings for each other run deep.,ความผูกพันระหว่างพวกเขาลึกซึ้งมาก
教育,父母应该教育孩子。,Parents should educate their children.,พ่อแม่ควรอบรมสั่งสอนลูก
正确,你的答案完全正确。,Your answer is completely correct.,คำตอบของคุณถูกต้องทั้งหมด
今天下午,今天下午我要去医院。,This afternoon I need to go to the hospital.,บ่ายนี้ฉันต้องไปโรงพยาบาล
去一趟,我得去一趟银行。,I need to make a trip to the bank.,ฉันต้องไปธนาคารสักรอบ
油,这道菜用了很多油。,This dish uses a lot of oil.,อาหารจานนี้ใช้น้ำมันเยอะมาก
电视广告,这个电视广告很有意思。,This TV commercial is quite interesting.,โฆษณาทีวีอันนี้น่าสนใจมาก
吃惊,这个消息让我很吃惊。,This news really shocked me.,ข่าวนี้ทำให้ฉันตกใจมาก
失望,考试结果让他很失望。,The exam result disappointed him.,ผลสอบทำให้เขาผิดหวังมาก
总结,老师总结了这节课。,The teacher summed up this lesson.,คุณครูสรุปบทเรียนคาบนี้
完全,我完全同意你的看法。,I completely agree with your view.,ฉันเห็นด้วยกับความคิดเห็นของคุณอย่างเต็มที่
经历,他经历了很多困难。,He has gone through many difficulties.,เขาผ่านความยากลำบากมามากมาย
计划,我们的旅行计划变了。,Our travel plan has changed.,แผนเที่ยวของเราเปลี่ยนไปแล้ว
误会,你误会我的意思了。,You misunderstood what I meant.,คุณเข้าใจความหมายของฉันผิดแล้ว
份,请给我一份报纸。,Please give me a copy of the newspaper.,ขอหนังสือพิมพ์ให้ฉันหนึ่งฉบับ
意见,大家对这个计划有意见。,Everyone has opinions about this plan.,ทุกคนมีความคิดเห็นต่อแผนนี้
流行,这首歌现在很流行。,This song is very popular now.,เพลงนี้กำลังฮิตมากตอนนี้
缺少,这个房间缺少阳光。,This room lacks sunlight.,ห้องนี้ขาดแสงแดด
观众,观众都很喜欢这场表演。,The audience loved this performance.,ผู้ชมชอบการแสดงนี้กันมาก
赢,我们队今天赢了比赛。,Our team won the game today.,วันนี้ทีมเราชนะการแข่งขัน
吸引,这个故事吸引了很多人。,This story attracted many people.,เรื่องนี้ดึงดูดคนมากมาย
过程,学习是一个漫长的过程。,Learning is a long process.,การเรียนรู้เป็นกระบวนการที่ยาวนาน
适合,这件衣服很适合你。,This piece of clothing suits you well.,เสื้อตัวนี้เหมาะกับคุณมาก
植物,她每天都给植物浇水。,She waters the plants every day.,เธอรดน้ำต้นไม้ทุกวัน
最高,这是全班最高的学生。,This is the tallest student in the class.,นี่คือนักเรียนที่สูงที่สุดในห้อง
礼貌,对人要有礼貌。,One should be polite to others.,ต้องมีมารยาทกับคนอื่น
轻松,周末我想轻松一下。,I want to relax a bit this weekend.,สุดสัปดาห์นี้ฉันอยากพักผ่อนสบายๆ สักหน่อย
导游,我们的导游很热情。,Our tour guide is very warm and friendly.,ไกด์ของเราอัธยาศัยดีมาก
粗心,他做题总是很粗心。,He is always careless when doing problems.,เขาทำโจทย์สะเพร่าตลอดเลย
道歉,他向老师道歉了。,He apologized to the teacher.,เขาขอโทษคุณครูแล้ว
养成,她养成了早起的习惯。,She has cultivated the habit of getting up early.,เธอฝึกจนติดนิสัยตื่นเช้า
教授,这位教授很有名。,This professor is very famous.,ศาสตราจารย์ท่านนี้มีชื่อเสียงมาก
不仅,他不仅聪明还很努力。,He is not only smart but also hardworking.,เขาไม่เพียงแต่ฉลาด แต่ยังขยันอีกด้วย
主动,他主动帮我拿行李。,He took the initiative to help me carry the luggage.,เขาเสนอตัวช่วยฉันถือกระเป๋าเอง
安全,过马路要注意安全。,Be mindful of safety when crossing the street.,ข้ามถนนต้องระวังความปลอดภัย
打折,这家商店正在打折。,This store is having a discount sale.,ร้านนี้กำลังลดราคา
演员,她是一位有名的演员。,She is a famous actress.,เธอเป็นนักแสดงที่มีชื่อเสียง
熟悉,我对这个城市很熟悉。,I am very familiar with this city.,ฉันคุ้นเคยกับเมืองนี้ดี
得到,他得到了老师的表扬。,He got praised by the teacher.,เขาได้รับคำชมจากคุณครู
讨厌,我很讨厌下雨天。,I really dislike rainy days.,ฉันเกลียดวันฝนตกมาก
小说,我最近在看一本小说。,I've been reading a novel recently.,ช่วงนี้ฉันกำลังอ่านนิยายอยู่เล่มหนึ่ง
知识,读书能增加知识。,Reading can increase knowledge.,การอ่านหนังสือช่วยเพิ่มความรู้
出发,我们明天早上出发。,We are setting off tomorrow morning.,เราจะออกเดินทางพรุ่งนี้เช้า
热闹,春节的时候街上很热闹。,During Spring Festival the streets are very lively.,ช่วงตรุษจีนบนถนนคึกคักมาก
友好,这里的人都很友好。,The people here are all very friendly.,คนที่นี่เป็นมิตรกันทุกคน
信心,我对这次考试有信心。,I have confidence in this exam.,ฉันมั่นใจกับการสอบครั้งนี้
提供,学校提供免费午餐。,The school provides free lunch.,โรงเรียนจัดอาหารกลางวันฟรีให้
永远,我们永远是好朋友。,We will be friends forever.,เราจะเป็นเพื่อนที่ดีกันตลอดไป
沙发,猫在沙发上睡觉。,The cat is sleeping on the sofa.,แมวนอนหลับอยู่บนโซฟา
规定,学校规定不能迟到。,The school stipulates that being late is not allowed.,โรงเรียนกำหนดว่าห้ามมาสาย
讨论,我们正在讨论这个问题。,We are discussing this problem.,เรากำลังถกเรื่องนี้กันอยู่
值,这本书值一百块。,This book is worth a hundred yuan.,หนังสือเล่มนี้มีค่าตั้งร้อยหยวน
勇敢,这个孩子非常勇敢。,This child is very brave.,เด็กคนนี้กล้าหาญมาก
感觉,我感觉今天很累。,I feel very tired today.,ฉันรู้สึกว่าวันนี้เหนื่อยมาก
杂志,她喜欢看时尚杂志。,She likes reading fashion magazines.,เธอชอบอ่านนิตยสารแฟชั่น
答案,这道题的答案是错的。,The answer to this question is wrong.,คำตอบของข้อนี้ผิด
精彩,这场比赛非常精彩。,This match was very wonderful.,การแข่งขันครั้งนี้สุดยอดมาก
提前,我们提前到了机场。,We arrived at the airport ahead of schedule.,เราไปถึงสนามบินก่อนเวลา
理解,我完全理解你的感受。,I completely understand your feelings.,ฉันเข้าใจความรู้สึกของคุณดี
内容,这本书的内容很丰富。,This book's content is very rich.,เนื้อหาของหนังสือเล่มนี้เข้มข้นมาก
父亲,我父亲是一名医生。,My father is a doctor.,พ่อของฉันเป็นหมอ
心情,今天我的心情很好。,My mood is very good today.,วันนี้อารมณ์ฉันดีมาก
森林,森林里有很多动物。,There are many animals in the forest.,ในป่ามีสัตว์เยอะมาก
民族,中国有五十六个民族。,China has fifty-six ethnic groups.,จีนมีชนชาติห้าสิบหกกลุ่ม
加班,他今晚要加班。,He has to work overtime tonight.,คืนนี้เขาต้องทำงานล่วงเวลา
得意,他考了第一名很得意。,He got first place and is very pleased with himself.,เขาสอบได้ที่หนึ่งเลยภูมิใจในตัวเองมาก
感动,这个故事让我很感动。,This story moved me deeply.,เรื่องนี้ทำให้ฉันซาบซึ้งใจมาก
抽烟,医生说抽烟不好。,The doctor says smoking is bad.,หมอบอกว่าการสูบบุหรี่ไม่ดี
积累,学习需要慢慢积累。,Learning requires gradual accumulation.,การเรียนรู้ต้องค่อยๆ สะสม
关键,努力是成功的关键。,Hard work is the key to success.,ความพยายามคือกุญแจสู่ความสำเร็จ
约会,我今晚有一个约会。,I have a date tonight.,คืนนี้ฉันมีนัดเดต
职业,老师是个好职业。,Teacher is a good profession.,ครูเป็นอาชีพที่ดี
记者,他是一名新闻记者。,He is a news reporter.,เขาเป็นนักข่าว
钥匙,我忘了带家里的钥匙。,I forgot to bring the house key.,ฉันลืมเอากุญแจบ้านมา
咸,这个汤有点儿咸。,This soup is a bit salty.,ซุปถ้วยนี้เค็มไปนิดหน่อย
困难,这个问题很困难。,This problem is very difficult.,ปัญหานี้ยากมาก
提醒,请提醒我明天开会。,Please remind me about tomorrow's meeting.,ช่วยเตือนฉันเรื่องประชุมพรุ่งนี้ด้วย
作者,这本书的作者很有名。,The author of this book is very famous.,ผู้เขียนหนังสือเล่มนี้มีชื่อเสียงมาก
准确,请给出准确的时间。,Please give the exact time.,ช่วยบอกเวลาที่แน่นอนหน่อย
反对,大家都反对这个计划。,Everyone opposes this plan.,ทุกคนคัดค้านแผนนี้
座位,这是我的座位。,This is my seat.,นี่คือที่นั่งของฉัน
效果,这个方法效果很好。,This method has a good effect.,วิธีนี้ได้ผลดีมาก
联系,请常常和我联系。,Please keep in touch with me often.,ติดต่อฉันบ่อยๆ นะ
航班,我们的航班晚点了。,Our flight is delayed.,เที่ยวบินของเราล่าช้า
保护,我们应该保护环境。,We should protect the environment.,เราควรปกป้องสิ่งแวดล้อม
空气,今天的空气很新鲜。,Today's air is very fresh.,อากาศวันนี้สดชื่นมาก
成为,他长大后成为了医生。,"After he grew up, he became a doctor.",พอโตขึ้นเขาก็กลายเป็นหมอ
考虑,这件事我需要好好考虑。,I need to think this matter over carefully.,เรื่องนี้ฉันต้องคิดพิจารณาให้ดี
想法,我的想法和你不一样。,My way of thinking is different from yours.,ความคิดของฉันไม่เหมือนกับคุณ
指,他用手指着地图。,He pointed at the map with his finger.,เขาใช้นิ้วชี้ไปที่แผนที่
免费,这里的水是免费的。,The water here is free.,น้ำที่นี่ฟรี
弹钢琴,妹妹每天弹钢琴。,My little sister plays the piano every day.,น้องสาวเล่นเปียโนทุกวัน
无聊,这个电影很无聊。,This movie is very boring.,หนังเรื่องนี้น่าเบื่อมาก
诚实,他是一个诚实的人。,He is an honest person.,เขาเป็นคนซื่อสัตย์
兴奋,孩子们都很兴奋。,The children were all very excited.,เด็กๆ ตื่นเต้นกันมาก
即使,即使下雨，我也要去。,"Even if it rains, I still want to go.",ถึงแม้ฝนจะตก ฉันก็จะไป
气候,这里气候很温暖。,The climate here is very warm.,ภูมิอากาศที่นี่อบอุ่นมาก
尤其,我喜欢水果，尤其是苹果。,"I like fruit, especially apples.",ฉันชอบผลไม้ โดยเฉพาะแอปเปิล
受到,他受到大家的欢迎。,He is welcomed by everyone.,เขาเป็นที่ต้อนรับของทุกคน
态度,她的态度很友好。,Her attitude is very friendly.,ท่าทีของเธอเป็นมิตรมาก
爱情,这是一个爱情故事。,This is a love story.,นี่คือเรื่องราวความรัก
管理,他负责管理这家公司。,He is in charge of managing this company.,เขารับผิดชอบบริหารบริษัทนี้
不够,这些钱不够买车票。,This money isn't enough to buy a train ticket.,เงินเท่านี้ไม่พอซื้อตั๋วรถ
回忆,这张照片让我回忆过去。,This photo makes me recall the past.,รูปนี้ทำให้ฉันหวนนึกถึงอดีต
因此,他病了，因此没去上班。,"He was sick, so he didn't go to work.",เขาป่วย เลยไม่ได้ไปทำงาน
竞争,这个行业竞争很激烈。,Competition in this industry is fierce.,การแข่งขันในวงการนี้ดุเดือดมาก
节约,我们应该节约用水。,We should conserve water.,เราควรประหยัดน้ำ
速度,这辆车的速度很快。,This car's speed is very fast.,ความเร็วของรถคันนี้สูงมาก
专业,我的专业是经济学。,My major is economics.,วิชาเอกของฉันคือเศรษฐศาสตร์
表达,他不太会表达自己的感情。,He isn't very good at expressing his feelings.,เขาไม่ค่อยเก่งเรื่องการแสดงความรู้สึกของตัวเอง
仔细,请你仔细检查一下。,Please check it carefully.,ช่วยตรวจดูให้ละเอียดหน่อยนะ
冷静,遇到问题要冷静思考。,"When you run into a problem, think about it calmly.",เวลาเจอปัญหาต้องคิดอย่างใจเย็น
大使馆,他去大使馆办签证。,He went to the embassy to apply for a visa.,เขาไปสถานทูตเพื่อทำวีซ่า
护士,她的妈妈是护士。,Her mother is a nurse.,แม่ของเธอเป็นพยาบาล
签证,我正在办理签证。,I am applying for a visa.,ฉันกำลังทำวีซ่าอยู่
购物,周末我们一起去购物。,Let's go shopping together this weekend.,สุดสัปดาห์นี้เราไปซื้อของกันเถอะ
重点,这是这节课的重点。,This is the main point of this lesson.,นี่คือจุดสำคัญของบทเรียนนี้
任务,老师给我们布置了任务。,The teacher assigned us a task.,ครูมอบหมายงานให้เรา
伤心,听到这个消息她很伤心。,"Hearing this news, she was heartbroken.",พอได้ยินข่าวนี้เธอก็เสียใจมาก
凉快,秋天的晚上很凉快。,Autumn evenings are pleasantly cool.,ตอนกลางคืนของฤดูใบไม้ร่วงเย็นสบาย
毕业,他今年夏天从大学毕业。,He is graduating from university this summer.,หน้าร้อนปีนี้เขาจะเรียนจบมหาวิทยาลัย
激动,看到老朋友，他很激动。,"Seeing his old friend, he was very excited.",พอเห็นเพื่อนเก่าเขาก็ตื่นเต้นมาก
窗户,请把窗户打开。,Please open the window.,ช่วยเปิดหน้าต่างหน่อย
艺术,她非常喜欢艺术。,She really likes art.,เธอชอบศิลปะมาก
辛苦,这份工作很辛苦。,This job is very exhausting.,งานนี้เหนื่อยมาก
辣,这个菜太辣了。,This dish is too spicy.,อาหารจานนี้เผ็ดเกินไป
首先,首先，我们要买机票。,"First of all, we need to buy plane tickets.",ก่อนอื่นเราต้องซื้อตั๋วเครื่องบินก่อน
麻烦,对不起，给你添麻烦了。,Sorry for causing you trouble.,ขอโทษที่รบกวนคุณนะ
另外,另外，我还想问一个问题。,"In addition, I want to ask one more question.",อีกอย่างหนึ่ง ฉันอยากถามอีกคำถามหนึ่ง
感谢,非常感谢你的帮助。,Thank you very much for your help.,ขอบคุณมากๆ ที่ช่วยเหลือนะ
打扮,她打扮得很漂亮。,She dressed herself up very beautifully.,เธอแต่งตัวสวยมาก
羡慕,我很羡慕你的生活。,I really envy your life.,ฉันอิจฉาชีวิตของเธอมาก
详细,请详细介绍一下情况。,Please introduce the situation in detail.,ช่วยอธิบายสถานการณ์อย่างละเอียดหน่อย
调查,警察正在调查这件事。,The police are investigating this matter.,ตำรวจกำลังสืบสวนเรื่องนี้อยู่
交通,这个城市交通很方便。,Traffic in this city is very convenient.,การจราจรในเมืองนี้สะดวกมาก
堵车,现在路上正在堵车。,The road is jammed with traffic right now.,ตอนนี้รถติดมาก
塑料袋,商店不再免费提供塑料袋。,The store no longer gives out plastic bags for free.,ร้านไม่แจกถุงพลาสติกฟรีแล้ว
增加,公司决定增加工资。,The company decided to increase wages.,บริษัทตัดสินใจเพิ่มเงินเดือน
甚至,他很忙，甚至没时间吃饭。,He's so busy he doesn't even have time to eat.,เขายุ่งมากจนแม้แต่เวลากินข้าวยังไม่มี
超过,今天的气温超过三十度。,Today's temperature exceeds thirty degrees.,วันนี้อุณหภูมิเกินสามสิบองศา
距离,学校距离我家不远。,The school is not far from my home.,ระยะทางจากโรงเรียนถึงบ้านฉันไม่ไกล
及时,医生及时赶到了医院。,The doctor arrived at the hospital in time.,หมอมาถึงโรงพยาบาลได้ทันเวลา
优点,诚实是他最大的优点。,Honesty is his greatest merit.,ความซื่อสัตย์คือข้อดีที่สุดของเขา
严重,这个问题非常严重。,This problem is very serious.,ปัญหานี้ร้ายแรงมาก
出差,他这个月要去北京出差。,He has to go to Beijing on a business trip this month.,เดือนนี้เขาต้องเดินทางไปทำงานที่ปักกิ่ง
力气,这个箱子太重，我没力气搬。,"This box is too heavy, I don't have the strength to carry it.",กล่องนี้หนักเกินไป ฉันไม่มีแรงยก
售货员,售货员对顾客很热情。,The sales clerk is very warm to customers.,พนักงานขายเป็นกันเองกับลูกค้ามาก
开玩笑,别生气，我只是开玩笑。,"Don't be angry, I was just joking.",อย่าโกรธสิ ฉันแค่ล้อเล่น
数量,这里苹果的数量很多。,The quantity of apples here is large.,จำนวนแอปเปิลที่นี่มีเยอะมาก
暂时,这个问题暂时不能解决。,This problem can't be solved for now.,ตอนนี้ปัญหานี้ยังแก้ไม่ได้
由于,由于下大雨，比赛取消了。,"Due to the heavy rain, the match was cancelled.",เนื่องจากฝนตกหนัก การแข่งขันจึงถูกยกเลิก
继续,请大家继续努力工作。,Please everyone continue working hard.,ขอให้ทุกคนตั้งใจทำงานต่อไป
骗,他骗了我的钱。,He cheated me out of my money.,เขาหลอกเอาเงินฉันไป
价格,这件衣服的价格不贵。,The price of this piece of clothing isn't expensive.,ราคาของเสื้อตัวนี้ไม่แพง
优秀,她是一个优秀的学生。,She is an outstanding student.,เธอเป็นนักเรียนที่ยอดเยี่ยม
俩,我们俩是好朋友。,The two of us are good friends.,เราสองคนเป็นเพื่อนที่ดีต่อกัน
做生意,他在中国做生意。,He does business in China.,เขาทำธุรกิจอยู่ที่ประเทศจีน
允许,老师不允许我们迟到。,The teacher doesn't allow us to be late.,ครูไม่อนุญาตให้เรามาสาย
取,我去银行取钱。,I'm going to the bank to withdraw money.,ฉันจะไปธนาคารเพื่อถอนเงิน
工资,这个月的工资涨了。,This month's wages went up.,เงินเดือนเดือนนี้ขึ้นแล้ว
怀疑,我怀疑他说的是假话。,I suspect what he said is a lie.,ฉันสงสัยว่าสิ่งที่เขาพูดเป็นเรื่องโกหก
抱歉,来晚了，我很抱歉。,I'm sorry for coming late.,มาสายขอโทษด้วยนะ
按照,请按照要求填写表格。,Please fill out the form according to the requirements.,กรุณากรอกแบบฟอร์มตามข้อกำหนด
接受,他接受了这份工作。,He accepted this job.,เขาตอบรับงานนี้
条件,这里的工作条件很好。,The working conditions here are good.,สภาพการทำงานที่นี่ดีมาก
污染,工厂污染了这条河。,The factory polluted this river.,โรงงานทำให้แม่น้ำสายนี้เป็นมลพิษ
演出,今晚有一场精彩演出。,Tonight there is a wonderful performance.,คืนนี้มีการแสดงที่ยอดเยี่ยม
生命,我们要珍惜自己的生命。,We should cherish our own lives.,เราควรเห็นคุณค่าของชีวิตตัวเอง
动作,他的动作非常快。,His movements are very fast.,การเคลื่อนไหวของเขาเร็วมาก
危险,开车太快很危险。,Driving too fast is dangerous.,ขับรถเร็วเกินไปอันตราย
笑话,他给我们讲了一个笑话。,He told us a joke.,เขาเล่าเรื่องตลกให้เราฟัง
输,我们这场比赛输了。,We lost this match.,เราแพ้การแข่งขันครั้งนี้
之间,他们两个人之间有误会。,There is a misunderstanding between the two of them.,ระหว่างสองคนนั้นมีความเข้าใจผิดกัน
增长,今年公司的收入增长了。,This year the company's income has increased.,ปีนี้รายได้ของบริษัทเติบโตขึ้น
巧克力,妹妹最喜欢吃巧克力。,My little sister likes eating chocolate the most.,น้องสาวชอบกินช็อกโกแลตที่สุด
数字,这个数字太大了。,This number is too big.,ตัวเลขนี้ใหญ่เกินไป
方向,我们走错方向了。,We went the wrong direction.,เราไปผิดทิศทาง
真正,他是我真正的朋友。,He is my true friend.,เขาเป็นเพื่อนแท้ของฉัน
风景,这里的风景很美。,The scenery here is very beautiful.,วิวที่นี่สวยมาก
将来,我将来想当医生。,I want to be a doctor in the future.,ในอนาคตฉันอยากเป็นหมอ
感到,我感到很高兴。,I feel very happy.,ฉันรู้สึกมีความสุขมาก
活,这只小猫还活着。,This little cat is still alive.,แมวน้อยตัวนี้ยังมีชีวิตอยู่
博士,他是数学博士。,He is a PhD in mathematics.,เขาจบปริญญาเอกด้านคณิตศาสตร์
参观,我们去参观博物馆。,We went to visit the museum.,เราไปเยี่ยมชมพิพิธภัณฑ์
地址,请告诉我你的地址。,Please tell me your address.,ช่วยบอกที่อยู่ของคุณให้ฉันหน่อย
孤单,一个人在家很孤单。,Being home alone is very lonely.,อยู่บ้านคนเดียวเหงามาก
家具,这些家具很漂亮。,This furniture is very beautiful.,เฟอร์นิเจอร์พวกนี้สวยมาก
差不多,我们差不多到了。,We are almost there.,เราเกือบถึงแล้ว
广播,我每天听新闻广播。,I listen to the news broadcast every day.,ฉันฟังข่าวทางวิทยุทุกวัน
散步,晚饭后我们去散步。,After dinner we go for a walk.,หลังกินข้าวเย็นเราไปเดินเล่นกัน
整理,我在整理房间。,I am tidying up the room.,ฉันกำลังจัดห้องอยู่
普遍,这个问题很普遍。,This problem is very common.,ปัญหานี้พบได้ทั่วไป
暖和,今天天气很暖和。,The weather is very warm today.,วันนี้อากาศอบอุ่นมาก
正式,明天开始正式上班。,Tomorrow I officially start work.,พรุ่งนี้ฉันจะเริ่มทำงานอย่างเป็นทางการ
翻译,他帮我翻译这句话。,He helped me translate this sentence.,เขาช่วยฉันแปลประโยคนี้
证明,这能证明他是对的。,This can prove that he is right.,สิ่งนี้พิสูจน์ได้ว่าเขาถูก
乘坐,我们乘坐火车去北京。,We took the train to Beijing.,เรานั่งรถไฟไปปักกิ่ง
合格,他考试合格了。,He passed the exam (met the required standard).,เขาสอบผ่านเกณฑ์มาตรฐาน
合适,这件衣服很合适。,This piece of clothing is very suitable.,เสื้อตัวนี้เหมาะมาก
味道,这个菜味道很好。,This dish tastes very good.,อาหารจานนี้รสชาติดีมาก
愉快,祝你旅途愉快。,Wish you a pleasant trip.,ขอให้เดินทางอย่างมีความสุขนะ
所有,所有学生都到了。,All the students have arrived.,นักเรียนทุกคนมาถึงแล้ว
打针,医生给他打针。,The doctor gave him an injection.,หมอฉีดยาให้เขา
报名,我想给孩子报名。,I want to sign my child up.,ฉันอยากสมัครให้ลูก
挂,墙上挂着一张照片。,A photo hangs on the wall.,มีรูปแขวนอยู่บนผนัง
擦,她在擦桌子。,She is wiping the table.,เธอกำลังเช็ดโต๊ะ
法律,我们要遵守法律。,We must obey the law.,เราต้องปฏิบัติตามกฎหมาย
相反,结果和我想的相反。,The result is the opposite of what I thought.,ผลลัพธ์ตรงกันข้ามกับที่ฉันคิด
解释,老师给我们解释语法。,The teacher explained the grammar to us.,ครูอธิบายไวยากรณ์ให้เราฟัง
语法,这个语法很难懂。,This grammar is hard to understand.,ไวยากรณ์นี้เข้าใจยาก
赚,他每月赚很多钱。,He earns a lot of money every month.,เขาหาเงินได้เยอะทุกเดือน
长城,我们爬上了长城。,We climbed the Great Wall.,เราปีนกำแพงเมืองจีน
随着,随着年龄增长他变胖了。,"As he grew older, he gained weight.",เมื่ออายุมากขึ้นเขาก็อ้วนขึ้นตามไปด้วย
原来,这是他原来的房子。,This is his original house.,นี่คือบ้านเดิมของเขา
同情,我很同情他。,I sympathize with him a lot.,ฉันเห็นใจเขามาก
奖金,公司发了奖金。,The company gave out bonuses.,บริษัทแจกโบนัส
懒,他今天很懒。,He is very lazy today.,วันนี้เขาขี้เกียจมาก
方面,这方面我不太懂。,I don't understand much about this aspect.,ด้านนี้ฉันไม่ค่อยเข้าใจ
皮肤,她的皮肤很白。,Her skin is very fair.,ผิวของเธอขาวมาก
通知,老师通知我们放假。,The teacher notified us of the holiday.,ครูแจ้งเราว่าจะหยุด
重新,这篇文章要重新写。,This article needs to be rewritten.,บทความนี้ต้องเขียนใหม่
食品,超市卖很多食品。,The supermarket sells a lot of food.,ซูเปอร์มาร์เก็ตขายอาหารเยอะมาก
信任,我很信任我的朋友。,I trust my friend a lot.,ฉันไว้ใจเพื่อนมาก
气温,今天气温很低。,The air temperature is very low today.,วันนี้อุณหภูมิต่ำมาก
西红柿,妈妈买了西红柿。,Mom bought tomatoes.,แม่ซื้อมะเขือเทศ
富人,那个富人住大房子。,That rich person lives in a big house.,คนรวยคนนั้นอยู่บ้านหลังใหญ่
丰富,这里的水果很丰富。,The fruit here is very abundant.,ผลไม้ที่นี่อุดมสมบูรณ์มาก
受欢迎,这个歌手很受欢迎。,This singer is very popular.,นักร้องคนนี้เป็นที่นิยมมาก
帅,他长得很帅。,He looks very handsome.,เขาหน้าตาหล่อมาก
文章,我写了一篇文章。,I wrote an article.,ฉันเขียนบทความชิ้นหนึ่ง
消息,我听到一个好消息。,I heard a piece of good news.,ฉันได้ยินข่าวดีมาอันหนึ่ง
精神,他今天精神很好。,He is in very good spirits today.,วันนี้เขาดูสดชื่นมาก
肚子,我肚子有点疼。,My stomach hurts a little.,ฉันปวดท้องนิดหน่อย
袜子,这双袜子很暖和。,These socks are very warm.,ถุงเท้าคู่นี้อุ่นมาก
顺利,考试进行得很顺利。,The exam went very smoothly.,การสอบเป็นไปอย่างราบรื่น
也许,他也许不知道这件事。,Maybe he doesn't know about this.,บางทีเขาอาจจะไม่รู้เรื่องนี้
仍然,他仍然每天跑步。,He still runs every day.,เขายังคงวิ่งทุกวัน
区别,这两个词有区别。,There is a difference between these two words.,สองคำนี้มีความแตกต่างกัน
厉害,这只狗很厉害。,This dog is very fierce.,หมาตัวนี้ดุมาก
发生,这里发生了车祸。,A car accident happened here.,ที่นี่เกิดอุบัติเหตุรถชน
周围,学校周围有很多商店。,There are many shops around the school.,รอบๆ โรงเรียนมีร้านค้าเยอะ
当地,我们尝了当地小吃。,We tried the local snacks.,เราได้ลองของกินพื้นเมือง
律师,他是一名律师。,He is a lawyer.,เขาเป็นทนายความ
收入,他的收入很高。,His income is very high.,รายได้ของเขาสูงมาก
来得及,现在出发还来得及。,It's still not too late to leave now.,ตอนนี้ออกเดินทางก็ยังทัน
样子,他看起来很累的样子。,He looks like he's very tired.,เขาดูท่าทางเหนื่อยมาก
目的,他学习的目的是什么？,What is the purpose of his studying?,จุดประสงค์ในการเรียนของเขาคืออะไร?
研究,他在研究这个问题。,He is researching this problem.,เขากำลังวิจัยปัญหานี้อยู่
禁止,这里禁止吸烟。,Smoking is prohibited here.,ที่นี่ห้ามสูบบุหรี่
脾气,他的脾气很好。,His temperament is very good.,เขาเป็นคนอารมณ์ดีมาก
说明,请你说明一下原因。,Please explain the reason.,ช่วยอธิบายเหตุผลหน่อย
阳光,今天的阳光很好。,Today's sunshine is very nice.,วันนี้แดดดีมาก
一部分,这只是一部分原因。,This is only part of the reason.,นี่เป็นเพียงส่วนหนึ่งของเหตุผล
不过,这不过是个小问题。,This is merely a small problem.,นี่เป็นแค่ปัญหาเล็กๆ เท่านั้น
代表,他是公司的代表。,He is the company's representative.,เขาเป็นตัวแทนของบริษัท
儿童,这是儿童公园。,This is a children's park.,นี่คือสวนสาธารณะสำหรับเด็ก
叶子,秋天叶子变黄了。,In autumn the leaves turn yellow.,พอถึงฤดูใบไม้ร่วงใบไม้จะเปลี่ยนเป็นสีเหลือง
直接,你可以直接问他。,You can ask him directly.,คุณถามเขาได้โดยตรงเลย
逐渐,天气逐渐变冷了。,The weather is gradually getting cold.,อากาศค่อยๆ เย็นลง
镜子,她在照镜子。,She is looking in the mirror.,เธอกำลังส่องกระจก
受,他受了很多苦。,He has endured a lot of suffering.,เขาทนทุกข์มามาก
无法,我无法理解这句话。,I am unable to understand this sentence.,ฉันไม่สามารถเข้าใจประโยคนี้ได้
湿润,这里的空气很湿润。,The air here is very moist.,อากาศที่นี่ชื้นมาก
肯定,我肯定他会来。,I'm certain he will come.,ฉันแน่ใจว่าเขาจะมา
共同,这是我们共同的目标。,This is our common goal.,นี่คือเป้าหมายร่วมกันของเรา
准时,他每天准时上班。,He goes to work on time every day.,เขาไปทำงานตรงเวลาทุกวัน
出生,他出生在北京。,He was born in Beijing.,เขาเกิดที่ปักกิ่ง
困,我今天很困。,I am very sleepy today.,วันนี้ฉันง่วงมาก
国际,这是一个国际机场。,This is an international airport.,นี่คือสนามบินนานาชาติ
安排,老师安排了作业。,The teacher assigned homework.,ครูมอบหมายการบ้านให้เรา
并且,这个饭馆便宜并且好吃。,This restaurant is cheap and delicious.,ร้านอาหารร้านนี้ถูกและอร่อยด้วย
打扰,对不起，打扰你一下。,"Sorry, let me bother you for a moment.",ขอโทษนะ ขอรบกวนแป๊บหนึ่ง
扔,请把垃圾扔进垃圾桶。,Please throw the trash into the trash can.,ช่วยทิ้งขยะลงในถังขยะ
报道,电视台报道了这条新闻。,The TV station reported this news.,สถานีโทรทัศน์รายงานข่าวนี้
文件,请把这份文件发给我。,Please send this document to me.,ช่วยส่งเอกสารฉบับนี้มาให้ฉัน
正常,今天一切都很正常。,Everything is normal today.,วันนี้ทุกอย่างปกติดี
理发,我明天要去理发。,I'm going to get a haircut tomorrow.,พรุ่งนี้ฉันจะไปตัดผม
破,我的衣服破了一个洞。,My clothes have a torn hole.,เสื้อของฉันขาดเป็นรู
网站,这个网站的信息很多。,This website has a lot of information.,เว็บไซต์นี้มีข้อมูลเยอะมาก
美丽,这里的风景非常美丽。,The scenery here is very beautiful.,วิวที่นี่สวยงามมาก
限制,学校限制学生带手机。,The school restricts students from bringing phones.,โรงเรียนจำกัดไม่ให้นักเรียนพกโทรศัพท์มา
乱,他的房间总是很乱。,His room is always messy.,ห้องของเขารกอยู่เสมอ
人数,今天开会的人数不多。,The number of people at today's meeting isn't large.,จำนวนคนที่มาประชุมวันนี้ไม่เยอะ
任何,任何人都可以参加。,Anyone can participate.,ใครก็ได้สามารถเข้าร่วมได้
全部,这些问题他全部答对了。,He answered all of these questions correctly.,เขาตอบคำถามพวกนี้ถูกทั้งหมด
否则,快点走，否则要迟到了。,"Hurry up, otherwise we'll be late.",รีบหน่อย ไม่งั้นจะสาย
复杂,这个问题比较复杂。,This problem is fairly complicated.,ปัญหานี้ค่อนข้างซับซ้อน
来不及,我们来不及吃早饭了。,We don't have time to eat breakfast.,เราไม่ทันกินข้าวเช้าแล้ว
牙膏,牙膏用完了，要再买。,"The toothpaste is used up, need to buy more.",ยาสีฟันหมดแล้ว ต้องซื้อใหม่
留下,他把手机留下就走了。,He left his phone behind and left.,เขาทิ้งโทรศัพท์ไว้แล้วก็ไป
硕士,她正在读硕士学位。,She is currently pursuing a master's degree.,เธอกำลังเรียนปริญญาโท
积极,他工作一直很积极。,He has always been very active at work.,เขาทำงานอย่างกระตือรือร้นมาตลอด
范围,这个问题超出了范围。,This question is beyond the scope.,คำถามนี้อยู่นอกขอบเขต
著名,他是一位著名的医生。,He is a famous doctor.,เขาเป็นหมอที่มีชื่อเสียง
酸,这个苹果吃起来很酸。,This apple tastes very sour.,แอปเปิลลูกนี้รสเปรี้ยวมาก
香,妈妈做的菜真香。,The dishes mom makes are really fragrant.,อาหารที่แม่ทำหอมจริงๆ
厚,这本书很厚，要看很久。,"This book is very thick, it'll take a long time to read.",หนังสือเล่มนี้หนามาก ต้องใช้เวลาอ่านนาน
将,明天他将去北京。,Tomorrow he will go to Beijing.,พรุ่งนี้เขาจะไปปักกิ่ง
海洋,海洋里有很多鱼。,There are many fish in the ocean.,ในมหาสมุทรมีปลาเยอะมาก
而是,他不是老师，而是学生。,"He is not a teacher, but rather a student.",เขาไม่ใช่ครู แต่เป็นนักเรียนต่างหาก
邀请,他邀请我参加生日会。,He invited me to his birthday party.,เขาเชิญฉันไปงานวันเกิดของเขา
公里,这里离学校三公里。,It's three kilometers from here to school.,จากที่นี่ถึงโรงเรียนสามกิโลเมตร
顺序,请按顺序排好队。,Please line up in order.,กรุณาเข้าแถวตามลำดับ
选,你可以选一个颜色。,You can choose a color.,คุณเลือกสีได้หนึ่งสี
降低,这家店降低了价格。,This store lowered its prices.,ร้านนี้ลดราคาลง
亚洲,中国在亚洲东部。,China is in the eastern part of Asia.,ประเทศจีนอยู่ทางตะวันออกของทวีปเอเชีย
亲戚,春节我们去看亲戚。,During Spring Festival we visit relatives.,ช่วงตรุษจีนเราไปเยี่ยมญาติ
估计,我估计他明天会来。,I estimate he'll come tomorrow.,ฉันคาดว่าพรุ่งนี้เขาจะมา
保证,我保证按时完成作业。,I guarantee I'll finish the homework on time.,ฉันรับรองว่าจะทำการบ้านเสร็จตรงเวลา
写日记,她每天晚上写日记。,She writes in her diary every evening.,เธอเขียนไดอารี่ทุกคืน
咳嗽,他感冒了，一直咳嗽。,He has a cold and keeps coughing.,เขาเป็นหวัด ไอไม่หยุดเลย
商量,我们商量一下这件事。,Let's discuss this matter.,เรามาคุยเรื่องนี้กันหน่อย
垃圾,请把垃圾放进桶里。,Please put the trash in the bin.,ช่วยทิ้งขยะลงถังหน่อย
基础,打好基础很重要。,Building a good foundation is important.,วางพื้นฐานให้ดีสำคัญมาก
大概,他大概八点会到。,He'll probably arrive around eight.,เขาน่าจะมาถึงประมาณแปดโมง
尽管,尽管下雨，他还是来了。,"Although it rained, he still came.",ถึงแม้ฝนจะตก เขาก็ยังมา
放暑假,学校下周放暑假了。,School goes on summer vacation next week.,สัปดาห์หน้าโรงเรียนปิดเทอมฤดูร้อนแล้ว
汤,妈妈做了一碗汤。,Mom made a bowl of soup.,แม่ทำซุปมาหนึ่งชาม
然而,他很努力，然而没考好。,"He worked hard, however he didn't do well on the exam.",เขาพยายามมาก แต่กลับสอบได้ไม่ดี
特点,这个城市有很多特点。,This city has many characteristics.,เมืองนี้มีจุดเด่นหลายอย่าง
睡醒,他早上七点睡醒了。,He woke up at seven in the morning.,เขาตื่นนอนตอนเจ็ดโมงเช้า
研究生,我姐姐是研究生。,My sister is a graduate student.,พี่สาวฉันเป็นนักศึกษาปริญญาโท
究竟,你究竟想说什么？,What exactly do you want to say?,ตกลงเธอจะพูดอะไรกันแน่?
符合,这个答案符合要求。,This answer meets the requirements.,คำตอบนี้ตรงตามที่กำหนด
请客,今天我请客，你随便点。,"I'm treating today, order whatever you like.",วันนี้ฉันเลี้ยงเอง สั่งอะไรก็ได้ตามใจ
负责,这件事由他负责。,He is responsible for this matter.,เรื่องนี้เขาเป็นคนรับผิดชอบ
难受,他肚子疼，很难受。,"His stomach hurts, he feels very unwell.",เขาปวดท้อง รู้สึกไม่สบายมากเลย
饺子,过年时我们吃饺子。,We eat dumplings during New Year.,ช่วงปีใหม่เรากินเกี๊ยว
他人,请不要打扰他人。,Please don't disturb others.,กรุณาอย่ารบกวนคนอื่น
制造,这家工厂制造汽车。,This factory manufactures cars.,โรงงานนี้ผลิตรถยนต์
挺,这部电影挺有意思。,This movie is quite interesting.,หนังเรื่องนี้น่าสนใจดีทีเดียว
春节,春节的时候很热闹。,Spring Festival is very lively.,ช่วงตรุษจีนคึกคักมาก
申请,他正在申请这所大学。,He is applying to this university.,เขากำลังสมัครเข้ามหาวิทยาลัยแห่งนี้
确实,这道题确实很难。,This question is indeed very difficult.,ข้อนี้ยากจริงๆ
竟然,他竟然忘了我的名字。,He unexpectedly forgot my name.,เขาลืมชื่อฉันซะได้
进行,会议正在进行中。,The meeting is currently underway.,การประชุมกำลังดำเนินอยู่
千万,这个城市有千万人口。,This city has a population of ten million.,เมืองนี้มีประชากรสิบล้านคน
少数民族,中国有很多少数民族。,China has many ethnic minorities.,จีนมีชนกลุ่มน้อยหลายกลุ่ม
电话号码,请告诉我电话号码。,Please tell me your phone number.,ช่วยบอกเบอร์โทรศัพท์ให้ฉันหน่อย
离不开,生活离不开水和空气。,Life cannot do without water and air.,ชีวิตขาดน้ำและอากาศไม่ได้
连,连小孩都懂这个道理。,Even children understand this principle.,ขนาดเด็กยังเข้าใจเรื่องนี้เลย
发脾气,他生气地发脾气了。,He got angry and lost his temper.,เขาโกรธจนอารมณ์เสีย
可惜,可惜他没能来参加。,It's a pity he couldn't come to participate.,น่าเสียดายที่เขามาร่วมไม่ได้
心,她的心跳得很快。,Her heart is beating fast.,หัวใจเธอเต้นเร็วมาก
握手,他们见面就握手。,They shook hands when they met.,พอเจอกันพวกเขาก็จับมือกัน
猜,你猜他今年多大？,Guess how old he is this year?,เธอเดาซิว่าปีนี้เขาอายุเท่าไหร่
生,他生在一个普通家庭。,He was born into an ordinary family.,เขาเกิดในครอบครัวธรรมดา
能够,他能够解决问题。,He is capable of solving problems.,เขาสามารถแก้ปัญหาได้
做梦,我昨晚做梦了。,I dreamed last night.,เมื่อคืนฉันฝัน
一名,他是一名医生。,He is a doctor.,เขาเป็นหมอคนหนึ่ง
不得不,他不得不接受结果。,He had no choice but to accept the result.,เขาจำเป็นต้องยอมรับผลลัพธ์
主意,这是个好主意。,This is a good idea.,นี่เป็นความคิดที่ดี
偶尔,我偶尔会去游泳。,I occasionally go swimming.,ฉันไปว่ายน้ำเป็นบางครั้ง
到底,你到底想去哪里？,Where exactly do you want to go?,ตกลงเธออยากไปไหนกันแน่
加,三加五等于八。,Three plus five equals eight.,สามบวกห้าเท่ากับแปด
印象,他给我留下好印象。,He left me with a good impression.,เขาทำให้ฉันประทับใจมาก
号码,请写下你的号码。,Please write down your number.,ช่วยเขียนหมายเลขของเธอลงไปหน่อย
吵,他们俩又吵起来了。,The two of them started quarreling again.,สองคนนั้นทะเลาะกันอีกแล้ว
孙子,爷爷很爱他的孙子。,Grandpa loves his grandson very much.,ปู่รักหลานชายมาก
对面,他坐在我的对面。,He sits across from me.,เขานั่งตรงข้ามฉัน
干燥,这里的天气很干燥。,The weather here is very dry.,อากาศที่นี่แห้งมาก
性别,表格上要填性别。,You need to fill in gender on the form.,ในแบบฟอร์มต้องกรอกเพศด้วย
恐怕,恐怕明天会下雨。,I'm afraid it will rain tomorrow.,เกรงว่าพรุ่งนี้ฝนจะตก
打网球,我们周末一起打网球。,We play tennis together on weekends.,สุดสัปดาห์เราเล่นเทนนิสด้วยกัน
扩大,公司决定扩大规模。,The company decided to expand its scale.,บริษัทตัดสินใจขยายขนาดกิจการ
母亲,我的母亲是老师。,My mother is a teacher.,แม่ของฉันเป็นครู
毛巾,请把毛巾递给我。,Please hand me the towel.,ช่วยส่งผ้าเช็ดตัวให้ฉันหน่อย
羽毛球,他每天打羽毛球。,He plays badminton every day.,เขาเล่นแบดมินตันทุกวัน
责任心,她工作很有责任心。,She has a strong sense of responsibility at work.,เธอทำงานด้วยความรับผิดชอบสูงมาก
从来,这里从来都很安静。,It has always been very quiet here.,ที่นี่เงียบมาตลอด
内,三天内完成。,Finish within three days.,ทำให้เสร็จภายในสามวัน
实际上,实际上这个问题不难。,"In fact, this problem isn't difficult.",จริงๆ แล้วปัญหานี้ไม่ยาก
干,你在干什么？,What are you doing?,เธอกำลังทำอะไรอยู่
当时,当时我还是学生。,At that time I was still a student.,ตอนนั้นฉันยังเป็นนักเรียนอยู่
收到,我收到了你的信。,I received your letter.,ฉันได้รับจดหมายของเธอแล้ว
旅行,我们打算去旅行。,We plan to go traveling.,เราวางแผนจะไปเที่ยว
科学,他对科学很感兴趣。,He is very interested in science.,เขาสนใจวิทยาศาสตร์มาก
这份,这份工作很不错。,This job is quite good.,งานนี้ดีทีเดียว
互相,我们应该互相帮助。,We should help each other.,เราควรช่วยเหลือกันและกัน
冬季,冬季天气很冷。,The weather is very cold in winter.,ฤดูหนาวอากาศหนาวมาก
各,各位请安静。,Everyone please be quiet.,ทุกท่านช่วยเงียบหน่อย
海洋馆,周末我们去海洋馆。,We're going to the aquarium this weekend.,สุดสัปดาห์นี้เราจะไปพิพิธภัณฑ์สัตว์น้ำ
喜爱,大家都喜爱这首歌。,Everyone loves this song.,ทุกคนชอบเพลงนี้
金钱,金钱不能买到幸福。,Money can't buy happiness.,เงินซื้อความสุขไม่ได้
高速公路,我们开车走高速公路。,We drove on the expressway.,เราขับรถไปทางด่วน
一切,一切都会好起来的。,Everything will turn out fine.,ทุกอย่างจะดีขึ้นเอง
不停,他不停地说话。,He talks incessantly.,เขาพูดไม่หยุดเลย
专门,这是专门为孩子设计的。,This is specially designed for children.,อันนี้ออกแบบมาเพื่อเด็กโดยเฉพาะ
世纪,这是二十一世纪。,This is the twenty-first century.,นี่คือศตวรรษที่ยี่สิบเอ็ด
严格,老师对我们很严格。,The teacher is very strict with us.,คุณครูเข้มงวดกับเรามาก
判断,你要自己判断对错。,You need to judge right from wrong yourself.,เธอต้องตัดสินถูกผิดด้วยตัวเอง
判断力,他的判断力很强。,His judgment is very strong.,เขามีวิจารณญาณดีมาก
到处,到处都是人。,There are people everywhere.,มีคนเต็มไปหมดทุกที่
可,我很累，可我还要工作。,"I'm tired, but I still have to work.",ฉันเหนื่อยมาก แต่ก็ยังต้องทำงาน
可怜,这只小猫很可怜。,This kitten is very pitiful.,ลูกแมวตัวนี้น่าสงสารมาก
同情心,她很有同情心。,She has a lot of compassion.,เธอเป็นคนมีความเห็นอกเห็นใจมาก
填表格,请先填表格。,Please fill in the form first.,ช่วยกรอกแบบฟอร์มก่อนนะ
成,这件事一定能成。,This matter will definitely work out.,เรื่องนี้ต้องสำเร็จแน่นอน
房租,这个月房租涨了。,The rent went up this month.,เดือนนี้ค่าเช่าบ้านขึ้น
招聘,公司正在招聘新员工。,The company is recruiting new employees.,บริษัทกำลังรับสมัครพนักงานใหม่
掉,钱包掉在地上了。,The wallet fell on the ground.,กระเป๋าเงินตกอยู่บนพื้น
无论,无论多忙，他都会锻炼。,"No matter how busy he is, he still exercises.",ไม่ว่าจะยุ่งแค่ไหน เขาก็ออกกำลังกาย
极其,这道题极其简单。,This problem is extremely simple.,ข้อนี้ง่ายมากๆ เลย
洗衣机,洗衣机坏了。,The washing machine is broken.,เครื่องซักผ้าเสีย
流利,她说汉语很流利。,She speaks Chinese fluently.,เธอพูดภาษาจีนได้คล่องมาก
稍微,请稍微等一下。,Please wait just a little bit.,ช่วยรอสักครู่นะ
篇,我写了一篇文章。,I wrote an article.,ฉันเขียนบทความหนึ่งบท
自然,我们要保护自然。,We must protect nature.,เราต้องปกป้องธรรมชาติ
获得成功,他终于获得成功。,He finally achieved success.,ในที่สุดเขาก็ประสบความสำเร็จ
购买,顾客可以在网上购买。,Customers can purchase online.,ลูกค้าสามารถซื้อสินค้าออนไลน์ได้
赚钱,他努力工作赚钱。,He works hard to earn money.,เขาทำงานหนักเพื่อหาเงิน
躺,他躺在床上休息。,He lay on the bed to rest.,เขานอนพักอยู่บนเตียง
部分,这只是一部分。,This is only a part.,นี่เป็นแค่ส่วนหนึ่งเท่านั้น
随便,你随便坐就行。,Just sit wherever you like.,นั่งตรงไหนก็ได้ตามสบาย
预习,我每天预习课文。,I preview the lesson text every day.,ฉันอ่านบทเรียนล่วงหน้าทุกวัน
饼干,孩子喜欢吃饼干。,Children like to eat biscuits.,เด็กๆ ชอบกินคุกกี้
高级,这是一家高级饭店。,This is a high-end restaurant.,นี่เป็นร้านอาหารระดับหรู
举办,学校举办了运动会。,The school held a sports meet.,โรงเรียนจัดการแข่งขันกีฬา
之前,下班之前给我打电话。,Call me before you get off work.,โทรหาฉันก่อนเลิกงานนะ
出汗,跑步后他出汗了。,He sweated after running.,หลังวิ่งเสร็จเขาเหงื่อออก
反映,这份报告反映了问题。,This report reflects the problem.,รายงานฉบับนี้สะท้อนปัญหา
大部分,大部分学生都喜欢这门课。,Most students like this course.,นักเรียนส่วนใหญ่ชอบวิชานี้
市场,妈妈去市场买菜。,Mom went to the market to buy vegetables.,แม่ไปตลาดซื้อกับข้าว
服务,这家饭店服务很好。,This restaurant's service is very good.,ร้านอาหารร้านนี้บริการดีมาก
本来,我本来打算去旅行。,I originally planned to go traveling.,เดิมทีฉันวางแผนจะไปเที่ยว
正好,这件衣服大小正好。,This piece of clothing fits just right.,เสื้อตัวนี้ขนาดพอดีเลย
浪费时间,别浪费时间了。,Stop wasting time.,อย่าเสียเวลาเลย
留,他留下一封信。,He left behind a letter.,เขาทิ้งจดหมายไว้ฉบับหนึ่ง
盐,汤里放点盐。,Put some salt in the soup.,ใส่เกลือลงในซุปหน่อย
科学技术,科学技术发展很快。,Science and technology develop quickly.,วิทยาศาสตร์และเทคโนโลยีพัฒนาเร็วมาก
笨,我不笨，只是粗心。,"I'm not stupid, just careless.",ฉันไม่ได้โง่ แค่สะเพร่า
美好,祝你有美好的一天。,Wish you a wonderful day.,ขอให้เธอมีวันดีๆ นะ
至少,你至少要休息一下。,You should rest for at least a bit.,อย่างน้อยเธอก็ควรพักสักหน่อย
苦,这个药很苦。,This medicine is very bitter.,ยานี้ขมมาก
邀请信,我收到了一封邀请信。,I received an invitation letter.,ฉันได้รับจดหมายเชิญฉบับหนึ่ง
之后,下课之后我们去吃饭。,After class we'll go eat.,หลังเลิกเรียนเราไปกินข้าวกัน
其,每个人都有其优点。,Everyone has their own strengths.,ทุกคนต่างมีจุดเด่นของตัวเอง
寒假,寒假我要去旅行。,During winter vacation I want to travel.,ปิดเทอมฤดูหนาวฉันจะไปเที่ยว
梦,我做了一个奇怪的梦。,I had a strange dream.,ฉันฝันแปลกๆ ไปหนึ่งเรื่อง
狮子,狮子是森林之王。,The lion is the king of the forest.,สิงโตเป็นราชาแห่งป่า
错误,这个答案是错误的。,This answer is wrong.,คำตอบนี้ผิด
弃,请不要弃我而去。,Please don't abandon me and leave.,อย่าทิ้งฉันไปเลยนะ
车族,越来越多的人加入车族。,More and more people are joining the car-owning group.,มีคนเข้าร่วมกลุ่มคนมีรถมากขึ้นเรื่อยๆ
严格要求,老师严格要求我们按时完成作业。,The teacher strictly requires us to finish homework on time.,คุณครูเข้มงวดกับเรา ให้ทำการบ้านเสร็จตรงเวลา
于,他生于北京。,He was born in Beijing.,เขาเกิดที่ปักกิ่ง
于是,他很累，于是就睡了。,"He was tired, so he went to sleep.",เขาเหนื่อยมาก เลยเข้านอน
五份,请复印五份。,Please make five copies.,ช่วยถ่ายเอกสารห้าชุด
交朋友,我喜欢交朋友。,I like making friends.,ฉันชอบคบเพื่อน
传真机,办公室有一台传真机。,There's a fax machine in the office.,ในออฟฟิศมีเครื่องแฟกซ์อยู่เครื่องหนึ่ง
保护环境,我们应该保护环境。,We should protect the environment.,เราควรปกป้องสิ่งแวดล้อม
修,他在修自行车。,He is fixing the bicycle.,เขากำลังซ่อมจักรยาน
停,车突然停了。,The car suddenly stopped.,รถหยุดกะทันหัน
入口,入口在这边。,The entrance is over here.,ทางเข้าอยู่ทางนี้
农村,我爷爷住在农村。,My grandfather lives in the countryside.,ปู่ของฉันอาศัยอยู่ในชนบท
减轻,多休息能减轻疲劳。,Getting more rest can ease fatigue.,พักผ่อนมากๆ ช่วยลดความเหนื่อยล้าได้
别着急,遇到问题别着急。,Don't worry when you run into a problem.,เจอปัญหาก็อย่าเพิ่งร้อนใจ
吃水果,多吃水果对身体好。,Eating more fruit is good for your health.,กินผลไม้เยอะๆ ดีต่อสุขภาพ
咱们,咱们一起去公园吧。,Let's go to the park together.,พวกเราไปสวนสาธารณะด้วยกันเถอะ
回到,他终于回到家了。,He finally returned home.,ในที่สุดเขาก็กลับถึงบ้าน
地点,请告诉我聚会地点。,Please tell me the location of the party.,ช่วยบอกสถานที่จัดงานปาร์ตี้ให้ฉันหน่อย
寄信,我去邮局寄信。,I'm going to the post office to mail a letter.,ฉันไปส่งจดหมายที่ไปรษณีย์
工具,这是修车的工具。,This is a tool for repairing cars.,นี่เป็นเครื่องมือซ่อมรถ
已,他已回家了。,He has already gone home.,เขากลับบ้านไปแล้ว
弄,你在弄什么？,What are you doing?,เธอกำลังทำอะไรอยู่
弄清楚,我们要弄清楚原因。,We need to figure out the reason.,เราต้องหาสาเหตุให้กระจ่าง
技术,他的技术很好。,His skills are very good.,ทักษะเขาดีมาก
抬,他抬起头看着我。,He lifted his head and looked at me.,เขาเงยหน้าขึ้นมองฉัน
月底,我月底回国。,I'm going back to my country at the end of the month.,สิ้นเดือนฉันจะกลับประเทศ
植物园,周末我们去植物园。,This weekend we're going to the botanical garden.,สุดสัปดาห์นี้เราจะไปสวนพฤกษศาสตร์
深,这条河很深。,This river is very deep.,แม่น้ำสายนี้ลึกมาก
窄,这条路很窄。,This road is very narrow.,ถนนสายนี้แคบมาก
美,这里的风景很美。,The scenery here is very beautiful.,วิวที่นี่สวยมาก
节约用水,大家应该节约用水。,Everyone should conserve water.,ทุกคนควรประหยัดน้ำ
行,他行遍了中国。,He has traveled all over China.,เขาเดินทางไปทั่วประเทศจีน
表格,请填写这张表格。,Please fill out this form.,ช่วยกรอกแบบฟอร์มนี้หน่อย
软,这个枕头很软。,This pillow is very soft.,หมอนใบนี้นุ่มมาก
输赢,比赛的输赢不重要。,Winning or losing the game doesn't matter.,การแพ้ชนะในเกมไม่สำคัญ
这场,这场比赛很精彩。,This match was very exciting.,การแข่งขันครั้งนี้สนุกมาก
逛街,周末我们去逛街。,We're going window-shopping this weekend.,สุดสัปดาห์เราไปเดินเล่นช้อปปิ้งกัน
遇事,遇事要冷静。,"When problems arise, stay calm.",เจอเรื่องอะไรก็ต้องใจเย็น
不了,"这么多菜,我吃不了。","There's so much food, I can't finish it all.",อาหารเยอะขนาดนี้ ฉันกินไม่หมดหรอก
乘客,乘客请排队上车。,Passengers please line up to board.,ผู้โดยสารกรุณาต่อแถวขึ้นรถ
在读,我弟弟在读大学。,My younger brother is currently studying at university.,น้องชายฉันกำลังเรียนมหาวิทยาลัยอยู่
大约,大约五点到家。,I'll get home at around five o'clock.,ประมาณห้าโมงถึงบ้าน
定,我们定好时间吧。,Let's set a time.,เรามานัดเวลากันเถอะ
家人,我很想念家人。,I miss my family very much.,ฉันคิดถึงครอบครัวมาก
建议,我建议早点出发。,I suggest leaving early.,ฉันแนะนำว่าออกเดินทางเร็วหน่อยดีกว่า
爱情故事,这是一个爱情故事。,This is a love story.,นี่เป็นเรื่องราวความรัก
看着,他看着我笑了。,He looked at me and smiled.,เขามองฉันแล้วยิ้ม
科学家,他是有名的科学家。,He is a famous scientist.,เขาเป็นนักวิทยาศาสตร์ที่มีชื่อเสียง
聚会,今晚有一个聚会。,There's a party tonight.,คืนนี้มีงานปาร์ตี้
自备,请大家自备雨伞。,Please bring your own umbrella.,ขอให้ทุกคนเตรียมร่มมาเอง
运动员,他是一名运动员。,He is an athlete.,เขาเป็นนักกีฬาคนหนึ่ง
遇到困难,我们遇到困难了。,We've run into difficulties.,เราเจออุปสรรคแล้ว
不可,这件事不可拖延。,This matter cannot be delayed.,เรื่องนี้จะเลื่อนออกไปไม่ได้
做法,这种做法不对。,This way of doing it is wrong.,วิธีทำแบบนี้ไม่ถูก
写错,我把名字写错了。,I wrote the name wrong.,ฉันเขียนชื่อผิด
女人,那个女人是老师。,That woman is a teacher.,ผู้หญิงคนนั้นเป็นครู
按,请按这个按钮。,Please press this button.,ช่วยกดปุ่มนี้หน่อย
灯,请关灯睡觉吧。,Please turn off the light and go to sleep.,ปิดไฟแล้วนอนเถอะ
老虎,动物园里有老虎。,There are tigers at the zoo.,ในสวนสัตว์มีเสือ
艺术节,学校举办艺术节。,The school is holding an arts festival.,โรงเรียนจัดงานเทศกาลศิลปะ
责任感,他很有责任感。,He has a strong sense of responsibility.,เขาเป็นคนมีความรับผิดชอบสูง
购物袋,请自带购物袋。,Please bring your own shopping bag.,ช่วยเอาถุงช้อปปิ้งมาเองนะ
够,钱不够买这个。,The money isn't enough to buy this.,เงินไม่พอซื้ออันนี้
富,这个国家很富。,This country is very wealthy.,ประเทศนี้ร่ำรวยมาก
丽江,我们去丽江旅游。,We're traveling to Lijiang.,เราไปเที่ยวลี่เจียง
南风,今天刮南风。,There's a south wind blowing today.,วันนี้ลมใต้พัด
海底,海底有很多鱼。,There are many fish at the bottom of the sea.,ใต้ทะเลมีปลาเยอะ
一份,我要一份炒饭。,I'd like one order of fried rice.,ฉันขอข้าวผัดหนึ่งที่
不仅仅,他不仅仅是老师。,He isn't just a teacher.,เขาไม่ใช่แค่ครู
互相理解,夫妻要互相理解。,Husband and wife need to understand each other.,สามีภรรยาต้องเข้าใจกัน
借钱,我想跟你借钱。,I want to borrow money from you.,ฉันอยากขอยืมเงินเธอ
停车,这里不能停车。,You can't park here.,ที่นี่จอดรถไม่ได้
停车场,商场旁边有停车场。,There's a parking lot next to the mall.,ข้างห้างมีที่จอดรถ
全世界,他去过全世界。,He has traveled all over the world.,เขาไปมาทั่วโลกแล้ว
其他人,别管其他人怎么想。,Don't worry about what other people think.,อย่าไปสนว่าคนอื่นคิดยังไง
其次,"首先洗菜,其次切肉。","First wash the vegetables, then cut the meat.",ก่อนอื่นล้างผัก จากนั้นค่อยหั่นเนื้อ
冷静下来,请大家冷静下来。,Please everyone calm down.,ทุกคนใจเย็นๆ ก่อนนะ
动,"风一吹,树叶动了。",The wind blew and the leaves moved.,พอลมพัด ใบไม้ก็ไหว
半小时,我等了半小时。,I waited for half an hour.,ฉันรอมาครึ่งชั่วโมงแล้ว
发传真,请帮我发传真。,Please send a fax for me.,ช่วยส่งแฟกซ์ให้ฉันหน่อย
受不了,这个味道我受不了。,I can't stand this smell.,กลิ่นนี้ฉันทนไม่ไหว
各位,各位请注意安全。,Everyone please pay attention to safety.,ทุกท่านระวังความปลอดภัยด้วย
垃圾桶,垃圾桶在门口。,The trash can is by the door.,ถังขยะอยู่ตรงประตู
复印机,复印机坏了。,The photocopier is broken.,เครื่องถ่ายเอกสารเสีย
多喝水,感冒了要多喝水。,"When you have a cold, drink more water.",เป็นหวัดต้องดื่มน้ำเยอะๆ
天黑,"天黑了,快回家。","It's getting dark, hurry home.",ฟ้ามืดแล้ว รีบกลับบ้านเถอะ
姓名,请写下你的姓名。,Please write down your full name.,ช่วยเขียนชื่อ-นามสกุลของเธอด้วย
我会,我会说汉语。,I can speak Chinese.,ฉันพูดภาษาจีนได้
戴,她戴着一顶帽子。,She is wearing a hat.,เธอสวมหมวกอยู่
房东,我的房东人很好。,My landlord is very nice.,เจ้าของบ้านฉันใจดีมาก
所有人,所有人都到了。,Everyone has arrived.,ทุกคนมากันครบแล้ว
排队,大家都在排队。,Everyone is lining up.,ทุกคนกำลังต่อแถวอยู่
接受批评,他不能接受批评。,He can't accept criticism.,เขารับคำวิจารณ์ไม่ได้
散散步,吃完饭去散散步。,Let's go for a stroll after eating.,กินข้าวเสร็จไปเดินเล่นกัน
日记,我每天写日记。,I write in my diary every day.,ฉันเขียนไดอารี่ทุกวัน
照相,我们在这里照相。,Let's take a photo here.,เราถ่ายรูปกันตรงนี้
环境保护,环境保护很重要。,Environmental protection is very important.,การรักษาสิ่งแวดล้อมสำคัญมาก
环境污染,环境污染很严重。,Environmental pollution is very serious.,มลพิษทางสิ่งแวดล้อมรุนแรงมาก
现代人,现代人压力很大。,Modern people have a lot of stress.,คนสมัยนี้เครียดกันมาก
相比,跟以前相比，现在更好。,"Compared to before, things are better now.",เทียบกับเมื่อก่อน ตอนนี้ดีกว่าเยอะ
笔记,我上课认真做笔记。,I take notes carefully in class.,ฉันตั้งใจจดโน้ตตอนเรียน
第一印象,他给我的第一印象很好。,He gave me a very good first impression.,ความประทับใจแรกที่เขาให้ฉันดีมาก
算,你帮我算一下多少钱。,Please help me calculate how much money it is.,ช่วยคิดเงินให้หน่อยว่าเท่าไหร่
篇文章,他写了一篇文章。,He wrote an article.,เขาเขียนบทความมาหนึ่งชิ้น
组成,这些字组成一个词。,These characters form a word.,ตัวอักษรพวกนี้ประกอบกันเป็นคำ
组织,学校组织了一次旅行。,The school organized a trip.,โรงเรียนจัดทริปหนึ่งครั้ง
考虑一下,这个问题我要考虑一下。,I need to think this problem over.,เรื่องนี้ฉันขอคิดดูก่อน
自信,他说话很自信。,He speaks very confidently.,เขาพูดจาอย่างมั่นใจ
说明书,请你看一下说明书。,Please take a look at the instruction manual.,ช่วยดูคู่มือการใช้งานหน่อย
调查结果,调查结果让大家很意外。,The survey results surprised everyone.,ผลสำรวจทำให้ทุกคนประหลาดใจ
责任,这是我的责任。,This is my responsibility.,นี่คือความรับผิดชอบของฉัน
身上,他身上没有钱。,He has no money on him.,เขาไม่มีเงินติดตัว
身边,她一直在我身边。,She has always been by my side.,เธออยู่ข้างๆ ฉันมาตลอด
速度快,这辆车速度快。,This car is fast.,รถคันนี้วิ่งเร็ว
邮局,邮局在银行旁边。,The post office is next to the bank.,ไปรษณีย์อยู่ข้างธนาคาร
顺便,你出去时顺便买牛奶。,"When you go out, buy some milk on the way.",ตอนออกไปแวะซื้อนมมาด้วยนะ
鼓掌,大家都为他鼓掌。,Everyone applauded for him.,ทุกคนปรบมือให้เขา
一生,他一生都很努力。,He worked hard his whole life.,เขาขยันมาทั้งชีวิต
一门,汉语是一门有趣的课。,Chinese is an interesting course.,ภาษาจีนเป็นวิชาที่น่าสนใจ
交给,请把作业交给老师。,Please hand the homework to the teacher.,ช่วยส่งการบ้านให้ครูด้วย
假,这是一个假消息。,This is a fake piece of news.,นี่คือข่าวปลอม
假话,他从不说假话。,He never tells lies.,เขาไม่เคยพูดโกหก
刚刚,他刚刚离开这里。,He just left here a moment ago.,เขาเพิ่งออกไปจากที่นี่เมื่อกี้
功夫,他的功夫非常厉害。,His skill is extremely impressive.,ฝีมือเขาเก่งมาก
发现自己,我发现自己爱上了她。,I found myself falling in love with her.,ฉันพบว่าตัวเองตกหลุมรักเธอ
同样,我们有同样的想法。,We have the same idea.,เรามีความคิดเหมือนกัน
周围环境,这里的周围环境很安静。,The surrounding environment here is quiet.,สภาพแวดล้อมรอบๆ ที่นี่เงียบมาก
大学生,她是一名大学生。,She is a university student.,เธอเป็นนักศึกษามหาวิทยาลัย
大小,这双鞋大小合适。,This pair of shoes is the right size.,รองเท้าคู่นี้ขนาดพอดี
抱,妈妈抱着孩子。,The mother is holding the child.,แม่อุ้มลูกอยู่
提,他提着一个包。,He is carrying a bag.,เขาหิ้วกระเป๋าอยู่ใบหนึ่ง
故意,他不是故意的。,He didn't do it on purpose.,เขาไม่ได้ตั้งใจ
有效,这个方法很有效。,This method is very effective.,วิธีนี้ได้ผลดีมาก
现代汉语,我在学习现代汉语。,I am studying modern Chinese.,ฉันกำลังเรียนภาษาจีนสมัยใหม่
美食,这座城市有很多美食。,This city has a lot of delicious food.,เมืองนี้มีของอร่อยเยอะ
聊,我们聊了很久。,We chatted for a long time.,เราคุยกันนานมาก
葡萄酒,他喜欢喝葡萄酒。,He likes to drink wine.,เขาชอบดื่มไวน์
这时,这时门突然开了。,"At this moment, the door suddenly opened.",ตอนนั้นประตูก็เปิดขึ้นมาทันที
这本,这本书很有意思。,This book is very interesting.,หนังสือเล่มนี้น่าสนใจมาก
进入,他进入了教室。,He entered the classroom.,เขาเข้าไปในห้องเรียน
郊区,他们住在郊区。,They live in the suburbs.,พวกเขาอยู่ชานเมือง
骗人,他从来不骗人。,He never cheats anyone.,เขาไม่เคยหลอกใคร
十几岁,她今年十几岁。,She is in her teens this year.,ปีนี้เธออายุสิบกว่าขวบ
步入,他慢慢步入房间。,He slowly stepped into the room.,เขาค่อยๆ ก้าวเข้าไปในห้อง
演,他在电影里演警察。,He plays a police officer in the movie.,เขาแสดงเป็นตำรวจในหนัง
生活习惯,早睡是好的生活习惯。,Going to bed early is a good lifestyle habit.,นอนเร็วเป็นนิสัยการใช้ชีวิตที่ดี
目的地,我们终于到达目的地。,We finally arrived at our destination.,ในที่สุดเราก็ถึงจุดหมาย
睡觉时间,现在是睡觉时间了。,It's bedtime now.,ตอนนี้ถึงเวลานอนแล้ว
矿泉水,请给我一瓶矿泉水。,Please give me a bottle of mineral water.,ขอน้ำแร่ขวดหนึ่ง
网球,他每周打网球。,He plays tennis every week.,เขาเล่นเทนนิสทุกสัปดาห์
难题,这是一个难题。,This is a difficult problem.,นี่เป็นปัญหาที่ยาก
女孩子,那个女孩子很漂亮。,That girl is very pretty.,เด็กผู้หญิงคนนั้นสวยมาก
小名,他的小名叫小虎。,His childhood nickname is Xiaohu.,ชื่อเล่นตอนเด็กของเขาคือเสี่ยวหู่
高大,那棵树非常高大。,That tree is very tall.,ต้นไม้ต้นนั้นสูงใหญ่มาก
一张,我买了一张票。,I bought a ticket.,ฉันซื้อตั๋วมาหนึ่งใบ
一本,我借了一本书。,I borrowed a book.,ฉันยืมหนังสือมาหนึ่งเล่ม
一般来说,一般来说，他很准时。,"Generally speaking, he is very punctual.",โดยทั่วไปแล้ว เขาตรงเวลามาก
一遍,请你再说一遍。,Please say it one more time.,ช่วยพูดอีกครั้งหนึ่ง
下列,请看下列内容。,Please look at the following content.,ช่วยดูเนื้อหาต่อไปนี้
不知,我不知这件事是真是假。,I don't know whether this matter is true or false.,ฉันไม่รู้ว่าเรื่องนี้จริงหรือปลอม
不礼貌,那样做很不礼貌。,Doing that is very impolite.,ทำแบบนั้นเสียมารยาทมาก
不符,这与事实不符。,This does not agree with the facts.,อันนี้ไม่ตรงกับความจริง
不起作用,这个药不起作用。,This medicine has no effect.,ยานี้ไม่ได้ผล
之,父母之爱最伟大。,Parents' love is the greatest.,ความรักของพ่อแม่ยิ่งใหญ่ที่สุด
二层,我的教室在二层。,My classroom is on the second floor.,ห้องเรียนฉันอยู่ชั้นสอง
从来不,我从来不迟到。,I am never late.,ฉันไม่เคยมาสาย
以上,十八岁以上才能进。,Only those eighteen or above can enter.,อายุสิบแปดปีขึ้นไปถึงจะเข้าได้
以外,除了他以外都来了。,Everyone came except him.,นอกจากเขาแล้วมากันหมด
作家,她是一位有名的作家。,She is a famous author.,เธอเป็นนักเขียนชื่อดัง
信任别人,我们要学会信任别人。,We should learn to trust others.,เราต้องเรียนรู้ที่จะไว้ใจคนอื่น
信封,她把信放进信封。,She put the letter into the envelope.,เธอใส่จดหมายลงในซอง
信息,这是一个重要信息。,This is an important piece of information.,นี่เป็นข้อมูลสำคัญ
停止,雨终于停止了。,The rain finally stopped.,ในที่สุดฝนก็หยุด
光,屋子里没有光。,There is no light in the room.,ในห้องไม่มีแสง
关注,大家都很关注这件事。,Everyone is paying close attention to this matter.,ทุกคนให้ความสนใจกับเรื่องนี้มาก
出错,他工作时出错了。,He made a mistake while working.,เขาทำผิดพลาดตอนทำงาน
前方,前方有一家商店。,There is a shop ahead.,ข้างหน้ามีร้านค้าอยู่ร้านหนึ่ง
十分满意,老师对结果十分满意。,The teacher is very satisfied with the result.,ครูพอใจกับผลลัพธ์มาก
半价,这些衣服现在半价。,These clothes are half price now.,ตอนนี้เสื้อผ้าพวกนี้ลดครึ่งราคา
卫生间,卫生间在楼下。,The bathroom is downstairs.,ห้องน้ำอยู่ชั้นล่าง
变暖,天气开始变暖了。,The weather is starting to warm up.,อากาศเริ่มอุ่นขึ้นแล้ว
另一方面,另一方面，他很努力。,"On the other hand, he works very hard.",ในอีกด้านหนึ่ง เขาก็ขยันมาก
只不过,这只不过是个玩笑。,This is merely a joke.,นี่ก็แค่เรื่องล้อเล่น
只好,下雨了，我只好回家。,"It started raining, so I had no choice but to go home.",ฝนตก ฉันเลยจำเป็นต้องกลับบ้าน
叫做,这种鸟叫做喜鹊。,This kind of bird is called a magpie.,นกชนิดนี้เรียกว่านกสาลิกา
台,他买了一台电脑。,He bought a computer.,เขาซื้อคอมพิวเตอร์มาหนึ่งเครื่อง
吃糖,小孩子喜欢吃糖。,Children like to eat candy.,เด็กๆ ชอบกินลูกอม
各种,商店里有各种水果。,The store has all kinds of fruit.,ในร้านมีผลไม้หลากหลายชนิด
唱歌跳舞,他们喜欢唱歌跳舞。,They like singing and dancing.,พวกเขาชอบร้องเพลงเต้นรำ
圆,这个盘子是圆的。,This plate is round.,จานใบนี้กลม
填,请填一下这张表格。,Please fill in this form.,ช่วยกรอกแบบฟอร์มนี้หน่อย
增加收入,新工作能增加收入。,The new job can increase income.,งานใหม่ช่วยเพิ่มรายได้
处,附近有一处公园。,There is a park nearby.,แถวนี้มีสวนสาธารณะอยู่แห่งหนึ่ง
大学毕业,他今年大学毕业。,He graduates from university this year.,ปีนี้เขาเรียนจบมหาวิทยาลัย
大雨,外面下着大雨。,It's raining heavily outside.,ข้างนอกฝนตกหนัก
学到,我在这里学到很多。,I have learned a lot here.,ฉันได้เรียนรู้อะไรเยอะแยะที่นี่
安全感,家给我安全感。,Home gives me a sense of security.,บ้านให้ความรู้สึกปลอดภัยกับฉัน
客厅,客厅里有一张沙发。,There is a sofa in the living room.,ในห้องนั่งเล่นมีโซฟาตัวหนึ่ง
家具店,我们去家具店买桌子。,We're going to the furniture store to buy a table.,เราไปร้านเฟอร์นิเจอร์ซื้อโต๊ะกัน
小孩,那个小孩在哭。,That child is crying.,เด็กคนนั้นกำลังร้องไห้
尝,你尝尝这个菜。,Try tasting this dish.,ลองชิมอาหารจานนี้สิ
干什么,你在干什么呢？,What are you doing?,เธอกำลังทำอะไรอยู่?
年前,三年前我来北京。,I came to Beijing three years ago.,สามปีก่อนฉันมาปักกิ่ง
年底,我们年底放假。,We have vacation at the end of the year.,เราหยุดยาวช่วงปลายปี
应聘,他去公司应聘工作。,He went to the company to apply for a job.,เขาไปสมัครงานที่บริษัท
度,我们在海边度周末。,We're spending the weekend at the beach.,เราไปใช้เวลาสุดสัปดาห์ที่ชายทะเล
开心,今天我很开心。,I am very happy today.,วันนี้ฉันมีความสุขมาก
很穷,他家以前很穷。,His family used to be very poor.,เมื่อก่อนบ้านเขาจนมาก
很脏,这条街很脏。,This street is very dirty.,ถนนสายนี้สกปรกมาก
得不到,他得不到那份工作。,He can't get that job.,เขาไม่ได้งานนั้น
心情愉快,今天她心情愉快。,She is in a cheerful mood today.,วันนี้เธออารมณ์ดี
怎么回事,这到底是怎么回事？,What on earth is going on?,นี่มันเกิดอะไรขึ้นกันแน่?
急,这件事很急。,This matter is urgent.,เรื่องนี้ด่วนมาก
感,他深有所感。,He felt deeply moved.,เขารู้สึกซาบซึ้งใจมาก
感谢您,感谢您的帮助。,Thank you for your help.,ขอบคุณสำหรับความช่วยเหลือของคุณ
成千上万,成千上万的人来看。,Thousands upon thousands of people came to see it.,คนเป็นพันเป็นหมื่นมาดู
戴眼镜,他喜欢戴眼镜。,He likes wearing glasses.,เขาชอบใส่แว่น
拉近,聊天能拉近距离。,Chatting can draw people closer.,การคุยกันช่วยทำให้ใกล้ชิดกันมากขึ้น
招聘会,学校举办了招聘会。,The school held a job fair.,โรงเรียนจัดงานรับสมัครงาน
提前结束,会议提前结束了。,The meeting ended early.,การประชุมจบก่อนเวลา
擦破,他擦破了手臂。,He scraped open his arm.,เขาทำแขนถลอก
放寒假,学校下周放寒假。,The school starts winter vacation next week.,สัปดาห์หน้าโรงเรียนปิดเทอมฤดูหนาว
放松,周末在家放松一下。,Relax at home over the weekend.,สุดสัปดาห์อยู่บ้านผ่อนคลายหน่อย
敢于,我们要敢于尝试。,We must dare to try.,เราต้องกล้าที่จะลอง
敲,外面有人在敲门。,Someone is knocking on the door outside.,ข้างนอกมีคนเคาะประตู
无,他无话可说。,He has nothing to say.,เขาไม่มีอะไรจะพูด
既然,既然你来了，就坐吧。,"Since you're here, sit down.",ในเมื่อเธอมาแล้ว ก็นั่งลงเถอะ
易懂,这本书简单易懂。,This book is simple and easy to understand.,หนังสือเล่มนี้ง่ายและเข้าใจง่าย
昨晚,昨晚我没睡好。,I didn't sleep well last night.,เมื่อคืนฉันนอนไม่ค่อยหลับ
暑假,暑假我要去旅游。,I'm going to travel during summer vacation.,ปิดเทอมฤดูร้อนฉันจะไปเที่ยว
最终,他最终成功了。,He finally succeeded.,ในที่สุดเขาก็สำเร็จ
来到,我们来到了北京。,We arrived in Beijing.,เรามาถึงปักกิ่งแล้ว
棵,门口有一棵树。,There is a tree by the doorway.,ตรงประตูมีต้นไม้อยู่ต้นหนึ่ง
步行,我每天步行上班。,I walk to work every day.,ฉันเดินไปทำงานทุกวัน
死,那只小猫死了。,That kitten died.,ลูกแมวตัวนั้นตายแล้ว
海水,海水又蓝又干净。,The seawater is blue and clean.,น้ำทะเลทั้งสีฟ้าทั้งสะอาด
灯不亮,客厅的灯不亮了。,The living room light won't turn on.,ไฟห้องนั่งเล่นไม่ติดแล้ว
理发店,我要去理发店剪发。,I'm going to the barbershop to get a haircut.,ฉันจะไปตัดผมที่ร้านตัดผม
生活态度,他的生活态度很好。,His attitude toward life is very good.,ทัศนคติต่อชีวิตของเขาดีมาก
申请材料,请准备申请材料。,Please prepare the application materials.,ช่วยเตรียมเอกสารการสมัครด้วย
盒子,桌子上有一个盒子。,There is a box on the table.,บนโต๊ะมีกล่องอยู่ใบหนึ่ง
相互,我们要相互帮助。,We should help each other.,เราต้องช่วยเหลือกันและกัน
省,坐公交能省钱。,Taking the bus can save money.,นั่งรถเมล์ช่วยประหยัดเงิน
看不到,太远了，看不到。,"It's too far, I can't see it.",ไกลเกินไป มองไม่เห็น
真让人,这个消息真让人高兴。,This news really makes people happy.,ข่าวนี้ทำให้คนดีใจจริงๆ
短信,他给我发了短信。,He sent me a text message.,เขาส่งข้อความมาหาฉัน
短时间,短时间内学不会。,You can't learn it in a short time.,เรียนไม่ได้ในเวลาสั้นๆ
祝贺,我祝贺你毕业。,I congratulate you on graduating.,ฉันขอแสดงความยินดีที่เธอเรียนจบ
空,这个杯子是空的。,This cup is empty.,แก้วใบนี้ว่างเปล่า
管理者,他是公司的管理者。,He is the manager of the company.,เขาเป็นผู้บริหารของบริษัท
约,我约了朋友吃饭。,I made plans to have dinner with a friend.,ฉันนัดเพื่อนไปกินข้าว
线,这条线太长了。,This thread is too long.,เส้นด้ายนี้ยาวเกินไป
聊天,我们在聊天。,We are chatting.,เรากำลังคุยกันอยู่
自,他来自北京。,He is from Beijing.,เขามาจากปักกิ่ง
节约用电,我们应该节约用电。,We should save electricity.,เราควรประหยัดไฟ
表示祝贺,大家表示祝贺。,Everyone expressed their congratulations.,ทุกคนแสดงความยินดี
表达出来,把想法表达出来。,Express your ideas.,แสดงความคิดออกมา
要是,要是下雨，我们就不去。,"If it rains, we won't go.",ถ้าฝนตก เราก็จะไม่ไป
课前预习,他每天课前预习。,He previews the lesson before class every day.,เขาเตรียมบทเรียนล่วงหน้าก่อนเข้าเรียนทุกวัน
身体健康,祝你身体健康。,I wish you good health.,ขอให้เธอสุขภาพแข็งแรง
轻,这个包很轻。,This bag is very light.,กระเป๋าใบนี้เบามาก
这方面,这方面我不太懂。,I don't know much about this.,ด้านนี้ฉันไม่ค่อยเข้าใจ
进食,病人开始进食了。,The patient has started eating again.,คนไข้เริ่มกินอาหารได้แล้ว
迷路,我们在山里迷路了。,We got lost in the mountains.,เราหลงทางในภูเขา
重,这个箱子很重。,This box is very heavy.,กล่องใบนี้หนักมาก
面条,我喜欢吃面条。,I like eating noodles.,ฉันชอบกินบะหมี่
页,请翻到第十页。,Please turn to page ten.,เปิดไปหน้าสิบหน่อย
餐厅,我们在餐厅吃饭。,We are eating in the dining hall.,เรากินข้าวกันในร้านอาหาร
首都机场,飞机降落在首都机场。,The plane landed at the Capital Airport.,เครื่องบินลงจอดที่สนามบินเมืองหลวง
鲜,这些水果很鲜。,These fruits are very fresh.,ผลไม้พวกนี้สดมาก
一时,他一时想不起来。,He couldn't remember it for a moment.,เขานึกไม่ออกอยู่แวบหนึ่ง
一趟,我去了一趟超市。,I made a trip to the supermarket.,ฉันไปซูเปอร์มาร์เก็ตมารอบหนึ่ง
不好意思,迟到了，真不好意思。,"I'm late, I'm so embarrassed.",มาสายจริงๆ ขอโทษนะ
不满,他对结果很不满。,He is very dissatisfied with the result.,เขาไม่พอใจกับผลลัพธ์มาก
也好,你不去也好。,It's fine if you don't go.,เธอไม่ไปก็ดีเหมือนกัน
交,请把作业交给我。,Please hand your homework to me.,ส่งการบ้านให้ฉันหน่อย
从来没,我从来没去过。,I have never been there.,ฉันไม่เคยไปที่นั่นเลย
以,他以微笑面对困难。,He faces difficulties with a smile.,เขาเผชิญความยากลำบากด้วยรอยยิ้ม
低头,他低头看着手机。,"He bowed his head, looking at his phone.",เขาก้มหน้าดูมือถือ
各不相同,每个人的想法各不相同。,Everyone's ideas are different.,ความคิดของแต่ละคนไม่เหมือนกันเลย
好消息,我有一个好消息告诉你。,I have good news to tell you.,ฉันมีข่าวดีจะบอกเธอ
手里,钱在他手里。,The money is in his hands.,เงินอยู่ในมือเขา
新鲜感,这个城市给我新鲜感。,This city gives me a sense of freshness.,เมืองนี้ให้ความรู้สึกแปลกใหม่กับฉัน
无价,友谊是无价的财富。,Friendship is a priceless treasure.,มิตรภาพเป็นสมบัติที่ประเมินค่าไม่ได้
有用,这本书对我很有用。,This book is very useful to me.,หนังสือเล่มนี้มีประโยชน์กับฉันมาก
每人,每人发一本书。,Everyone is given a book.,แจกหนังสือคนละเล่ม
汉族,他是汉族人。,He is Han Chinese.,เขาเป็นชาวฮั่น
热量,这种食物热量很高。,This food is high in calories.,อาหารแบบนี้แคลอรีสูงมาก
王师傅,王师傅正在修车。,Master Wang is repairing a car.,ช่างหวังกำลังซ่อมรถอยู่
电子信箱,请发到我的电子信箱。,Please send it to my email inbox.,ส่งมาที่กล่องอีเมลของฉันหน่อย
真心,我真心希望你快乐。,I sincerely hope you're happy.,ฉันหวังจากใจจริงว่าเธอจะมีความสุข
眼前,眼前的困难会过去的。,The difficulties in front of you will pass.,ความยากลำบากตรงหน้าจะผ่านไป
离家,他离家已经三年了。,He has been away from home for three years.,เขาจากบ้านมาสามปีแล้ว
科技,科技让生活更方便。,Technology makes life more convenient.,เทคโนโลยีทำให้ชีวิตสะดวกขึ้น
经验丰富,这位医生经验丰富。,This doctor is very experienced.,หมอคนนี้มีประสบการณ์มาก
货,这批货明天到。,This batch of goods arrives tomorrow.,สินค้าล็อตนี้จะมาถึงพรุ่งนี้
长江,长江是中国最长的河。,The Yangtze is China's longest river.,แม่น้ำแยงซีเกียงเป็นแม่น้ำที่ยาวที่สุดของจีน
交警,交警在路口指挥交通。,The traffic police direct traffic at the intersection.,ตำรวจจราจรกำลังโบกรถอยู่ที่สี่แยก
凉茶,天热的时候喝点凉茶。,Drink some herbal tea when it's hot.,เวลาอากาศร้อนก็ดื่มชาสมุนไพรสักหน่อย
几次,我去过那里好几次。,I've been there quite a few times.,ฉันไปที่นั่นมาหลายครั้งแล้ว
北风,冬天常刮北风。,The north wind often blows in winter.,หน้าหนาวมักมีลมเหนือพัด
南北,这条路贯通南北。,This road runs from north to south.,ถนนเส้นนี้เชื่อมเหนือจรดใต้
及时雨,这场及时雨救了庄稼。,This timely rain saved the crops.,ฝนที่ตกมาถูกเวลานี้ช่วยพืชผลไว้ได้
四叶草,她找到了一片四叶草。,She found a four-leaf clover.,เธอเจอใบโคลเวอร์สี่แฉก
折,他把纸折成小船。,He folded the paper into a small boat.,เขาพับกระดาษเป็นเรือลำเล็ก
日出,我们一起看日出。,We watched the sunrise together.,เราดูพระอาทิตย์ขึ้นด้วยกัน
脱掉,进屋请脱掉鞋子。,Please take off your shoes when entering.,เข้าบ้านช่วยถอดรองเท้าด้วยนะ
西安,西安有很多历史古迹。,Xi'an has many historical sites.,ซีอานมีโบราณสถานทางประวัติศาสตร์มากมาย
购书,他喜欢在网上购书。,He likes buying books online.,เขาชอบซื้อหนังสือออนไลน์
酒瓶,桌上放着一个酒瓶。,There's a liquor bottle on the table.,บนโต๊ะมีขวดเหล้าวางอยู่
饭卡,我忘记带饭卡了。,I forgot to bring my meal card.,ฉันลืมเอาบัตรอาหารมา
马车,以前人们坐马车出行。,"In the past, people traveled by horse cart.",เมื่อก่อนผู้คนเดินทางด้วยรถม้า
一个半,这个任务需要一个半小时。,This task needs one and a half hours.,งานนี้ต้องใช้เวลาหนึ่งชั่วโมงครึ่ง
一场,昨晚下了一场大雨。,There was a heavy rain last night.,เมื่อคืนมีฝนตกหนักครั้งหนึ่ง
一年四季,这里一年四季都很暖和。,It's warm here all year round.,ที่นี่อบอุ่นตลอดทั้งปี
一方面,"一方面他想学习,一方面他想玩。","On one hand he wants to study, on the other he wants to play.",ด้านหนึ่งเขาอยากเรียน อีกด้านหนึ่งเขาก็อยากเล่น
一步步,他一步步走向成功。,He walked step by step toward success.,เขาก้าวไปสู่ความสำเร็จทีละก้าว
一段,我们认识一段时间了。,We've known each other for a period of time.,เรารู้จักกันมาระยะหนึ่งแล้ว
一群,公园里有一群孩子。,There's a group of children in the park.,ในสวนมีเด็กอยู่กลุ่มหนึ่ง
三分之一,他吃了蛋糕的三分之一。,He ate one third of the cake.,เขากินเค้กไปหนึ่งในสาม
上台,歌手上台开始唱歌。,The singer went on stage and started singing.,นักร้องขึ้นเวทีแล้วเริ่มร้องเพลง
不光,"不光是我,大家都同意。","Not only me, everyone agrees.",ไม่ใช่แค่ฉัน ทุกคนก็เห็นด้วย
不再,他不再相信谎言了。,He no longer believes lies.,เขาไม่เชื่อคำโกหกอีกต่อไปแล้ว
不敢,他不敢一个人睡觉。,He doesn't dare sleep alone.,เขาไม่กล้านอนคนเดียว
不行,这样做不行。,Doing it this way won't work.,ทำแบบนี้ไม่ได้
两棵,院子里种着两棵树。,Two trees are planted in the yard.,ในสนามปลูกต้นไม้ไว้สองต้น
两瓶,他买了两瓶水。,He bought two bottles of water.,เขาซื้อน้ำมาสองขวด
两种,这里有两种颜色。,There are two colors here.,ที่นี่มีสองสี
中秋节,中秋节我们一起赏月。,On Mid-Autumn Festival we watch the moon together.,วันไหว้พระจันทร์เราชมจันทร์ด้วยกัน
之一,他是最好的学生之一。,He is one of the best students.,เขาเป็นหนึ่งในนักเรียนที่เก่งที่สุด
书包,他背着书包上学。,He carries his schoolbag to school.,เขาสะพายกระเป๋านักเรียนไปโรงเรียน
买不到,这里买不到新鲜水果。,You can't buy fresh fruit here.,ที่นี่หาซื้อผลไม้สดไม่ได้
互联网,现在人人都用互联网。,Nowadays everyone uses the Internet.,เดี๋ยวนี้ใครๆ ก็ใช้อินเทอร์เน็ต
交通不便,这个村子交通不便。,This village has inconvenient transportation.,หมู่บ้านนี้การเดินทางไม่สะดวก
亲戚家,周末我们去亲戚家。,We're going to a relative's house this weekend.,สุดสัปดาห์นี้เราจะไปบ้านญาติ
人民币,请用人民币付款。,Please pay in Renminbi.,ช่วยจ่ายเป็นเงินหยวนด้วย
今天上午,今天上午我去医院了。,I went to the hospital this morning.,เช้านี้ฉันไปโรงพยาบาลมา
他俩,他俩是好朋友。,The two of them are good friends.,สองคนนั้นเป็นเพื่อนสนิทกัน
代替,谁都不能代替你。,No one can replace you.,ไม่มีใครแทนที่เธอได้
传真,请把文件传真给我。,Please fax the document to me.,ช่วยแฟกซ์เอกสารมาให้ฉันหน่อย
住院,他因为生病住院了。,He was hospitalized because he was sick.,เขาป่วยจนต้องนอนโรงพยาบาล
保暖,冬天要注意保暖。,You should keep warm in winter.,หน้าหนาวต้องดูแลร่างกายให้อบอุ่น
信箱,邮件放在信箱里。,The mail is in the mailbox.,จดหมายอยู่ในตู้ไปรษณีย์
修好,师傅把车修好了。,The mechanic fixed the car.,ช่างซ่อมรถเสร็จแล้ว
修理,他会修理自行车。,He knows how to repair bicycles.,เขาซ่อมจักรยานเป็น
倒,大树被风吹倒了。,The big tree was blown down by the wind.,ต้นไม้ใหญ่ถูกลมพัดล้ม
做成,这件事终于做成了。,This matter was finally accomplished.,เรื่องนี้ในที่สุดก็ทำสำเร็จ
做起,我们从小事做起。,We start by doing small things.,เราเริ่มจากเรื่องเล็กๆ ก่อน
停电,昨晚突然停电了。,There was a sudden power outage last night.,เมื่อคืนไฟดับกะทันหัน
儿童节,儿童节孩子们很开心。,The children are very happy on Children's Day.,วันเด็กเด็กๆ มีความสุขกันมาก
入口处,请在入口处排队。,Please line up at the entrance.,กรุณาต่อแถวตรงทางเข้า
公共,请爱护公共设施。,Please take care of public facilities.,ช่วยกันดูแลสิ่งอำนวยความสะดวกสาธารณะด้วย
共同努力,大家共同努力完成任务。,Everyone worked together to complete the task.,ทุกคนร่วมแรงร่วมใจกันทำงานจนสำเร็จ
关不上,这扇门关不上了。,This door won't close.,ประตูบานนี้ปิดไม่ลงแล้ว
养家,他努力工作养家。,He works hard to support his family.,เขาทำงานหนักเพื่อเลี้ยงครอบครัว
内容丰富,这本书内容丰富。,This book is rich in content.,หนังสือเล่มนี้มีเนื้อหาหลากหลาย
冷空气,冷空气就要来了。,A cold air mass is coming.,มวลอากาศเย็นกำลังจะมาแล้ว
凉,今天天气很凉。,The weather is quite cool today.,วันนี้อากาศเย็นสบาย
几份,请复印几份文件。,Please copy a few documents.,ช่วยถ่ายเอกสารสักสองสามชุดหน่อย
几分钟,请等我几分钟。,Please wait for me a few minutes.,รอฉันสักสองสามนาทีนะ
刀子,用刀子切苹果。,Cut the apple with a knife.,ใช้มีดหั่นแอปเปิล
别忘了,别忘了带雨伞。,Don't forget to bring an umbrella.,อย่าลืมเอาร่มไปด้วยนะ
别生气,你别生气了。,Don't be angry.,อย่าโกรธเลยนะ
前去,他前去参加会议。,He went there to attend the meeting.,เขาเดินทางไปเข้าร่วมประชุม
剩下,剩下的钱不多了。,There isn't much money left.,เงินที่เหลือไม่มากแล้ว
办好,他把手续办好了。,He got the paperwork taken care of.,เขาจัดการเรื่องเอกสารเรียบร้อยแล้ว
功,他为国家立了功。,He achieved merit for the country.,เขาสร้างคุณงามความดีให้ประเทศชาติ
包子,我喜欢吃包子。,I like eating baozi.,ฉันชอบกินซาลาเปา
北边,学校在北边。,The school is to the north.,โรงเรียนอยู่ทางเหนือ
卖房,他打算卖房。,He plans to sell the house.,เขาวางแผนจะขายบ้าน
南下,他决定南下工作。,He decided to go south for work.,เขาตัดสินใจไปทำงานทางใต้
卡,鱼刺卡在喉咙里。,A fish bone got stuck in his throat.,ก้างปลาติดคอ
卡里,卡里没钱了。,There's no money on the card.,ในบัตรไม่มีเงินแล้ว
原,这依然是原计划。,This is still the original plan.,นี่ยังเป็นแผนเดิมอยู่
反,他把衣服穿反了。,He put his clothes on backwards.,เขาใส่เสื้อกลับด้าน
发光,星星在发光。,The stars are shining.,ดวงดาวกำลังส่องแสง
发到,把邮件发到我的邮箱。,Send the email to my mailbox.,ส่งอีเมลมาที่กล่องเมลของฉัน
发工资,公司今天发工资。,The company pays wages today.,วันนี้บริษัทจ่ายเงินเดือน
发短信,我给他发短信。,I sent him a text message.,ฉันส่งข้อความหาเขา
变绿,树叶都变绿了。,The leaves have all turned green.,ใบไม้เปลี่ยนเป็นสีเขียวหมดแล้ว
另,这是另一个问题。,This is another problem.,นี่เป็นอีกปัญหาหนึ่ง
右手,他用右手写字。,He writes with his right hand.,เขาเขียนหนังสือด้วยมือขวา
吃晚饭,我们一起吃晚饭。,We eat dinner together.,เรากินข้าวเย็นด้วยกัน
各有特点,这些产品各有特点。,These products each have their own features.,สินค้าแต่ละอย่างมีจุดเด่นของตัวเอง
各种各样,商店里有各种各样的水果。,The store has all sorts of fruit.,ในร้านมีผลไม้หลากหลายชนิด
同,我和她同岁。,I am the same age as her.,ฉันอายุเท่ากับเธอ
同龄人,他喜欢和同龄人玩。,He likes playing with his peers.,เขาชอบเล่นกับเพื่อนวัยเดียวกัน
吵醒,噪音把我吵醒了。,The noise woke me up.,เสียงดังปลุกฉันให้ตื่น
响声,外面传来响声。,A noise came from outside.,มีเสียงดังมาจากข้างนอก
图片,这张图片很漂亮。,This picture is very pretty.,รูปภาพนี้สวยมาก
圆圆的,月亮圆圆的。,The moon is perfectly round.,พระจันทร์กลมๆ
坏习惯,抽烟是坏习惯。,Smoking is a bad habit.,การสูบบุหรี่เป็นนิสัยที่ไม่ดี
坚持下去,我们要坚持下去。,We must keep pressing on.,เราต้องพยายามต่อไป
堵,路被车堵住了。,The road was blocked by cars.,รถติดจนถนนตัน
墙上,墙上挂着照片。,Photos are hanging on the wall.,บนกำแพงมีรูปถ่ายแขวนอยู่
外国,他来自外国。,He is from a foreign country.,เขามาจากต่างประเทศ
外地,很多人来自外地。,Many people come from other parts of the country.,หลายคนมาจากต่างถิ่น
外边,外边下雨了。,It's raining outside.,ข้างนอกฝนตกแล้ว
多个,他去过多个国家。,He has been to many countries.,เขาไปมาหลายประเทศแล้ว
多场,他参加了多场比赛。,He took part in many matches.,เขาเข้าร่วมการแข่งขันมาหลายนัด
多种,这里有多种水果。,There are many kinds of fruit here.,ที่นี่มีผลไม้หลายชนิด
多长时间,去那里要多长时间？,How long does it take to get there?,ไปที่นั่นใช้เวลานานแค่ไหน?
大房子,他们住在大房子里。,They live in a big house.,พวกเขาอยู่ในบ้านหลังใหญ่
大河,村边有一条大河。,There's a big river by the village.,ข้างหมู่บ้านมีแม่น้ำสายใหญ่
大笑,他哈哈大笑。,He laughed heartily.,เขาหัวเราะเสียงดัง
大自然,我们要保护大自然。,We must protect nature.,เราต้องปกป้องธรรมชาติ
大衣,他穿着一件大衣。,He is wearing an overcoat.,เขาสวมเสื้อโค้ทตัวหนึ่ง
大量,他喝了大量的水。,He drank a large amount of water.,เขาดื่มน้ำไปเป็นจำนวนมาก
天晴,雨后天晴了。,The sky cleared up after the rain.,หลังฝนหยุด ท้องฟ้าก็แจ่มใส
太冷,今天太冷了。,It's too cold today.,วันนี้หนาวเกินไป
太慢,这个网速太慢。,This internet speed is too slow.,เน็ตช้าเกินไป
太紧张,他考试太紧张。,He's too nervous about the exam.,เขาตื่นเต้นกับการสอบมากเกินไป
太贵,这件衣服太贵了。,This piece of clothing is too expensive.,เสื้อผ้าชิ้นนี้แพงเกินไป
失败者,没人愿意做失败者。,No one wants to be a loser.,ไม่มีใครอยากเป็นผู้แพ้
奖学金,她获得了奖学金。,She won a scholarship.,เธอได้รับทุนการศึกษา
好书,这是一本好书。,This is a good book.,นี่เป็นหนังสือดีเล่มหนึ่ง
如,生活如一场旅行。,Life is like a journey.,ชีวิตเหมือนการเดินทาง
姓李,我的老师姓李。,My teacher's surname is Li.,คุณครูของฉันแซ่หลี่
字数,这篇作文字数不够。,This essay doesn't have enough characters.,เรียงความนี้จำนวนตัวอักษรไม่พอ
存,他去银行存钱。,He goes to the bank to deposit money.,เขาไปฝากเงินที่ธนาคาร
学期,这个学期很忙。,This semester is very busy.,เทอมนี้ยุ่งมาก
室内,室内不能吸烟。,Smoking is not allowed indoors.,ในอาคารห้ามสูบบุหรี่
宽,这条路很宽。,This road is very wide.,ถนนเส้นนี้กว้างมาก
寒冷,冬天非常寒冷。,Winter is extremely cold.,ฤดูหนาวหนาวเหน็บมาก
对话,他们用中文对话。,They converse in Chinese.,พวกเขาคุยกันเป็นภาษาจีน
小吃,夜市有很多小吃。,There are many snacks at the night market.,ตลาดกลางคืนมีของกินเล่นเยอะแยะ
尝尝,你尝尝这道菜。,Try this dish.,ลองชิมอาหารจานนี้ดูสิ
就算,就算下雨，我也要去。,"Even if it rains, I still want to go.",ต่อให้ฝนตก ฉันก็จะไป
工具书,词典是一种工具书。,A dictionary is a kind of reference book.,พจนานุกรมเป็นหนังสืออ้างอิงชนิดหนึ่ง
常见,感冒是常见的病。,A cold is a common illness.,หวัดเป็นโรคที่พบได้ทั่วไป
干杯,为友谊干杯！,Cheers to friendship!,ดื่มให้กับมิตรภาพ!
并不一定,有钱并不一定快乐。,Having money doesn't necessarily mean happiness.,มีเงินไม่จำเป็นว่าจะมีความสุขเสมอไป
弄乱,他把房间弄乱了。,He messed up the room.,เขาทำห้องรกไปหมด
弄错,他把名字弄错了。,He got the name wrong.,เขาจำชื่อผิด
当地人,当地人很热情。,Local people are very friendly.,คนท้องถิ่นมีน้ำใจมาก
往前走,请你一直往前走。,Please keep walking forward.,เดินตรงไปเรื่อยๆ นะ
很窄,这条路很窄。,This road is very narrow.,ถนนเส้นนี้แคบมาก
快要,火车快要到了。,The train is about to arrive.,รถไฟใกล้จะมาถึงแล้ว
感人,这个故事很感人。,This story is very touching.,เรื่องราวนี้ซึ้งใจมาก
成群,鸟儿成群飞过。,Birds flew past in groups.,ฝูงนกบินผ่านไปเป็นฝูง
戴帽子,他喜欢戴帽子。,He likes wearing a hat.,เขาชอบสวมหมวก
手忙脚乱,他考试时手忙脚乱。,He was flustered during the exam.,ตอนสอบเขาลนลานไปหมด
扔进,他把垃圾扔进垃圾桶。,He threw the trash into the trash can.,เขาทิ้งขยะลงถังขยะ
报纸杂志,书店里有报纸杂志。,The bookstore has newspapers and magazines.,ในร้านหนังสือมีหนังสือพิมพ์และนิตยสาร
抬头,他抬头看着天空。,He raised his head and looked at the sky.,เขาเงยหน้ามองท้องฟ้า
抽,他从口袋里抽出一张纸。,He pulled a piece of paper out of his pocket.,เขาดึงกระดาษแผ่นหนึ่งออกมาจากกระเป๋า
提前完成,他提前完成了任务。,He finished the task ahead of schedule.,เขาทำงานเสร็จก่อนกำหนด
收,我收到了一份礼物。,I received a gift.,ฉันได้รับของขวัญชิ้นหนึ่ง
改掉,他改掉了迟到的坏习惯。,He corrected his bad habit of being late.,เขาแก้นิสัยชอบมาสายได้แล้ว
改改,这篇文章你再改改吧。,Please revise this article a bit more.,บทความนี้เธอลองแก้อีกสักหน่อยนะ
放下,请把手机放下吧。,Please put down your phone.,วางมือถือลงเถอะ
放假,下星期我们放假了。,We'll be on holiday next week.,สัปดาห์หน้าเราจะได้หยุดแล้ว
教师,我妈妈是一名教师。,My mother is a teacher.,แม่ของฉันเป็นครู
数,请写出这个数。,Please write down this number.,ช่วยเขียนตัวเลขนี้ออกมา
无处不在,危险无处不在。,Danger is everywhere.,อันตรายมีอยู่ทุกที่
是否,我不知道他是否来。,I don't know whether he's coming.,ฉันไม่รู้ว่าเขาจะมาหรือเปล่า
景色,这里的景色很美。,The scenery here is very beautiful.,ทิวทัศน์ที่นี่สวยมาก
暗,天渐渐暗了下来。,The sky gradually grew dark.,ท้องฟ้าค่อยๆ มืดลง
替,我可以替你去。,I can go in your place.,ฉันไปแทนเธอได้
有着,这座城市有着悠久的历史。,This city has a long history.,เมืองนี้มีประวัติศาสตร์ยาวนาน
有钱,他家很有钱。,His family is very wealthy.,บ้านเขารวยมาก
校园,校园里种满了树。,The campus is full of trees.,ในบริเวณโรงเรียนปลูกต้นไม้เต็มไปหมด
森林公园,我们去森林公园散步。,We went for a walk in the forest park.,เราไปเดินเล่นที่สวนป่า
楼层,这栋楼一共有十个楼层。,This building has ten floors in total.,ตึกนี้มีทั้งหมดสิบชั้น
正确认识,我们要正确认识问题。,We need to correctly understand the problem.,เราต้องเข้าใจปัญหาอย่างถูกต้อง
死去,他的爷爷去年死去了。,His grandfather died last year.,ปู่ของเขาเสียชีวิตเมื่อปีที่แล้ว
母亲河,黄河是中国人的母亲河。,The Yellow River is the mother river of the Chinese people.,แม่น้ำหวงเหอเป็นแม่น้ำแม่ของคนจีน
每件事,他每件事都做得很认真。,He does every single thing very carefully.,เขาทำทุกเรื่องอย่างตั้งใจมาก
每当,每当下雨，我就想家。,"Whenever it rains, I miss home.",ทุกครั้งที่ฝนตก ฉันก็คิดถึงบ้าน
比如,我喜欢运动，比如跑步。,"I like sports, for example running.",ฉันชอบออกกำลังกาย เช่น วิ่ง
比如说,比如说，你可以先看书。,"For example, you could read a book first.",ยกตัวอย่างเช่น เธอลองอ่านหนังสือก่อนก็ได้
水草,河里长满了水草。,The river is full of aquatic plants.,ในแม่น้ำเต็มไปด้วยพืชน้ำ
汽车,我们坐汽车去。,We're going by car.,เรานั่งรถยนต์ไป
汽车族,他们是典型的汽车族。,They are typical car commuters.,พวกเขาเป็นกลุ่มคนที่ใช้รถยนต์เดินทางทั่วไป
没钱买,我没钱买新手机。,I don't have money to buy a new phone.,ฉันไม่มีเงินซื้อมือถือใหม่
没错,没错，就是这样。,"That's right, it's just like that.",ใช่แล้ว มันเป็นแบบนั้นแหละ
法,他懂法，也守法。,He understands the law and also abides by it.,เขาเข้าใจกฎหมาย และก็ทำตามกฎหมายด้วย
注意力,请集中注意力。,Please concentrate your attention.,ช่วยรวบรวมสมาธิหน่อย
洗手,吃饭前要洗手。,Wash your hands before eating.,ก่อนกินข้าวต้องล้างมือ
洗衣服,妈妈在洗衣服。,Mom is washing clothes.,แม่กำลังซักผ้า
海边,我们在海边玩。,We played at the seaside.,เราเล่นกันที่ริมทะเล
澡,我想去洗个热水澡。,I want to go take a hot bath.,ฉันอยากไปอาบน้ำอุ่น
烤鸭店,这家烤鸭店很有名。,This roast duck restaurant is very famous.,ร้านเป็ดย่างร้านนี้ดังมาก
爱人,这是我爱人。,This is my spouse.,นี่คือคู่ชีวิตของฉัน
爱好音乐,我从小就爱好音乐。,I've been fond of music since childhood.,ฉันชอบดนตรีมาตั้งแต่เด็ก
牙刷,请把牙刷放好。,Please put the toothbrush away properly.,ช่วยเก็บแปรงสีฟันให้เรียบร้อย
环保,我们要注意环保。,We should pay attention to environmental protection.,เราต้องใส่ใจการรักษาสิ่งแวดล้อม
理,他说话很有理。,What he says makes sense.,สิ่งที่เขาพูดมีเหตุผลมาก
理发师,我爸爸是理发师。,My dad is a barber.,พ่อของฉันเป็นช่างตัดผม
瓶子,桌子上有一个瓶子。,There's a bottle on the table.,บนโต๊ะมีขวดใบหนึ่ง
用水,请节约用水。,Please conserve water.,ช่วยใช้น้ำอย่างประหยัด
申请表,请填写申请表。,Please fill out the application form.,กรุณากรอกใบสมัคร
登机牌,请出示登机牌。,Please show your boarding pass.,กรุณาแสดงบัตรขึ้นเครื่อง
直到,他直到现在才来。,He didn't come until now.,เขาไม่มาจนกระทั่งเดี๋ยวนี้เอง
相互信任,朋友之间要相互信任。,Friends should trust each other.,เพื่อนต้องไว้ใจซึ่งกันและกัน
相距,两地相距一百公里。,The two places are 100 kilometers apart.,สองที่นี้ห่างกันร้อยกิโลเมตร
省市,这些省市经济发达。,These provinces and cities have developed economies.,มณฑลและเมืองเหล่านี้เศรษฐกิจเจริญรุ่งเรือง
看出,我看出他很累。,I could see that he was very tired.,ฉันดูออกว่าเขาเหนื่อยมาก
看清,我没看清黑板上的字。,I didn't see the words on the blackboard clearly.,ฉันมองตัวหนังสือบนกระดานดำไม่ชัด
睡懒觉,周末我喜欢睡懒觉。,On weekends I like to sleep in.,วันหยุดฉันชอบนอนตื่นสาย
知识面,他的知识面很广。,His breadth of knowledge is wide.,เขามีความรู้กว้างขวางมาก
科学研究,这是重要的科学研究。,This is important scientific research.,นี่คืองานวิจัยทางวิทยาศาสตร์ที่สำคัญ
租,我想租一套房子。,I want to rent an apartment.,ฉันอยากเช่าบ้านสักหลัง
租出去,他把房子租出去了。,He rented out his house.,เขาปล่อยบ้านให้เช่าไปแล้ว
租房,在北京租房很贵。,Renting an apartment in Beijing is expensive.,เช่าบ้านที่ปักกิ่งแพงมาก
积极主动,工作要积极主动。,You should be proactive at work.,การทำงานต้องกระตือรือร้นและลงมือเอง
稍,请稍等一下。,Please wait a moment.,กรุณารอสักครู่
穷,他家以前很穷。,His family used to be poor.,เมื่อก่อนบ้านเขาจนมาก
穷人的孩子早当家,穷人的孩子早当家。,Children of poor families take on responsibility early.,เด็กบ้านจนต้องรับผิดชอบครอบครัวตั้งแต่เล็ก
符合条件,他符合条件。,He meets the requirements.,เขามีคุณสมบัติครบตามเงื่อนไข
第一名,她考了第一名。,She got first place in the exam.,เธอสอบได้ที่หนึ่ง
箱子,我的箱子很重。,My suitcase is very heavy.,กระเป๋าเดินทางของฉันหนักมาก
红楼梦,我在读红楼梦。,I'm reading Dream of the Red Chamber.,ฉันกำลังอ่านเรื่องความฝันในหอแดง
纸,请给我一张纸。,Please give me a piece of paper.,ขอกระดาษให้ฉันแผ่นหนึ่ง
给出,请给出你的理由。,Please give your reason.,ช่วยบอกเหตุผลของเธอมา
网球场,学校里有网球场。,There's a tennis court at school.,ในโรงเรียนมีสนามเทนนิส
翻译成,请把这句话翻译成英语。,Please translate this sentence into English.,ช่วยแปลประโยคนี้เป็นภาษาอังกฤษ
老照片,我找到了一张老照片。,I found an old photo.,ฉันเจอรูปเก่ารูปหนึ่ง
考上,他考上了北京大学。,He got admitted to Peking University.,เขาสอบติดมหาวิทยาลัยปักกิ่ง
肚子疼,我肚子疼得厉害。,My stomach hurts badly.,ฉันปวดท้องมาก
胳膊,他的胳膊很疼。,His arm hurts a lot.,แขนของเขาปวดมาก
脸红,她一说话就脸红。,She blushes whenever she speaks.,พอเธอพูดทีไรก็หน้าแดง
脾气好,我奶奶脾气好。,My grandma is good-tempered.,ย่าของฉันอารมณ์ดี
至,从一月至三月都很冷。,It's cold from January to March.,ตั้งแต่เดือนมกราคมถึงเดือนมีนาคมอากาศหนาว
苹果树,院子里有一棵苹果树。,There's an apple tree in the yard.,ในสวนมีต้นแอปเปิ้ลอยู่ต้นหนึ่ง
西部,他住在城市西部。,He lives in the western part of the city.,เขาอาศัยอยู่ทางตะวันตกของเมือง
西门,我同学姓西门。,My classmate's surname is Ximen.,เพื่อนร่วมชั้นของฉันแซ่ซีเหมิน
认清,我们要认清事实。,We need to clearly recognize the facts.,เราต้องเข้าใจความจริงให้ชัดเจน
讲信用,做人要讲信用。,One should keep one's word.,เป็นคนต้องรักษาคำพูด
访问,校长访问了那所学校。,The principal visited that school.,ครูใหญ่ไปเยือนโรงเรียนแห่งนั้น
读者,这本书受读者欢迎。,This book is popular among readers.,หนังสือเล่มนี้ได้รับความนิยมจากผู้อ่าน
走出,他走出了教室。,He walked out of the classroom.,เขาเดินออกจากห้องเรียน
走向,这条路走向远方。,This road leads towards the distance.,ถนนสายนี้ทอดยาวไปสู่ที่ไกลๆ
走过,他走过我身边。,He walked past me.,เขาเดินผ่านข้างๆ ฉันไป
越来越少,树上的叶子越来越少。,There are fewer and fewer leaves on the tree.,ใบไม้บนต้นไม้ยิ่งเหลือน้อยลงเรื่อยๆ
路边,车停在路边。,The car is parked on the roadside.,รถจอดอยู่ริมถนน
过年,我们全家一起过年。,Our whole family celebrates Chinese New Year together.,ครอบครัวเราฉลองตรุษจีนด้วยกัน
运动量,他每天的运动量很大。,His amount of exercise every day is very large.,แต่ละวันเขาออกกำลังกายในปริมาณที่มากทีเดียว
这样一来,这样一来，问题就解决了。,"This way, the problem is solved.",พอเป็นแบบนี้ ปัญหาก็แก้ได้
进球,他终于进球了。,He finally scored a goal.,ในที่สุดเขาก็ยิงประตูได้
远离,请远离危险的地方。,Please stay away from dangerous places.,กรุณาอยู่ให้ห่างจากที่อันตราย
适应环境,他很快适应环境。,He quickly adapted to the environment.,เขาปรับตัวเข้ากับสิ่งแวดล้อมได้เร็ว
逛,我周末想去逛街。,I want to go window-shopping this weekend.,วันหยุดฉันอยากไปเดินเล่นตามห้าง
逛逛,我们去商店逛逛。,Let's go take a stroll around the store.,เราไปเดินเล่นในร้านกัน
速度慢,这辆车的速度慢。,This car's speed is slow.,รถคันนี้ความเร็วช้า
遍,他跑遍了全世界。,He has traveled all over the world.,เขาไปมาทั่วโลกแล้ว
道路,这条道路很宽。,This road is very wide.,ถนนสายนี้กว้างมาก
邓亚萍,邓亚萍是有名的运动员。,Deng Yaping is a famous athlete.,เติ้งย่าผิงเป็นนักกีฬาที่มีชื่อเสียง
部,他在教育部工作。,He works at the Ministry of Education.,เขาทำงานที่กระทรวงศึกษาธิการ
醒,我早上七点醒了。,I woke up at seven in the morning.,เช้านี้ฉันตื่นตอนเจ็ดโมง
重新认识,这件事让他重新认识自己。,This matter made him understand himself anew.,เรื่องนี้ทำให้เขากลับมารู้จักตัวเองใหม่
重要性,大家都知道健康的重要性。,Everyone knows the importance of health.,ทุกคนรู้ถึงความสำคัญของสุขภาพ
量,这袋米的量不够。,The amount of rice in this bag is not enough.,ปริมาณข้าวสารในถุงนี้ไม่พอ
钢琴,她每天练习钢琴。,She practices piano every day.,เธอฝึกเปียโนทุกวัน
降低标准,公司决定降低标准。,The company decided to lower the standard.,บริษัทตัดสินใจลดมาตรฐานลง
降温,明天开始降温了。,It starts to get cooler tomorrow.,พรุ่งนี้อากาศจะเริ่มเย็นลง
降落,飞机马上就要降落了。,The plane is about to land.,เครื่องบินกำลังจะลงจอดแล้ว
降雨,今年夏天降雨很多。,There has been a lot of rainfall this summer.,หน้าร้อนปีนี้ฝนตกเยอะมาก
院子,他家有一个大院子。,His home has a big courtyard.,บ้านเขามีลานบ้านใหญ่
院长,他是医院的院长。,He is the head of the hospital.,เขาเป็นผู้อำนวยการโรงพยาบาล
难道,难道你不认识我了？,Could it be that you don't recognize me anymore?,นี่เธอจำฉันไม่ได้แล้วเหรอ
集合,大家在门口集合。,Everyone gathers at the door.,ทุกคนมารวมตัวกันที่หน้าประตู
雨水,这几天雨水很多。,There has been a lot of rainwater these past few days.,ช่วงนี้มีน้ำฝนเยอะมาก
非常感谢,我非常感谢你的帮助。,I am extremely grateful for your help.,ฉันขอบคุณมากสำหรับความช่วยเหลือของเธอ
飞往,这班飞机飞往北京。,This flight flies to Beijing.,เที่ยวบินนี้บินไปปักกิ่ง
饮用,这水可以直接饮用。,This water can be drunk directly.,น้ำนี้ดื่มได้เลย
首都体育馆,比赛在首都体育馆举行。,The competition is held at the Capital Gymnasium.,การแข่งขันจัดขึ้นที่สนามกีฬาเมืองหลวง
香味,厨房飘来一阵香味。,A fragrance wafted from the kitchen.,มีกลิ่นหอมลอยมาจากห้องครัว
一块,他吃了一块面包。,He ate a piece of bread.,เขากินขนมปังไปชิ้นหนึ่ง
一眼,我看了他一眼。,I glanced at him.,ฉันมองเขาแวบหนึ่ง
三年,我学了三年汉语。,I have studied Chinese for three years.,ฉันเรียนภาษาจีนมาสามปี
不幸,这是一个不幸的消息。,This is an unfortunate piece of news.,นี่เป็นข่าวร้าย
不通,这条路今天不通。,This road is blocked today.,วันนี้ถนนสายนี้ผ่านไม่ได้
两岁,我女儿今年两岁。,My daughter is two years old this year.,ปีนี้ลูกสาวฉันอายุสองขวบ
久坐,久坐对身体不好。,Sitting for a long time is not good for the body.,การนั่งนานๆ ไม่ดีต่อร่างกาย
人体,水对人体很重要。,Water is very important for the human body.,น้ำสำคัญต่อร่างกายมนุษย์มาก
以南,长江以南气候温暖。,"South of the Yangtze River, the climate is warm.",ทางใต้ของแม่น้ำแยงซีอากาศอบอุ่น
任何人,任何人都可以参加。,Anyone can participate.,ใครๆ ก็เข้าร่วมได้
减,医生让他减一点体重。,The doctor told him to lose a little weight.,หมอให้เขาลดน้ำหนักลงหน่อย
出售,这套房子正在出售。,This house is currently for sale.,บ้านหลังนี้กำลังประกาศขาย
印,这张纸上印着字。,There are characters printed on this paper.,บนกระดาษแผ่นนี้มีตัวหนังสือพิมพ์อยู่
受到限制,他的行动受到限制。,His movement is restricted.,การเคลื่อนไหวของเขาถูกจำกัด
场,昨晚下了一场雨。,It rained last night.,เมื่อคืนฝนตกลงมาห่าหนึ่ง
外语,他会说三种外语。,He can speak three foreign languages.,เขาพูดภาษาต่างประเทศได้สามภาษา
多发,冬天感冒多发。,Colds occur frequently in winter.,หน้าหนาวเป็นหวัดกันบ่อย
大事,结婚是人生大事。,Marriage is a major event in life.,การแต่งงานเป็นเรื่องใหญ่ในชีวิต
好心,谢谢你的好心帮助。,Thank you for your kind help.,ขอบคุณสำหรับน้ำใจที่ช่วยเหลือ
学到老,他一直坚持学到老。,"He has always kept learning, even into old age.",เขาเรียนรู้ไปเรื่อยๆ จนแก่
小伙子,这个小伙子很热情。,This young man is very enthusiastic.,ชายหนุ่มคนนี้อัธยาศัยดีมาก
小村子,他住在一个小村子里。,He lives in a small village.,เขาอาศัยอยู่ในหมู่บ้านเล็กๆ
小组讨论,我们下午有小组讨论。,We have a group discussion this afternoon.,บ่ายนี้เรามีการพูดคุยกลุ่มย่อย
带给,音乐带给我快乐。,Music brings me happiness.,เสียงเพลงนำความสุขมาให้ฉัน
广西,他的老家在广西。,His hometown is in Guangxi.,บ้านเกิดของเขาอยู่ที่กว่างซี
总的来说,总的来说，今天很顺利。,"Generally speaking, today went smoothly.",โดยรวมแล้ว วันนี้ราบรื่นดี
情感,这首歌表达了情感。,This song expresses emotion.,เพลงนี้ถ่ายทอดความรู้สึก
感冒药,我去药店买感冒药。,I'm going to the pharmacy to buy cold medicine.,ฉันไปร้านขายยาซื้อยาแก้หวัด
手机号码,请告诉我你的手机号码。,Please tell me your mobile phone number.,ช่วยบอกเบอร์มือถือของเธอหน่อย
打球,我们下午去打球。,We're going to play ball this afternoon.,บ่ายนี้เราไปเล่นบอลกัน
抽烟室,机场里有抽烟室。,There is a smoking room in the airport.,ในสนามบินมีห้องสูบบุหรี่
教学,他从事教学工作。,He works in teaching.,เขาทำงานด้านการสอน
敲门声,我听到了敲门声。,I heard the sound of knocking on the door.,ฉันได้ยินเสียงเคาะประตู
新闻报道,这是今天的新闻报道。,This is today's news report.,นี่คือรายงานข่าววันนี้
无声电影,爷爷喜欢看无声电影。,Grandpa likes watching silent movies.,ปู่ชอบดูหนังเงียบ
晚会,学校举办了一个晚会。,The school held an evening party.,โรงเรียนจัดงานเลี้ยงตอนกลางคืน
来看,从这件事来看，他很努力。,"Judging from this matter, he is very hardworking.",มองจากเรื่องนี้ เขาขยันมาก
歌词,这首歌的歌词很美。,The lyrics of this song are beautiful.,เนื้อเพลงของเพลงนี้ไพเราะมาก
母亲节,母亲节我送花给妈妈。,On Mother's Day I gave flowers to my mom.,วันแม่ฉันมอบดอกไม้ให้แม่
活到老,他希望自己活到老。,He hopes to live to a ripe old age.,เขาหวังว่าตัวเองจะมีอายุยืนถึงแก่เฒ่า
清,河水看起来很清。,The river water looks very clear.,น้ำในแม่น้ำดูใสมาก
温水,早上喝一杯温水。,Drink a glass of warm water in the morning.,ตอนเช้าดื่มน้ำอุ่นสักแก้ว
球员,这位球员踢得很好。,This player plays very well.,นักกีฬาคนนี้เตะบอลเก่งมาก
生命力,这棵树很有生命力。,This tree is full of vitality.,ต้นไม้ต้นนี้มีพลังชีวิตสูงมาก
画面,电影的画面很美。,The scenes in the movie are beautiful.,ภาพในหนังสวยมาก
病危,他爷爷现在病危。,His grandfather is now critically ill.,ตอนนี้ปู่ของเขาป่วยขั้นวิกฤต
白色污染,塑料袋造成白色污染。,Plastic bags cause plastic pollution.,ถุงพลาสติกก่อให้เกิดมลพิษจากพลาสติก
票价,电影票价上涨了。,Movie ticket prices have gone up.,ราคาตั๋วหนังขึ้นแล้ว
第一部,这是电影的第一部。,This is the first part of the movie.,นี่คือภาคแรกของหนัง
网球馆,我们在网球馆打球。,We play at the tennis court.,เราเล่นเทนนิสกันที่อาคารเทนนิส
艺术品,这是一件艺术品。,This is a piece of art.,นี่คืองานศิลปะชิ้นหนึ่ง
行车,下雨天行车要小心。,Driving in rainy weather requires care.,วันฝนตกขับรถต้องระวัง
西方,他对西方文化感兴趣。,He is interested in Western culture.,เขาสนใจวัฒนธรรมตะวันตก
赛车,他喜欢看赛车比赛。,He likes watching car racing.,เขาชอบดูการแข่งรถ
通往,这条路通往火车站。,This road leads to the train station.,ถนนสายนี้ทอดไปยังสถานีรถไฟ
静坐,他每天早上静坐。,He sits quietly every morning.,ทุกเช้าเขานั่งสงบนิ่ง
面馆,我们去面馆吃面。,We're going to the noodle restaurant to eat noodles.,เราไปร้านบะหมี่กินบะหมี่กัน
风雨,他们一起经历风雨。,They went through hard times together.,พวกเขาฟันฝ่าลมฝนมาด้วยกัน
高中,我妹妹上高中了。,My younger sister is now in high school.,น้องสาวของฉันขึ้นชั้นมัธยมปลายแล้ว
老板,这家店的老板对顾客很热情。,The boss of this shop is very friendly to customers.,เจ้าของร้านนี้เป็นมิตรกับลูกค้ามาก
段,请你读一段课文。,Please read a paragraph of the text.,ช่วยอ่านเนื้อเรื่องสักย่อหน้าหนึ่ง
便,他一到家便睡觉了。,"As soon as he got home, he went to sleep.",พอเขาถึงบ้านก็นอนเลย
人类,人类需要保护环境。,Humanity needs to protect the environment.,มนุษย์จำเป็นต้องปกป้องสิ่งแวดล้อม
工人,工厂里有很多工人。,There are many workers in the factory.,ในโรงงานมีคนงานเยอะมาก
论文,他正在写毕业论文。,He is writing his graduation thesis.,เขากำลังเขียนวิทยานิพนธ์จบการศึกษา
目标,我的目标是学好汉语。,My goal is to learn Chinese well.,เป้าหมายของฉันคือเรียนภาษาจีนให้เก่ง
智者,这位智者给了我建议。,This wise man gave me advice.,ปราชญ์ท่านนี้ให้คำแนะนำแก่ฉัน
发表,他发表了一篇文章。,He published an article.,เขาตีพิมพ์บทความชิ้นหนึ่ง
表现,他在比赛中表现很好。,He performed very well in the competition.,เขาทำผลงานได้ดีมากในการแข่งขัน
国王,国王住在大城堡里。,The king lives in a big castle.,พระราชาอาศัยอยู่ในปราสาทหลังใหญ่
广,他知识面很广。,His knowledge is very broad.,เขามีความรู้กว้างขวางมาก
方式,我喜欢这种学习方式。,I like this way of studying.,ฉันชอบวิธีการเรียนแบบนี้
食物,冰箱里有很多食物。,There is a lot of food in the fridge.,ในตู้เย็นมีอาหารเยอะมาก
男孩儿,那个男孩儿很聪明。,That boy is very smart.,เด็กผู้ชายคนนั้นฉลาดมาก
老鼠,猫在抓老鼠。,The cat is catching a mouse.,แมวกำลังจับหนู
则,多则十天，少则五天。,"At most ten days, at least five days.",มากก็สิบวัน น้อยก็ห้าวัน
如何,你如何解决这个问题？,How do you solve this problem?,เธอจะแก้ปัญหานี้อย่างไร
松茸,这道菜用了新鲜松茸。,This dish uses fresh matsutake mushrooms.,เมนูนี้ใช้เห็ดมัตสึทาเกะสด
睡眠,充足的睡眠很重要。,Adequate sleep is very important.,การนอนหลับที่เพียงพอสำคัญมาก
石头,河边有很多石头。,There are many stones by the river.,ริมแม่น้ำมีก้อนหินเยอะมาก
人生,人生充满了惊喜。,Life is full of surprises.,ชีวิตเต็มไปด้วยเรื่องเซอร์ไพรส์
传统,春节是中国的传统节日。,Spring Festival is a traditional Chinese holiday.,ตรุษจีนเป็นเทศกาลตามประเพณีของจีน
时尚,她穿得很时尚。,She dresses very fashionably.,เธอแต่งตัวทันสมัยมาก
宠物,我家养了一只宠物狗。,My family keeps a pet dog.,บ้านฉันเลี้ยงสุนัขไว้เป็นสัตว์เลี้ยงตัวหนึ่ง
兔子,兔子喜欢吃胡萝卜。,Rabbits like to eat carrots.,กระต่ายชอบกินแครอท
婚姻,他们的婚姻很幸福。,Their marriage is very happy.,ชีวิตแต่งงานของพวกเขามีความสุขมาก
青年,这位青年很有理想。,This young man has great ideals.,ชายหนุ่มคนนี้มีอุดมการณ์
取消,会议因为下雨取消了。,The meeting was cancelled because of rain.,การประชุมถูกยกเลิกเพราะฝนตก
情绪,他今天情绪不好。,He's in a bad mood today.,วันนี้เขาอารมณ์ไม่ดี
实现,他终于实现了梦想。,He finally achieved his dream.,ในที่สุดเขาก็ทำความฝันให้เป็นจริงได้
龙,中国人喜欢龙。,Chinese people like dragons.,คนจีนชอบมังกร
缺乏,这里缺乏水资源。,This place lacks water resources.,ที่นี่ขาดแคลนทรัพยากรน้ำ
面对,我们要勇敢面对困难。,We must bravely face difficulties.,เราต้องกล้าเผชิญกับความยากลำบาก
古代,古代人没有手机。,People in ancient times didn't have phones.,คนสมัยโบราณไม่มีโทรศัพท์มือถือ
员工,公司有一百名员工。,The company has one hundred employees.,บริษัทมีพนักงานหนึ่งร้อยคน
家庭,他有一个幸福的家庭。,He has a happy family.,เขามีครอบครัวที่มีความสุข
空间,这个房间空间很大。,This room has a lot of space.,ห้องนี้มีพื้นที่กว้างมาก
渔夫,渔夫每天出海打鱼。,The fisherman goes out to sea to fish every day.,ชาวประมงออกทะเลไปจับปลาทุกวัน
利用,我们要好好利用时间。,We should make good use of time.,เราควรใช้เวลาให้เป็นประโยชน์
思考,请你好好思考一下。,Please think it over carefully.,ลองคิดดูดีๆ นะ
不断,他不断努力学习。,He keeps working hard at his studies.,เขาพยายามเรียนอย่างต่อเนื่อง
行为,他的行为很奇怪。,His behavior is very strange.,พฤติกรรมของเขาแปลกมาก
伤害,吸烟会伤害身体。,Smoking harms the body.,การสูบบุหรี่ทำร้ายร่างกาย
意义,这份工作很有意义。,This job is very meaningful.,งานนี้มีความหมายมาก
智慧,他的话充满智慧。,His words are full of wisdom.,คำพูดของเขาเต็มไปด้วยปัญญา
主任,他是公司的主任。,He is the director of the company.,เขาเป็นผู้อำนวยการของบริษัท
画家,她是一位有名的画家。,She is a famous painter.,เธอเป็นจิตรกรที่มีชื่อเสียง
富翁,他是这个城市的富翁。,He is a rich man in this city.,เขาเป็นเศรษฐีของเมืองนี้
重量,这箱子的重量是十公斤。,This box weighs ten kilograms.,น้ำหนักของกล่องนี้คือสิบกิโลกรัม
玩耍,孩子们在公园玩耍。,The children are playing in the park.,เด็กๆ กำลังเล่นกันอยู่ในสวน
甲骨文,甲骨文是最早的汉字。,Oracle bone script is the earliest Chinese writing.,อักษรกระดูกเสี่ยงทายเป็นตัวอักษรจีนที่เก่าแก่ที่สุด
大雁,天上飞着一群大雁。,A flock of wild geese is flying in the sky.,มีฝูงห่านป่าบินอยู่บนท้องฟ้า
汽水,他喜欢喝冰汽水。,He likes to drink cold soda.,เขาชอบดื่มน้ำอัดลมเย็นๆ
蛇,花园里有一条蛇。,There is a snake in the garden.,ในสวนมีงูอยู่ตัวหนึ่ง
养,她在家养了三只猫。,She raises three cats at home.,เธอเลี้ยงแมวสามตัวที่บ้าน
同时,我们同时到达了机场。,We arrived at the airport at the same time.,เราไปถึงสนามบินพร้อมกัน
处理,他很会处理问题。,He is very good at handling problems.,เขาเก่งเรื่องจัดการปัญหา
乐观,她对未来很乐观。,She is optimistic about the future.,เธอมองอนาคตในแง่ดี
价值,这幅画很有价值。,This painting is very valuable.,ภาพวาดนี้มีคุณค่ามาก
位置,请坐在你的位置上。,Please sit in your seat.,ช่วยนั่งที่ของคุณด้วย
地区,这个地区很少下雨。,It rarely rains in this region.,เขตนี้ฝนตกน้อยมาก
形状,这块石头的形状很奇怪。,The shape of this stone is very strange.,รูปร่างของหินก้อนนี้แปลกมาก
心理,她学的是心理专业。,She majors in psychology.,เธอเรียนเอกจิตวิทยา
士兵,士兵们在训练。,The soldiers are training.,เหล่าทหารกำลังฝึกซ้อม
拍,他拍了拍我的肩膀。,He patted me on the shoulder.,เขาตบไหล่ฉันเบาๆ
理论,这只是一个理论。,This is only a theory.,นี่เป็นแค่ทฤษฎีเท่านั้น
稳定,他的工作很稳定。,His job is very stable.,งานของเขามั่นคงมาก
装,你不用再装了。,You don't need to pretend anymore.,เธอไม่ต้องเสแสร้งอีกแล้ว
实验,老师做了一个实验。,The teacher did an experiment.,คุณครูทำการทดลองหนึ่งครั้ง
删除,我删除了这张照片。,I deleted this photo.,ฉันลบรูปนี้ทิ้งไปแล้ว
柴,爷爷去山上砍柴。,Grandpa went up the mountain to chop firewood.,คุณปู่ขึ้นเขาไปตัดฟืน
碎片,地上有玻璃碎片。,There are glass fragments on the ground.,บนพื้นมีเศษแก้ว
标题,这篇文章的标题很有趣。,The title of this article is very interesting.,หัวข้อของบทความนี้น่าสนใจมาก
保持,请保持安静。,Please keep quiet.,ช่วยอยู่เงียบๆ หน่อยนะ
受伤,他在比赛中受伤了。,He got injured during the competition.,เขาบาดเจ็บระหว่างการแข่งขัน
欣赏,我很欣赏他的才华。,I really admire his talent.,ฉันชื่นชมพรสวรรค์ของเขามาก
享受,他很享受这段时间。,He really enjoys this time.,เขาเพลิดเพลินกับช่วงเวลานี้มาก
失去,他失去了信心。,He lost his confidence.,เขาสูญเสียความมั่นใจไป
对方,你要理解对方的想法。,You need to understand the other person's thoughts.,เธอต้องเข้าใจความคิดของอีกฝ่าย
曾,他曾去过北京。,He has been to Beijing before.,เขาเคยไปปักกิ่งมาก่อน
形成,习惯是慢慢形成的。,Habits are formed gradually.,นิสัยค่อยๆ ก่อตัวขึ้นทีละน้อย
控制,他很难控制自己的情绪。,He finds it hard to control his emotions.,เขาควบคุมอารมณ์ตัวเองได้ยาก
企业,这是一家大企业。,This is a large company.,นี่เป็นองค์กรขนาดใหญ่
充满,他心里充满了希望。,His heart is full of hope.,หัวใจของเขาเต็มไปด้วยความหวัง
显示,屏幕上显示了时间。,The screen shows the time.,บนหน้าจอแสดงเวลา
文字,他喜欢研究古代文字。,He likes to study ancient scripts.,เขาชอบศึกษาตัวอักษรโบราณ
能源,太阳能是重要的能源。,Solar power is an important energy source.,พลังงานแสงอาทิตย์เป็นแหล่งพลังงานที่สำคัญ
蔬菜,我每天都吃新鲜蔬菜。,I eat fresh vegetables every day.,ฉันกินผักสดทุกวัน
盒饭,中午他买了一份盒饭。,At noon he bought a boxed meal.,ตอนเที่ยงเขาซื้อข้าวกล่องมาหนึ่งกล่อง
地主,那个地主拥有很多土地。,That landlord owns a lot of land.,เจ้าที่ดินคนนั้นมีที่ดินเยอะมาก
弓,他用弓射中了目标。,He shot the target with a bow.,เขาใช้ธนูยิงโดนเป้า
安慰,朋友安慰了伤心的她。,Her friend comforted her when she was sad.,เพื่อนปลอบใจเธอตอนที่เธอเสียใจ
规模,这家公司规模很大。,This company is large in scale.,บริษัทนี้มีขนาดใหญ่มาก
记录,老师记录了学生的成绩。,The teacher recorded the students' grades.,คุณครูบันทึกคะแนนของนักเรียน
善于,她善于解决问题。,She is good at solving problems.,เธอเก่งในการแก้ปัญหา
挑战,他喜欢挑战自己。,He likes to challenge himself.,เขาชอบท้าทายตัวเอง
画线,请在重点下面画线。,Please draw a line under the key points.,ช่วยขีดเส้นใต้จุดสำคัญด้วย
轻易,他不轻易相信别人。,He doesn't easily trust others.,เขาไม่เชื่อคนอื่นง่ายๆ
主人,主人热情地欢迎客人。,The host warmly welcomed the guests.,เจ้าบ้านต้อนรับแขกอย่างอบอุ่น
愤怒,他听到消息非常愤怒。,He was very angry when he heard the news.,เขาโกรธมากเมื่อได้ยินข่าว
成就,他为自己的成就骄傲。,He is proud of his accomplishments.,เขาภูมิใจในความสำเร็จของตัวเอง
同伴,他和同伴一起旅行。,He traveled together with his companion.,เขาเดินทางไปกับเพื่อนร่วมทาง
地震,昨晚发生了一次地震。,An earthquake happened last night.,เมื่อคืนเกิดแผ่นดินไหวครั้งหนึ่ง
沙子,孩子们在沙子里玩耍。,The children played in the sand.,เด็กๆ เล่นกันอยู่ในกองทราย
资源,水是宝贵的资源。,Water is a precious resource.,น้ำเป็นทรัพยากรที่มีค่า
醋,妈妈做菜放了一点醋。,Mom added a bit of vinegar when cooking.,แม่ใส่น้ำส้มสายชูนิดหน่อยตอนทำกับข้าว
括,请把重点括起来。,Please bracket the key points.,ช่วยตีวงเล็บจุดสำคัญไว้ด้วย
物体,那个物体从天上掉下来。,That object fell from the sky.,วัตถุนั้นตกลงมาจากฟ้า
琴声,远处传来悠扬的琴声。,From afar came the melodious sound of a zither.,เสียงพิณอันไพเราะดังมาจากที่ไกลๆ
辣酱,他喜欢吃饭时加辣酱。,He likes to add chili paste when eating.,เขาชอบเติมซอสพริกตอนกินข้าว
犹豫,她犹豫了很久才决定。,She hesitated for a long time before deciding.,เธอลังเลอยู่นานกว่าจะตัดสินใจได้
称赞,老师称赞了他的作文。,The teacher praised his essay.,คุณครูชมเรียงความของเขา
追求,他一直追求自己的梦想。,He has always pursued his dream.,เขาไล่ตามความฝันของตัวเองมาตลอด
博物馆,我们周末去了博物馆。,We went to the museum on the weekend.,เราไปพิพิธภัณฑ์กันตอนสุดสัปดาห์
反应,他对这个消息反应很快。,He reacted quickly to the news.,เขาตอบสนองต่อข่าวนี้ได้เร็วมาก
根本,这是问题的根本原因。,This is the fundamental cause of the problem.,นี่คือต้นเหตุที่แท้จริงของปัญหา
秘书,秘书帮经理安排会议。,The secretary arranged the meeting for the manager.,เลขาช่วยผู้จัดการจัดการประชุม
订,我们订了两张机票。,We booked two plane tickets.,เราจองตั๋วเครื่องบินไว้สองใบ
谨慎,开车的时候要谨慎。,You should be cautious while driving.,ตอนขับรถต้องระมัดระวัง
进步,他的汉语进步很快。,His Chinese is progressing quickly.,ภาษาจีนของเขาก้าวหน้าเร็วมาก
依然,他依然每天早起。,He still gets up early every day.,เขายังคงตื่นเช้าทุกวัน
失眠,他昨晚失眠了。,He suffered from insomnia last night.,เมื่อคืนเขานอนไม่หลับ
导致,压力过大导致失眠。,Too much stress leads to insomnia.,ความเครียดมากเกินไปทำให้นอนไม่หลับ
满足,这个答案满足了他的好奇心。,This answer satisfied his curiosity.,คำตอบนี้ทำให้เขาหายสงสัย
观察,科学家认真观察星星。,The scientist carefully observed the stars.,นักวิทยาศาสตร์สังเกตดวงดาวอย่างตั้งใจ
角度,换个角度看问题。,Look at the problem from a different angle.,ลองมองปัญหาจากมุมอื่นดู
造成,大雨造成了交通堵塞。,The heavy rain caused a traffic jam.,ฝนตกหนักทำให้รถติด
道理,他说的话很有道理。,What he said makes a lot of sense.,สิ่งที่เขาพูดมีเหตุผลมาก
从而,他努力学习，从而进步很快。,"He studied hard, and thereby made rapid progress.",เขาตั้งใจเรียน จึงก้าวหน้าอย่างรวดเร็ว
作品,这是他最好的作品。,This is his best work.,นี่เป็นผลงานที่ดีที่สุดของเขา
坚强,她是一个坚强的女孩。,She is a strong girl.,เธอเป็นผู้หญิงที่เข้มแข็ง
状态,他今天的状态很好。,His condition is very good today.,วันนี้สภาพของเขาดีมาก
生长,植物需要阳光生长。,Plants need sunlight to grow.,ต้นไม้ต้องการแสงแดดเพื่อเติบโต
题目,这道题目很难。,This question is very difficult.,โจทย์ข้อนี้ยากมาก
农民,农民在地里种菜。,The farmer plants vegetables in the field.,ชาวนาปลูกผักอยู่ในไร่
幸运,我今天感觉很幸运。,I feel very lucky today.,วันนี้ฉันรู้สึกโชคดีมาก
抱怨,他总是抱怨工作太累。,He always complains that work is too tiring.,เขาชอบบ่นว่างานเหนื่อยเกินไป
胆小,这只小狗很胆小。,This puppy is very timid.,ลูกหมาตัวนี้ขี้กลัวมาก
追,猫在后面追老鼠。,The cat is chasing the mouse behind it.,แมวไล่จับหนูอยู่ข้างหลัง
冻豆腐,火锅里放了冻豆腐。,Frozen tofu was put into the hot pot.,ในหม้อไฟใส่เต้าหู้แช่แข็ง
国画,她喜欢学习国画。,She likes to learn traditional Chinese painting.,เธอชอบเรียนภาพวาดจีน
财主,村里有一个财主。,There was a rich man in the village.,ในหมู่บ้านมีเศรษฐีอยู่คนหนึ่ง
金币,他捡到了一枚金币。,He picked up a gold coin.,เขาเก็บเหรียญทองได้เหรียญหนึ่ง
放风筝,春天大家喜欢放风筝。,In spring everyone likes to fly kites.,ในฤดูใบไม้ผลิใครๆ ก็ชอบเล่นว่าว
模特,她是一名时装模特。,She is a fashion model.,เธอเป็นนางแบบแฟชั่น
漏斗,他用漏斗倒油。,He used a funnel to pour the oil.,เขาใช้กรวยเทน้ำมัน
狼,森林里有一只狼。,There is a wolf in the forest.,ในป่ามีหมาป่าอยู่ตัวหนึ่ง
猎狗,猎人带着猎狗打猎。,The hunter went hunting with his hunting dog.,นายพรานพาสุนัขล่าเนื้อไปล่าสัตว์
私人,这是他的私人财产。,This is his private property.,นี่เป็นทรัพย์สินส่วนตัวของเขา
纸质,我更喜欢纸质书。,I prefer paper books.,ฉันชอบหนังสือแบบกระดาษมากกว่า
织,奶奶在织毛衣。,Grandma is knitting a sweater.,คุณย่ากำลังถักเสื้อไหมพรม
花瓶,桌子上放着花瓶。,There is a vase on the table.,บนโต๊ะมีแจกันวางอยู่
蜡烛,生日蛋糕上有蜡烛。,There are candles on the birthday cake.,บนเค้กวันเกิดมีเทียน
鲨鱼,海里有一条鲨鱼。,There is a shark in the sea.,ในทะเลมีฉลามอยู่ตัวหนึ่ง
鸡,农场里养了很多鸡。,The farm raises many chickens.,ในฟาร์มเลี้ยงไก่ไว้เยอะมาก
调整,他调整了自己的计划。,He adjusted his plan.,เขาปรับแผนของตัวเอง
采访,记者采访了那位演员。,The reporter interviewed that actor.,นักข่าวสัมภาษณ์นักแสดงคนนั้น
一片,窗外是一片绿色。,Outside the window is a stretch of green.,นอกหน้าต่างเป็นสีเขียวไปทั้งผืน
位于,学校位于市中心。,The school is located in the city center.,โรงเรียนตั้งอยู่ใจกลางเมือง
作为,他工作认真，很有作为。,He works conscientiously and has accomplished a lot.,เขาทำงานอย่างจริงจัง และมีผลงานโดดเด่น
入,请大家依次入场。,"Please enter the venue in order, everyone.",ขอให้ทุกคนทยอยเข้างานตามลำดับ
完美,这次演出非常完美。,This performance was very perfect.,การแสดงครั้งนี้สมบูรณ์แบบมาก
成长,孩子每天都在成长。,The child is growing every day.,เด็กเติบโตขึ้นทุกวัน
掌握,他掌握了三种语言。,He has mastered three languages.,เขาเชี่ยวชาญถึงสามภาษา
服装,这家店卖服装。,This shop sells clothing.,ร้านนี้ขายเสื้อผ้า
珍惜,我们要珍惜时间。,We should treasure our time.,เราควรเห็นคุณค่าของเวลา
目前,目前他还没回来。,"At present, he hasn't come back yet.",ตอนนี้เขายังไม่กลับมา
相处,我们相处得很好。,We get along very well.,เราเข้ากันได้ดีมาก
营养,这种食物很有营养。,This food is very nutritious.,อาหารชนิดนี้มีสารอาหารมาก
采取,政府采取了新措施。,The government adopted new measures.,รัฐบาลนำมาตรการใหม่มาใช้
面积,这个房间面积很大。,This room has a large area.,ห้องนี้มีพื้นที่กว้างมาก
一旦,你一旦决定就别改。,"Once you decide, don't change it.",พอตัดสินใจแล้วก็อย่าเปลี่ยน
事物,世界上的事物都在变化。,Things in the world are always changing.,สรรพสิ่งในโลกล้วนเปลี่ยนแปลงอยู่ตลอด
到达,火车到达北京了。,The train has arrived in Beijing.,รถไฟมาถึงปักกิ่งแล้ว
强,这个队伍非常强。,This team is very strong.,ทีมนี้แข็งแกร่งมาก
微笑,她对我微笑。,She smiled at me.,เธอยิ้มให้ฉัน
明显,变化非常明显。,The change is very obvious.,ความเปลี่ยนแปลงชัดเจนมาก
未来,未来会更好。,The future will be better.,อนาคตจะดีขึ้น
立刻,他立刻就走了。,He left immediately.,เขาไปทันที
精力,他每天精力充沛。,He is full of energy every day.,เขามีพลังเต็มเปี่ยมทุกวัน
责备,妈妈责备了他。,Mom blamed him.,แม่ตำหนิเขา
软件,这个软件很好用。,This software is easy to use.,ซอฟต์แวร์นี้ใช้งานง่ายมาก
通常,我通常七点起床。,I usually get up at seven.,ปกติฉันตื่นนอนตอนเจ็ดโมง
预订,我们预订了房间。,We booked a room.,เราจองห้องไว้แล้ว
专家,他是教育专家。,He is an education expert.,เขาเป็นผู้เชี่ยวชาญด้านการศึกษา
似乎,他似乎很累。,He seems very tired.,เขาดูเหมือนจะเหนื่อยมาก
功能,这个手机功能很多。,This phone has many functions.,โทรศัพท์เครื่องนี้มีฟังก์ชันเยอะ
数据,请检查这些数据。,Please check this data.,ช่วยตรวจสอบข้อมูลเหล่านี้ด้วย
气氛,教室里气氛很好。,The atmosphere in the classroom is great.,บรรยากาศในห้องเรียนดีมาก
消费,现在的人喜欢网上消费。,People nowadays like to spend money online.,คนสมัยนี้ชอบใช้จ่ายทางออนไลน์
灵活,他的想法很灵活。,His thinking is very flexible.,ความคิดของเขายืดหยุ่นมาก
刀,他用刀切菜。,He cuts vegetables with a knife.,เขาใช้มีดหั่นผัก
彻底,他彻底打扫了房间。,He thoroughly cleaned the room.,เขาทำความสะอาดห้องอย่างทั่วถึง
温暖,今天天气很温暖。,The weather is warm today.,วันนี้อากาศอบอุ่นมาก
痛苦,失去朋友很痛苦。,Losing a friend is painful.,การเสียเพื่อนไปเป็นเรื่องเจ็บปวด
行动,我们必须马上行动。,We must act immediately.,เราต้องลงมือทำทันที
失恋,他最近失恋了。,He recently went through a breakup.,ช่วงนี้เขาเพิ่งอกหัก
弹琴,妹妹在房间弹琴。,My sister is playing an instrument in her room.,น้องสาวกำลังเล่นเครื่องดนตรีอยู่ในห้อง
种子,农民种下种子。,The farmer planted seeds.,ชาวนาหว่านเมล็ดพันธุ์
网络,这里的网络很快。,The internet here is fast.,อินเทอร์เน็ตที่นี่เร็วมาก
小岛,他们住在一个小岛上。,They live on a small island.,พวกเขาอาศัยอยู่บนเกาะเล็กๆ
川菜,我喜欢吃川菜。,I like to eat Sichuan cuisine.,ฉันชอบกินอาหารเสฉวน
广告位,这个网站有广告位。,This website has ad space.,เว็บไซต์นี้มีพื้นที่โฆษณา
撒谎,你不要对我撒谎。,Don't lie to me.,อย่าโกหกฉันนะ
楼上,他住在楼上。,He lives upstairs.,เขาอยู่ชั้นบน
潜水,他喜欢去潜水。,He likes to go diving.,เขาชอบไปดำน้ำ
百万富翁,他成了百万富翁。,He became a millionaire.,เขากลายเป็นเศรษฐีเงินล้าน
篮筐,球投进了篮筐。,The ball went into the basket.,ลูกบอลลงห่วงบาส
老总,老总今天不在。,The boss is not in today.,วันนี้เจ้านายไม่อยู่
财商,他的财商很高。,His financial savvy is high.,เขามีไหวพริบทางการเงินสูง
风筝,孩子们在放风筝。,The children are flying a kite.,เด็กๆ กำลังเล่นว่าว
黑猩猩,动物园里有黑猩猩。,There are chimpanzees in the zoo.,ในสวนสัตว์มีลิงชิมแปนซี
下载,我下载了这个软件。,I downloaded this software.,ฉันดาวน์โหลดซอฟต์แวร์นี้แล้ว
人物,他是历史人物。,He is a historical figure.,เขาเป็นบุคคลสำคัญในประวัติศาสตร์
勇气,他没有勇气说话。,He didn't have the courage to speak.,เขาไม่มีความกล้าที่จะพูด
待遇,这份工作待遇不错。,This job has good pay and benefits.,งานนี้มีค่าตอบแทนดี
改善,生活条件改善了。,Living conditions have improved.,สภาพความเป็นอยู่ดีขึ้น
方案,我们需要一个方案。,We need a plan.,เราต้องการแผนสักอย่าง
深刻,这本书让我印象深刻。,This book left a deep impression on me.,หนังสือเล่มนี้ทำให้ฉันประทับใจมาก
热心,她是个热心人。,She is a warm-hearted person.,เธอเป็นคนใจดีมีน้ำใจ
虚心,他虚心接受意见。,He humbly accepts opinions.,เขาน้อมรับความคิดเห็นอย่างถ่อมตน
走进,他走进教室。,He walked into the classroom.,เขาเดินเข้าไปในห้องเรียน
逃避,他总是逃避问题。,He always avoids problems.,เขามักจะหนีปัญหาอยู่เสมอ
阻止,警察阻止了他们。,The police stopped them.,ตำรวจขัดขวางพวกเขาไว้
下降,气温开始下降。,The temperature started to drop.,อุณหภูมิเริ่มลดลง
中旬,他六月中旬回来。,He is coming back in mid-June.,เขาจะกลับมากลางเดือนมิถุนายน
从前,从前这里是农田。,This place used to be farmland.,เมื่อก่อนที่นี่เคยเป็นนา
危害,吸烟危害健康。,Smoking harms your health.,การสูบบุหรี่เป็นอันตรายต่อสุขภาพ
培养,老师培养学生的兴趣。,Teachers cultivate students' interest.,คุณครูปลูกฝังความสนใจให้นักเรียน
始终,他始终没有放弃。,"He never gave up, from start to finish.",เขาไม่เคยยอมแพ้เลยตั้งแต่ต้นจนจบ
委屈,她觉得很委屈。,She felt wronged.,เธอรู้สึกน้อยใจ
恢复,他身体恢复了。,He has recovered physically.,ร่างกายของเขาฟื้นตัวแล้ว
推荐,老师推荐了这本书。,The teacher recommended this book.,คุณครูแนะนำหนังสือเล่มนี้
显,这件衣服显瘦。,This piece of clothing makes you look slimmer.,เสื้อตัวนี้ใส่แล้วดูผอม
疲劳,长时间开车会疲劳。,Driving for a long time causes fatigue.,ขับรถนานๆ จะทำให้เหนื่อยล้า
相似,这两个词意思相似。,These two words have similar meanings.,คำสองคำนี้มีความหมายคล้ายกัน
破坏,台风破坏了房屋。,The typhoon damaged the houses.,พายุไต้ฝุ่นทำลายบ้านเรือน
统一,国家实现了统一。,The country achieved unification.,ประเทศรวมเป็นหนึ่งเดียวแล้ว
装修,他们在装修房子。,They are renovating the house.,พวกเขากำลังตกแต่งบ้านอยู่
询问,我向老师询问问题。,I asked the teacher a question.,ฉันสอบถามคำถามกับครู
退休,爷爷去年退休了。,Grandpa retired last year.,ปู่เกษียณเมื่อปีที่แล้ว
风格,这幅画风格独特。,This painting has a unique style.,ภาพวาดนี้มีสไตล์ที่เป็นเอกลักษณ์
一座,那是一座大桥。,That is a bridge.,นั่นคือสะพานใหญ่แห่งหนึ่ง
一项,这是一项新任务。,This is a new task.,นี่คือภารกิจใหม่อย่างหนึ่ง
产品,这家公司的产品很好。,This company's products are great.,สินค้าของบริษัทนี้ดีมาก
从不,他从不迟到。,He is never late.,เขาไม่เคยมาสายเลย
令人,这个消息令人高兴。,This news is delightful.,ข่าวนี้ทำให้คนดีใจ
保存,请保存好这份文件。,Please save this document properly.,ช่วยเก็บเอกสารนี้ไว้ให้ดี
充分,他做了充分准备。,He made ample preparations.,เขาเตรียมตัวมาอย่างเต็มที่
出色,她表现得很出色。,She performed outstandingly.,เธอทำได้ยอดเยี่ยมมาก
可怕,那场火灾很可怕。,That fire was terrifying.,ไฟไหม้ครั้งนั้นน่ากลัวมาก
善良,她心地善良。,She is kindhearted.,เธอเป็นคนใจดี
属于,这本书属于我。,This book belongs to me.,หนังสือเล่มนี้เป็นของฉัน
常常,我常常去公园。,I often go to the park.,ฉันไปสวนสาธารณะบ่อยๆ
平静,海面很平静。,The sea is very calm.,ทะเลสงบนิ่งมาก
想象,你能想象吗？,Can you imagine that?,เธอจินตนาการออกไหม?
感激,我非常感激你。,I am very grateful to you.,ฉันซาบซึ้งใจเธอมากๆ
成语,这个成语很有名。,This idiom is very famous.,สำนวนนี้มีชื่อเสียงมาก
承认,他承认自己错了。,He admitted he was wrong.,เขายอมรับว่าตัวเองผิด
摇,他摇了摇头。,He shook his head.,เขาส่ายหัวไปมา
救,医生救了他的命。,The doctor saved his life.,หมอช่วยชีวิตเขาไว้
渐渐,天渐渐黑了。,It gradually got dark.,ท้องฟ้าค่อยๆ มืดลง
粮食,农民种植粮食。,Farmers grow grain.,ชาวนาปลูกธัญพืช
规律,生活要有规律。,Life should have a regular routine.,ชีวิตต้องมีระเบียบสม่ำเสมอ
评价,老师评价了他的作文。,The teacher evaluated his essay.,ครูประเมินเรียงความของเขา
资金,公司缺少资金。,The company lacks funds.,บริษัทขาดเงินทุน
运气,他今天运气很好。,He has good luck today.,วันนี้เขาโชคดีมาก
亲人,他和亲人团聚了。,He reunited with his family.,เขาได้กลับมาพบหน้าคนในครอบครัวอีกครั้ง
吸收,植物吸收阳光。,Plants absorb sunlight.,พืชดูดซับแสงแดด
形式,这是一种新形式。,This is a new form.,นี่คือรูปแบบใหม่แบบหนึ่ง
心理学家,他是一位心理学家。,He is a psychologist.,เขาเป็นนักจิตวิทยา
拥有,他拥有很多书。,He owns many books.,เขามีหนังสือมากมาย
虽,他虽穷，却很快乐。,"Although he is poor, he is very happy.",แม้เขาจะยากจน แต่ก็มีความสุขมาก
命令,将军下达了命令。,The general issued an order.,นายพลออกคำสั่ง
大脑,大脑需要休息。,The brain needs rest.,สมองต้องการพักผ่อน
挤,他挤进了人群。,He squeezed into the crowd.,เขาเบียดเข้าไปในฝูงชน
村民,村民们很热情。,The villagers are very friendly.,ชาวบ้านเป็นมิตรมาก
法官,法官很公正。,The judge is very fair.,ผู้พิพากษายุติธรรมมาก
狐狸,狐狸很聪明。,The fox is very clever.,สุนัขจิ้งจอกฉลาดมาก
碎,玻璃杯摔碎了。,The glass cup shattered when it fell.,แก้วน้ำตกแตกกระจาย
品牌,这是有名的品牌。,This is a famous brand.,นี่เป็นแบรนด์ที่มีชื่อเสียง
喊,他大声喊了一声。,He shouted loudly.,เขาตะโกนเสียงดัง
围棋,爷爷喜欢下围棋。,Grandpa likes playing Go.,ปู่ชอบเล่นหมากล้อม
强壮,他身体很强壮。,He is physically strong.,ร่างกายเขาแข็งแรงมาก
扫,她每天扫地。,She sweeps the floor every day.,เธอกวาดพื้นทุกวัน
有氧,游泳是有氧运动。,Swimming is aerobic exercise.,ว่ายน้ำเป็นการออกกำลังกายแบบแอโรบิก
海豚,海豚非常聪明。,Dolphins are very intelligent.,โลมาฉลาดมาก
玉米粒,盘子里有玉米粒。,There are corn kernels on the plate.,ในจานมีเมล็ดข้าวโพด
破洞,裤子上有破洞。,There's a hole in the pants.,กางเกงมีรูขาด
硬盘,电脑硬盘坏了。,The computer's hard disk is broken.,ฮาร์ดดิสก์ของคอมพิวเตอร์เสีย
酒杯,桌上放着酒杯。,There's a wine cup on the table.,บนโต๊ะมีแก้วไวน์วางอยู่
上涨,房价一直上涨。,Housing prices keep rising.,ราคาบ้านสูงขึ้นเรื่อยๆ
不如,今天不如昨天热。,Today isn't as hot as yesterday.,วันนี้ไม่ร้อนเท่าเมื่อวาน
佩服,我很佩服他。,I really admire him.,ฉันชื่นชมเขามาก
修改,他修改了文章。,He revised the article.,เขาแก้ไขบทความ
健身,她每天去健身。,She goes to work out every day.,เธอไปออกกำลังกายทุกวัน
利于,运动利于健康。,Exercise is beneficial to health.,การออกกำลังกายเป็นผลดีต่อสุขภาพ
制定,公司制定了计划。,The company drew up a plan.,บริษัทวางแผนไว้แล้ว
卧室,他的卧室很干净。,His bedroom is very clean.,ห้องนอนของเขาสะอาดมาก
好奇,孩子对世界很好奇。,Children are curious about the world.,เด็กๆ อยากรู้อยากเห็นเกี่ยวกับโลก
威胁,他威胁要离开。,He threatened to leave.,เขาขู่ว่าจะจากไป
婚礼,婚礼办得很热闹。,The wedding was very lively.,งานแต่งงานจัดได้คึกคักมาก
悲观,他对未来很悲观。,He is pessimistic about the future.,เขามองอนาคตในแง่ร้าย
批准,计划被批准了。,The plan was approved.,แผนได้รับอนุมัติแล้ว
无奈,他很无奈地笑了。,He smiled helplessly.,เขายิ้มอย่างจนใจ
确定,这件事还不确定。,This matter isn't certain yet.,เรื่องนี้ยังไม่แน่นอน
缓解,运动可以缓解压力。,Exercise can relieve stress.,การออกกำลังกายช่วยคลายความเครียดได้
谦虚,他为人很谦虚。,He is a modest person.,เขาเป็นคนถ่อมตัว
贷款,他向银行贷款。,He took out a loan from the bank.,เขากู้เงินจากธนาคาร
赞成,大家都赞成这个主意。,Everyone approves of this idea.,ทุกคนเห็นด้วยกับความคิดนี้
过敏,我对花粉过敏。,I'm allergic to pollen.,ฉันแพ้เกสรดอกไม้
面临,公司面临困难。,The company is facing difficulties.,บริษัทกำลังเผชิญกับความยากลำบาก
一道,我们一道去吧。,Let's go together.,ไปด้วยกันเถอะ
世上,世上有很多好人。,There are many good people in the world.,ในโลกนี้มีคนดีอยู่มากมาย
中心,公园在城市中心。,The park is in the city center.,สวนสาธารณะอยู่ใจกลางเมือง
临时,他临时改变计划。,He changed his plan at the last minute.,เขาเปลี่ยนแผนกะทันหัน
付出,他付出了很多努力。,He put in a lot of effort.,เขาทุ่มเทความพยายามไปมาก
促进,运动促进健康。,Exercise promotes health.,การออกกำลังกายส่งเสริมสุขภาพ
冒险,他喜欢冒险。,He likes to take risks.,เขาชอบเสี่ยงภัย
创造,他创造了奇迹。,He created a miracle.,เขาสร้างปาฏิหาริย์
包括,价格包括早餐。,The price includes breakfast.,ราคานี้รวมอาหารเช้าด้วย
否定,他否定了这个说法。,He denied this claim.,เขาปฏิเสธคำกล่าวอ้างนี้
命运,他相信命运。,He believes in fate.,เขาเชื่อในโชคชะตา
和谐,家庭关系很和谐。,The family relationship is harmonious.,ความสัมพันธ์ในครอบครัวกลมเกลียวกันดี
因而,他很努力，因而成功了。,"He worked hard, and therefore succeeded.",เขาขยันมาก จึงประสบความสำเร็จ
声,他喊了一声。,He gave a shout.,เขาร้องขึ้นมาหนึ่งเสียง
处于,公司处于困难时期。,The company is in a difficult period.,บริษัทกำลังอยู่ในช่วงยากลำบาก
字幕,这部电影有字幕。,This movie has subtitles.,หนังเรื่องนี้มีคำบรรยาย
工作效率,他工作效率很高。,His work efficiency is very high.,ประสิทธิภาพการทำงานของเขาสูงมาก
年纪,你多大年纪了？,How old are you?,เธออายุเท่าไหร่แล้ว?
开发,公司开发新产品。,The company develops new products.,บริษัทพัฒนาสินค้าใหม่
录取,他被大学录取了。,He was admitted to university.,เขาสอบติดมหาวิทยาลัย
忍不住,她忍不住笑了。,She couldn't help laughing.,เธออดหัวเราะไม่ได้
愿望,他实现了愿望。,He fulfilled his wish.,เขาทำให้ความปรารถนาเป็นจริง
承担,他承担了责任。,He took on the responsibility.,เขาแบกรับความรับผิดชอบไว้
抓,猫抓住了老鼠。,The cat caught the mouse.,แมวจับหนูได้
有利于,运动有利于健康。,Exercise is beneficial to health.,การออกกำลังกายมีประโยชน์ต่อสุขภาพ
样式,这件衣服的样式很好看。,This dress's style looks very nice.,แบบของเสื้อผ้าชุดนี้ดูสวยมาก
比喻,他把时间比喻成金钱。,He compares time to money.,เขาเปรียบเวลาเหมือนเงินทอง
流传,这个故事流传了很多年。,This story has circulated for many years.,เรื่องนี้เล่าสืบต่อกันมาหลายปี
病人,医生正在照顾病人。,The doctor is taking care of the patient.,หมอกำลังดูแลคนไข้
相对,今天天气相对暖和。,Today's weather is relatively warm.,วันนี้อากาศค่อนข้างอบอุ่น
突出,他的成绩非常突出。,His grades are very outstanding.,ผลการเรียนของเขาโดดเด่นมาก
绘画,她喜欢绘画和音乐。,She likes drawing and music.,เธอชอบวาดรูปและดนตรี
良好,他有良好的学习习惯。,He has good study habits.,เขามีนิสัยการเรียนที่ดี
若,"若明天下雨,我们就不去。","If it rains tomorrow, we won't go.",ถ้าพรุ่งนี้ฝนตก เราก็จะไม่ไป
表面,湖水表面很平静。,The lake's surface is very calm.,ผิวน้ำในทะเลสาบสงบนิ่งมาก
训练,教练每天训练运动员。,The coach trains the athletes every day.,โค้ชฝึกซ้อมนักกีฬาทุกวัน
达,山顶高达三千米。,The mountain peak reaches as high as three thousand meters.,ยอดเขาสูงถึงสามพันเมตร
随时,你随时可以给我打电话。,You can call me at any time.,เธอโทรหาฉันเมื่อไหร่ก็ได้
集中,请大家集中注意力。,Please everyone concentrate your attention.,ขอให้ทุกคนตั้งสมาธิให้ดี
靠,他靠墙站着休息。,He leans against the wall to rest.,เขายืนพิงกำแพงพักผ่อน
不解,大家对他的决定很不解。,Everyone is puzzled by his decision.,ทุกคนงุนงงกับการตัดสินใจของเขา
举,他高高举起双手。,He raised both hands high.,เขายกมือทั้งสองข้างขึ้นสูง
事业,她的事业发展得很好。,Her career is developing very well.,หน้าที่การงานของเธอก้าวหน้าไปได้ดีมาก
传来,远处传来一阵歌声。,A burst of singing came from the distance.,มีเสียงเพลงลอยมาจากที่ไกลๆ
发明,爱迪生发明了电灯。,Edison invented the light bulb.,เอดิสันประดิษฐ์หลอดไฟ
合同,双方已经签了合同。,Both parties have signed the contract.,ทั้งสองฝ่ายเซ็นสัญญากันแล้ว
大声,他大声地喊了一声。,He shouted loudly.,เขาตะโกนออกมาดังๆ
想像,我很难想像那个场景。,I find it hard to imagine that scene.,ฉันจินตนาการภาพเหตุการณ์นั้นได้ยากมาก
打翻,小猫打翻了水杯。,The kitten knocked over the water cup.,ลูกแมวทำแก้วน้ำคว่ำ
收获,农民正在收获小麦。,Farmers are harvesting wheat.,ชาวนากำลังเก็บเกี่ยวข้าวสาลี
教训,妈妈狠狠教训了他一顿。,Mom gave him a stern talking-to.,แม่สั่งสอนเขาอย่างหนักเลย
时期,这是国家发展的重要时期。,This is an important period for national development.,นี่เป็นช่วงเวลาสำคัญของการพัฒนาประเทศ
派,公司派他去北京出差。,The company sent him to Beijing on a business trip.,บริษัทส่งเขาไปทำงานที่ปักกิ่ง
状况,他的身体状况不太好。,His physical condition isn't very good.,สภาพร่างกายของเขาไม่ค่อยดี
生产,这家工厂生产汽车。,This factory manufactures cars.,โรงงานนี้ผลิตรถยนต์
皇帝,古代皇帝住在皇宫里。,Ancient emperors lived in the palace.,จักรพรรดิในสมัยโบราณอาศัยอยู่ในพระราชวัง
真理,科学家一直在寻找真理。,Scientists are always seeking truth.,นักวิทยาศาสตร์ค้นหาความจริงมาโดยตลอด
第一位,健康永远是第一位的。,Health always comes first.,สุขภาพต้องมาเป็นอันดับหนึ่งเสมอ
设计,她设计了一件新衣服。,She designed a new dress.,เธอออกแบบชุดใหม่ขึ้นมา
伙伴,他们是多年的好伙伴。,They have been good companions for many years.,พวกเขาเป็นเพื่อนคู่หูที่ดีต่อกันมาหลายปี
偶然,我偶然遇见了老朋友。,I ran into an old friend by chance.,ฉันบังเอิญเจอเพื่อนเก่า
天下,这种美食天下闻名。,This delicacy is famous throughout the world.,อาหารเลิศรสนี้มีชื่อเสียงไปทั่วโลก
女士,这位女士是我的老师。,This lady is my teacher.,สุภาพสตรีท่านนี้เป็นครูของฉัน
寻找,他在森林里寻找蘑菇。,He is looking for mushrooms in the forest.,เขากำลังตามหาเห็ดอยู่ในป่า
日子,今天是个好日子。,Today is a good day.,วันนี้เป็นวันที่ดี
比例,男女比例大概是一比一。,The male-to-female ratio is about one to one.,อัตราส่วนชายหญิงประมาณหนึ่งต่อหนึ่ง
池塘,池塘里有很多鱼。,There are many fish in the pond.,ในบ่อน้ำมีปลาเยอะมาก
草原,草原上开满了野花。,The grassland is full of blooming wildflowers.,บนทุ่งหญ้าเต็มไปด้วยดอกไม้ป่าบานสะพรั่ง
迅速,他迅速跑向公交车。,He rapidly ran towards the bus.,เขารีบวิ่งไปที่รถเมล์อย่างรวดเร็ว
再生能源,太阳能是一种再生能源。,Solar power is a kind of renewable energy.,พลังงานแสงอาทิตย์เป็นพลังงานหมุนเวียนชนิดหนึ่ง
冰灯,公园里摆满了冰灯。,The park is filled with ice lanterns.,ในสวนสาธารณะเต็มไปด้วยโคมไฟน้ำแข็ง
剑,他手里拿着一把剑。,He is holding a sword in his hand.,เขาถือดาบอยู่ในมือ
夏眠,有些动物会夏眠避暑。,Some animals aestivate to escape the summer heat.,สัตว์บางชนิดจำศีลหน้าร้อนเพื่อหนีความร้อน
失忆,他车祸后突然失忆了。,He suddenly lost his memory after the car accident.,หลังจากอุบัติเหตุรถชน เขาก็สูญเสียความทรงจำไปกะทันหัน
挖,工人正在挖一条沟。,Workers are digging a ditch.,คนงานกำลังขุดร่องน้ำ
捕,渔民出海捕鱼。,Fishermen go out to sea to catch fish.,ชาวประมงออกทะเลไปจับปลา
烧开,请把水烧开再喝。,Please boil the water before drinking it.,ต้มน้ำให้เดือดก่อนดื่มนะ
盘,妈妈端来一盘水果。,Mom brought over a plate of fruit.,แม่ยกผลไม้มาให้หนึ่งจาน
练武,他每天早上练武。,He practices martial arts every morning.,เขาฝึกศิลปะการต่อสู้ทุกเช้า
赛龙舟,端午节大家赛龙舟。,"During the Dragon Boat Festival, everyone races dragon boats.",ช่วงเทศกาลเรือมังกร ทุกคนจะแข่งเรือมังกรกัน
选择性,他吃东西很有选择性。,He is very selective about what he eats.,เขาเป็นคนเลือกกินมาก
专心,上课时请专心听讲。,Please pay close attention in class.,เวลาเรียนขอให้ตั้งใจฟังนะ
争取,我们要争取更好的成绩。,We must strive for better results.,เราต้องมุ่งมั่นเพื่อให้ได้ผลลัพธ์ที่ดีกว่านี้
人员,工作人员正在忙碌。,The staff members are busy working.,เจ้าหน้าที่กำลังง่วนอยู่กับงาน
从此,从此他再也没回来。,"From then on, he never came back.",ตั้งแต่นั้นมาเขาก็ไม่กลับมาอีกเลย
令,这个消息令大家高兴。,This news made everyone happy.,ข่าวนี้ทำให้ทุกคนดีใจ
以及,桌上有苹果以及香蕉。,There are apples and bananas on the table.,บนโต๊ะมีทั้งแอปเปิลและกล้วย
假如,假如明天不下雨就好了。,It would be great if it doesn't rain tomorrow.,ถ้าพรุ่งนี้ฝนไม่ตกก็คงดี
克服,他努力克服了困难。,He worked hard to overcome the difficulty.,เขาพยายามฟันฝ่าเอาชนะอุปสรรค
出席,校长出席了这次会议。,The principal attended this meeting.,ผู้อำนวยการเข้าร่วมการประชุมครั้งนี้
制作,她自己制作蛋糕。,She makes cakes herself.,เธอทำเค้กเอง
刻苦,他学习非常刻苦。,He studies very hard.,เขาตั้งใจเรียนอย่างหนัก
力量,团结就是力量。,Unity is strength.,ความสามัคคีคือพลัง
包裹,她把礼物包裹好了。,She wrapped up the gift.,เธอห่อของขวัญเรียบร้อยแล้ว
双方,双方同意签订合同。,Both parties agreed to sign the contract.,ทั้งสองฝ่ายตกลงเซ็นสัญญากัน
发挥,他在比赛中发挥得很好。,He performed very well in the competition.,เขาแสดงฝีมือได้ดีมากในการแข่งขัน
合作,我们一起合作完成项目。,We cooperate together to complete the project.,เราร่วมมือกันทำโปรเจกต์จนเสร็จ
商业,这条街全是商业活动。,This street is full of commercial activity.,ถนนสายนี้เต็มไปด้วยกิจกรรมทางการค้า
嗓子,他唱歌把嗓子喊哑了。,He shouted his throat hoarse from singing.,เขาร้องเพลงจนเสียงแหบ
基本,这是最基本的常识。,This is the most basic common sense.,นี่คือความรู้พื้นฐานที่สุด
大加,老师对他大加表扬。,The teacher praised him greatly.,ครูชื่นชมเขาอย่างมาก
安装,他刚安装了新软件。,He just installed new software.,เขาเพิ่งติดตั้งซอฟต์แวร์ใหม่
导演,这部电影的导演很有名。,The director of this movie is very famous.,ผู้กำกับหนังเรื่องนี้มีชื่อเสียงมาก
工厂,爸爸在工厂上班。,Dad works at a factory.,พ่อทำงานที่โรงงาน
工程师,他是一名优秀的工程师。,He is an excellent engineer.,เขาเป็นวิศวกรที่เก่งมาก
干脆,他说话很干脆。,He speaks very directly and to the point.,เขาพูดจาตรงไปตรงมาชัดเจน
幻想,孩子常常幻想未来。,Children often fantasize about the future.,เด็กๆ มักเพ้อฝันถึงอนาคต
应用,这项技术已经应用在生活中。,This technology has already been applied in daily life.,เทคโนโลยีนี้นำมาใช้ในชีวิตประจำวันแล้ว
开幕式,开幕式在晚上八点开始。,The opening ceremony starts at eight in the evening.,พิธีเปิดเริ่มตอนสองทุ่ม
忽视,我们不能忽视这个问题。,We cannot neglect this problem.,เราจะมองข้ามปัญหานี้ไม่ได้
情景,那个情景让我很感动。,That scene moved me deeply.,ภาพเหตุการณ์นั้นทำให้ฉันประทับใจมาก
慌张,他听到消息后很慌张。,He became flustered after hearing the news.,พอได้ยินข่าว เขาก็ลนลานมาก
投资,他决定投资这家公司。,He decided to invest in this company.,เขาตัดสินใจลงทุนในบริษัทนี้
担任,她担任这个部门的经理。,She serves as the manager of this department.,เธอรับตำแหน่งเป็นผู้จัดการแผนกนี้
拥挤,地铁里非常拥挤。,The subway is very crowded.,ในรถไฟใต้ดินคนแออัดมาก
明确,老师给了明确的答案。,The teacher gave a clear answer.,ครูให้คำตอบที่ชัดเจน
更加,他现在更加努力了。,He is now working even harder.,ตอนนี้เขายิ่งขยันมากขึ้นกว่าเดิม
未必,贵的东西未必好。,Expensive things aren't necessarily good.,ของแพงไม่จำเป็นต้องดีเสมอไป
模糊,他的记忆变得模糊了。,His memory has become vague.,ความทรงจำของเขาเริ่มเลือนราง
消化,晚饭后散步有助于消化。,Taking a walk after dinner helps digestion.,การเดินเล่นหลังอาหารเย็นช่วยย่อยอาหาร
灰心,失败了也不要灰心。,Don't lose heart even if you fail.,ถึงจะล้มเหลวก็อย่าเพิ่งท้อใจ
特意,她特意为我做了蛋糕。,She specially made a cake for me.,เธอตั้งใจทำเค้กให้ฉันเป็นพิเศษ
玩具,孩子在玩具店里很开心。,The child is very happy in the toy store.,เด็กๆ มีความสุขมากในร้านของเล่น
现象,这是一种常见的现象。,This is a common phenomenon.,นี่เป็นปรากฏการณ์ที่พบได้ทั่วไป
男女,现在男女都可以工作。,Nowadays both men and women can work.,เดี๋ยวนี้ทั้งผู้ชายและผู้หญิงต่างก็ทำงานได้
病毒,这台电脑中了病毒。,This computer got a virus.,คอมพิวเตอร์เครื่องนี้ติดไวรัส
真实,这是一个真实的故事。,This is a true story.,นี่เป็นเรื่องจริง
矛盾,他们俩之间有矛盾。,There is a conflict between the two of them.,เขาทั้งสองมีความขัดแย้งกัน
称,大家称他为老师。,Everyone calls him teacher.,ทุกคนเรียกเขาว่าอาจารย์
称为,北京被称为中国的首都。,Beijing is called the capital of China.,ปักกิ่งถูกเรียกว่าเป็นเมืองหลวงของจีน
糊涂,他今天做事很糊涂。,He's been muddleheaded today.,วันนี้เขาทำอะไรงงๆ ไม่ค่อยได้เรื่อง
糟糕,今天天气真糟糕。,The weather is really terrible today.,วันนี้อากาศแย่จริงๆ
给予,老师给予我们很大帮助。,The teacher gave us great help.,อาจารย์ให้ความช่วยเหลือเราอย่างมาก
绝对,这件事绝对不能马虎。,This matter absolutely cannot be handled carelessly.,เรื่องนี้ประมาทไม่ได้เด็ดขาด
胜利,我们队获得了胜利。,Our team achieved victory.,ทีมเราได้รับชัยชนะ
著作,他写了不少著作。,He has written quite a few literary works.,เขาเขียนผลงานไว้ไม่น้อย
转,前面路口向左转。,Turn left at the intersection ahead.,เลี้ยวซ้ายตรงสี่แยกข้างหน้า
辞职,他决定辞职回家。,He decided to resign and go home.,เขาตัดสินใจลาออกกลับบ้าน
退步,他的成绩退步了不少。,His grades have declined quite a bit.,ผลการเรียนของเขาแย่ลงไปเยอะ
适当,请选择适当的时间见面。,Please choose an appropriate time to meet.,ช่วยเลือกเวลาที่เหมาะสมมาเจอกันนะ
逐步,公司逐步扩大了规模。,The company gradually expanded its scale.,บริษัทค่อยๆ ขยายกิจการให้ใหญ่ขึ้น
遗憾,没能参加比赛，他很遗憾。,He deeply regrets not being able to join the competition.,เขาเสียดายมากที่ไม่ได้เข้าร่วมการแข่งขัน
避免,我们要避免犯同样的错误。,We must avoid making the same mistake.,เราต้องหลีกเลี่ยงไม่ทำผิดพลาดแบบเดิม
销售,这家公司销售电子产品。,This company sells electronic products.,บริษัทนี้ขายสินค้าอิเล็กทรอนิกส์
问道,他问道你叫什么名字？,"He asked, 'What is your name?'",เขาถามว่าคุณชื่ออะไร?
阳台,妈妈在阳台上种花。,Mom grows flowers on the balcony.,แม่ปลูกดอกไม้ที่ระเบียง
限度,他的耐心已经到了限度。,His patience has reached its limit.,ความอดทนของเขาถึงขีดจำกัดแล้ว
魅力,这座城市充满魅力。,This city is full of charm.,เมืองนี้เต็มไปด้วยเสน่ห์
一声,妈的声调是一声。,The tone of 'mā' is the first tone.,"เสียงวรรณยุกต์ของคำว่า ""mā"" คือเสียงที่หนึ่ง"
一致,大家的意见一致。,Everyone's opinions are consistent.,ความคิดเห็นของทุกคนตรงกัน
严肃,老师的表情很严肃。,The teacher's expression was very serious.,สีหน้าของอาจารย์ดูจริงจังมาก
主持人,她是这个节目的主持人。,She is the host of this show.,เธอเป็นพิธีกรของรายการนี้
从事,他从事教育工作。,He is engaged in education work.,เขาทำงานด้านการศึกษา
全面,我们要全面了解情况。,We need to comprehensively understand the situation.,เราต้องทำความเข้าใจสถานการณ์อย่างรอบด้าน
内心,她内心非常紧张。,She was very nervous inside.,ลึกๆ ในใจเธอประหม่ามาก
创作,他正在创作一首新歌。,He is composing a new song.,เขากำลังแต่งเพลงใหม่
去世,他的爷爷去年去世了。,His grandfather passed away last year.,ปู่ของเขาเสียชีวิตเมื่อปีที่แล้ว
后者,两个选择中我更喜欢后者。,"Of the two choices, I prefer the latter.",ในสองตัวเลือกนี้ ฉันชอบอันหลังมากกว่า
吓跑,巨大的声音把小猫吓跑了。,The loud noise scared the kitten away.,เสียงดังทำให้ลูกแมวตกใจวิ่งหนีไป
启发,这本书给了我很大启发。,This book gave me great inspiration.,หนังสือเล่มนี้ให้แรงบันดาลใจฉันมาก
奇迹,这真是一个奇迹。,This is truly a miracle.,นี่เป็นปาฏิหาริย์จริงๆ
媒体,很多媒体报道了这件事。,Many media outlets reported on this matter.,สื่อหลายสำนักรายงานเรื่องนี้
宣传,商店在宣传新产品。,The store is promoting a new product.,ร้านกำลังโปรโมทสินค้าใหม่
对待,老师对待学生很耐心。,The teacher treats students patiently.,อาจารย์ปฏิบัติต่อนักเรียนอย่างอดทน
小姑娘,那个小姑娘很可爱。,That little girl is very cute.,เด็กผู้หญิงคนนั้นน่ารักมาก
少数,只有少数人同意这个计划。,Only a small number of people agreed to this plan.,มีคนส่วนน้อยเท่านั้นที่เห็นด้วยกับแผนนี้
广泛,这个消息传播得很广泛。,This news spread very widely.,ข่าวนี้แพร่กระจายไปอย่างกว้างขวาง
彩虹,雨后天空出现了彩虹。,A rainbow appeared in the sky after the rain.,หลังฝนตกมีรุ้งขึ้นบนท้องฟ้า
心态,保持好心态很重要。,It's important to maintain a good mindset.,การมีทัศนคติที่ดีเป็นเรื่องสำคัญมาก
心想,他心想这次一定能成功。,He thought to himself that this time he would surely succeed.,เขาคิดในใจว่าครั้งนี้ต้องสำเร็จแน่ๆ
愿,他愿为朋友付出一切。,He is willing to give everything for his friends.,เขายินดีทุ่มเททุกอย่างเพื่อเพื่อน
把握,我们要把握这次机会。,We must seize this opportunity.,เราต้องคว้าโอกาสครั้งนี้ไว้
拼命,他拼命工作赚钱。,He works desperately hard to earn money.,เขาทำงานหาเงินอย่างสุดชีวิต
时髦,她的穿着很时髦。,Her outfit is very fashionable.,การแต่งตัวของเธอทันสมัยมาก
有助于,运动有助于身体健康。,Exercise contributes to good health.,การออกกำลังกายช่วยให้สุขภาพดี
朝,他朝我笑了笑。,He smiled toward me.,เขายิ้มมาทางฉัน
沟通,父母要和孩子多沟通。,Parents should communicate more with their children.,พ่อแม่ควรพูดคุยสื่อสารกับลูกให้มากขึ้น
牌,门口挂着一块牌。,A sign hangs at the entrance.,มีป้ายแขวนอยู่ที่ประตูทางเข้า
物质,水是一种常见的物质。,Water is a common substance.,น้ำเป็นสสารชนิดหนึ่งที่พบเห็นได้ทั่วไป
立即,请立即离开这里。,Please leave here immediately.,กรุณาออกไปจากที่นี่ทันที
第三天,第三天他终于到达了。,"On the third day, he finally arrived.",วันที่สามเขาก็มาถึงในที่สุด
答应,我喊了他，可是没人答应。,"I called him, but no one answered.",ฉันตะโกนเรียกเขา แต่ไม่มีใครขานรับ
细节,这个计划的细节还没定。,The details of this plan haven't been decided yet.,รายละเอียดของแผนนี้ยังไม่ลงตัว
美妙,音乐会的旋律非常美妙。,The melody at the concert was wonderful.,ท่วงทำนองในคอนเสิร์ตไพเราะมาก
行业,他从事餐饮行业。,He works in the catering industry.,เขาทำงานในธุรกิจร้านอาหาร
规则,大家要遵守游戏规则。,Everyone must follow the rules of the game.,ทุกคนต้องทำตามกติกาของเกม
谈判,双方正在进行谈判。,Both sides are conducting negotiations.,ทั้งสองฝ่ายกำลังเจรจากันอยู่
谈话,老师找我谈话了。,The teacher had a talk with me.,อาจารย์เรียกฉันไปพูดคุยด้วย
足够,我们有足够的时间。,We have enough time.,เรามีเวลาเพียงพอ
踩,别踩我的脚。,Don't step on my foot.,อย่าเหยียบเท้าฉัน
防止,关好门防止猫跑出去。,Close the door properly to prevent the cat from running out.,ปิดประตูให้ดีเพื่อป้องกันไม่ให้แมววิ่งออกไป
陷入,他陷入了深深的思考。,He sank into deep thought.,เขาจมดิ่งอยู่ในห้วงความคิด
鞋子,这双鞋子很舒服。,These shoes are very comfortable.,รองเท้าคู่นี้ใส่สบายมาก
领导,他是我们公司的领导。,He is the leader of our company.,เขาเป็นหัวหน้าของบริษัทเรา
一幅,墙上挂着一幅画。,A painting hangs on the wall.,บนผนังมีภาพวาดแขวนอยู่หนึ่งภาพ
不要紧,迟到十分钟不要紧。,Being ten minutes late doesn't matter.,มาสายสิบนาทีไม่เป็นไร
两条,桌上有两条鱼。,There are two fish on the table.,บนโต๊ะมีปลาอยู่สองตัว
中国画,他喜欢画中国画。,He likes painting Chinese paintings.,เขาชอบวาดภาพวาดแบบจีน
书架上,书放在书架上。,The books are placed on the bookshelf.,หนังสือวางอยู่บนชั้นหนังสือ
书画,他从小喜欢书画。,He has liked painting and calligraphy since childhood.,เขาชอบงานเขียนอักษรและภาพวาดมาตั้งแต่เด็ก
体验,你可以来体验一下。,You can come and experience it yourself.,คุณลองมาสัมผัสประสบการณ์ด้วยตัวเองได้เลย
入睡,他很快就入睡了。,He fell asleep quickly.,เขาหลับไปเร็วมาก
出任,他出任新公司经理。,He took up the post of manager at the new company.,เขาเข้ารับตำแหน่งผู้จัดการที่บริษัทใหม่
助理,她是经理的助理。,She is the manager's assistant.,เธอเป็นผู้ช่วยของผู้จัดการ
墙壁,墙壁上挂着照片。,Photos hang on the wall.,มีรูปถ่ายแขวนอยู่บนผนัง
壶,桌子上有一壶茶。,There is a pot of tea on the table.,บนโต๊ะมีน้ำชาหนึ่งกา
如此,事情竟然如此简单。,The matter turned out to be so simple.,ไม่นึกเลยว่าเรื่องจะง่ายดายเช่นนี้
娱乐,周末我们喜欢娱乐一下。,On weekends we like to have some fun.,วันหยุดเราชอบหาความบันเทิงผ่อนคลายกัน
客服部,请联系客服部处理。,Please contact the customer service department to handle it.,กรุณาติดต่อแผนกบริการลูกค้าเพื่อดำเนินการ
尾巴,小狗摇着尾巴跑来。,The puppy ran over wagging its tail.,ลูกหมาวิ่งมาพลางกระดิกหาง
山水画,他画了一幅山水画。,He painted a landscape painting.,เขาวาดภาพวิวทิวทัศน์หนึ่งภาพ
年代,这是八十年代的照片。,This is a photo from the 1980s.,นี่เป็นรูปถ่ายจากยุคแปดสิบ
广告牌,路边有一块广告牌。,There is a billboard by the road.,ริมถนนมีป้ายโฆษณาอยู่ป้ายหนึ่ง
快餐店,我们在快餐店吃饭。,We ate at the fast food shop.,เรากินข้าวกันที่ร้านอาหารจานด่วน
恨,他很恨那个坏人。,He hates that bad person very much.,เขาเกลียดคนเลวคนนั้นมาก
挣,他每天努力挣钱。,He works hard to earn money every day.,เขาขยันหาเงินทุกวัน
接电话,我正在接电话。,I am answering the phone.,ฉันกำลังรับโทรศัพท์อยู่
日照时间,夏天日照时间更长。,"In summer, the hours of sunshine are longer.",หน้าร้อนช่วงเวลาที่มีแสงแดดจะยาวนานกว่า
水壶,他带了一个水壶。,He brought a kettle.,เขาพกกระติกน้ำมาหนึ่งใบ
池子,院子里有一个池子。,There is a pond in the courtyard.,ในลานบ้านมีบ่อน้ำอยู่บ่อหนึ่ง
用于,这笔钱用于教育。,This money is used for education.,เงินก้อนนี้ใช้เพื่อการศึกษา
第二位,他排在第二位。,He is ranked in second place.,เขาอยู่ในอันดับที่สอง
记号,他在书上做了记号。,He made a mark in the book.,เขาทำเครื่องหมายไว้ในหนังสือ
记载,历史书记载了这件事。,The history book records this event.,หนังสือประวัติศาสตร์บันทึกเรื่องนี้ไว้
讲座,今晚有一场讲座。,There is a lecture tonight.,คืนนี้มีการบรรยายหนึ่งครั้ง
车子,他的车子坏了。,His car broke down.,รถของเขาเสีย
过期,这瓶牛奶已经过期了。,This bottle of milk has already expired.,นมขวดนี้หมดอายุแล้ว
陛下,大臣对陛下说话。,The minister spoke to His Majesty.,เสนาบดีกราบทูลต่อฝ่าบาท
随口,他随口说了一句。,He said a sentence offhand.,เขาพูดลอยๆ ออกมาประโยคหนึ่ง
非,他非去不可。,He absolutely must go.,ยังไงเขาก็ต้องไปให้ได้
黄金,她戴着黄金戒指。,She wears a gold ring.,เธอสวมแหวนทองคำ
倍数,十是五的倍数。,Ten is a multiple of five.,สิบเป็นพหุคูณของห้า
冰雪节,我们去看冰雪节。,We went to see the ice and snow festival.,เราไปดูเทศกาลน้ำแข็งและหิมะกัน
半瓶,桌上还有半瓶水。,There is still half a bottle of water on the table.,บนโต๊ะยังมีน้ำเหลืออยู่ครึ่งขวด
口袋,钥匙在他口袋里。,The key is in his pocket.,กุญแจอยู่ในกระเป๋าเสื้อของเขา
商人,他是一个成功的商人。,He is a successful businessman.,เขาเป็นนักธุรกิจที่ประสบความสำเร็จ
团队,我们的团队很努力。,Our team works very hard.,ทีมของเราขยันมาก
坑,路上有一个大坑。,There is a big pit on the road.,บนถนนมีหลุมใหญ่อยู่หลุมหนึ่ง
城门,士兵守着城门。,The soldiers guard the city gate.,ทหารเฝ้าประตูเมือง
大猩猩,动物园里有大猩猩。,There are gorillas in the zoo.,ในสวนสัตว์มีกอริลลา
宣纸,他用宣纸写书法。,He writes calligraphy on rice paper.,เขาเขียนอักษรพู่กันจีนบนกระดาษสา
底儿,这件事我心里有底儿。,I have a good grasp of this matter in my mind.,เรื่องนี้ฉันมั่นใจอยู่ในใจ
悲伤,她感到非常悲伤。,She felt very sad.,เธอรู้สึกเศร้าใจมาก
戒指,她买了一枚戒指。,She bought a ring.,เธอซื้อแหวนมาวงหนึ่ง
服药,请按时服药。,Please take your medicine on time.,กรุณาทานยาให้ตรงเวลา
枚,她有一枚金戒指。,She has a gold ring.,เธอมีแหวนทองหนึ่งวง
椰子壳,他用椰子壳做碗。,He makes a bowl from a coconut shell.,เขาเอากะลามะพร้าวมาทำเป็นชาม
橙子,我喜欢吃橙子。,I like eating oranges.,ฉันชอบกินส้ม
泡馍,西安的泡馍很有名。,Xi'an's paomo (meat and bread soup) is very famous.,เปาโหม (ซุปเนื้อกับขนมปัง) ของซีอานขึ้นชื่อมาก
灯光,舞台上灯光很亮。,The lights on the stage are very bright.,แสงไฟบนเวทีสว่างมาก
独处,她喜欢一个人独处。,She likes to spend time alone.,เธอชอบอยู่ตามลำพังคนเดียว
瓦,屋顶铺着黑瓦。,The roof is covered with black tiles.,หลังคามุงด้วยกระเบื้องสีดำ
电子,他买了电子词典。,He bought an electronic dictionary.,เขาซื้อพจนานุกรมอิเล็กทรอนิกส์
第一组,请第一组先来。,Please let the first group go first.,ขอให้กลุ่มที่หนึ่งมาก่อน
裤腿,他卷起了裤腿。,He rolled up his trouser legs.,เขาพับขากางเกงขึ้น
请帖,她收到一张请帖。,She received an invitation card.,เธอได้รับการ์ดเชิญใบหนึ่ง
贵族,他出身贵族家庭。,He was born into a noble family.,เขาเกิดในตระกูลชนชั้นสูง
车夫,车夫拉着车前进。,The coachman pulled the cart forward.,คนลากรถลากรถไปข้างหน้า
酸葡萄,这只是他的酸葡萄心理。,This is just his sour-grapes mentality.,นี่ก็แค่ความคิดแบบองุ่นเปรี้ยวของเขา
铁树开花,这件事像铁树开花。,This matter is as rare as an iron tree blooming.,เรื่องนี้เกิดขึ้นยากราวกับต้นเหล็กออกดอก
队员,每个队员都很努力。,Every team member works hard.,ลูกทีมทุกคนตั้งใจมาก
雨季,现在是雨季。,It is the rainy season now.,ตอนนี้เป็นหน้าฝน
一口气,他一口气跑完了。,"He finished running in one breath, without stopping.",เขาวิ่งรวดเดียวจบไม่หยุดพักเลย
一所,这是一所大学。,This is a university.,นี่เป็นมหาวิทยาลัยแห่งหนึ่ง
一顿,我们吃了一顿饭。,We ate a meal.,เรากินข้าวกันไปมื้อหนึ่ง
下个月,我下个月回国。,I will return to my country next month.,เดือนหน้าฉันจะกลับประเทศ
不利于,熬夜不利于健康。,Staying up late is bad for health.,การนอนดึกไม่ดีต่อสุขภาพ
不耐烦,他等得很不耐烦。,He was very impatient waiting.,เขารอจนหงุดหงิดใจ
不足,睡眠不足影响健康。,Insufficient sleep affects health.,การนอนไม่เพียงพอส่งผลต่อสุขภาพ
丢弃,他把旧衣服丢弃了。,He discarded his old clothes.,เขาทิ้งเสื้อผ้าเก่าไป
主持,她主持今晚的晚会。,She is hosting tonight's party.,เธอดำเนินรายการงานเลี้ยงคืนนี้
之所以,他之所以迟到是因为堵车。,The reason he was late is because of traffic.,สาเหตุที่เขามาสายก็เพราะรถติด
乐于助人,他一直乐于助人。,He has always been willing to help others.,เขามีน้ำใจชอบช่วยเหลือคนอื่นเสมอ
乐趣,读书给他带来乐趣。,Reading brings him pleasure.,การอ่านหนังสือทำให้เขาเพลิดเพลิน
了不起,你的想法真了不起。,Your idea is truly amazing.,ความคิดของคุณสุดยอดจริงๆ
事实,这是一个事实。,This is a fact.,นี่คือข้อเท็จจริง
二人,他们二人一起去旅行。,The two of them went traveling together.,เขาสองคนไปเที่ยวด้วยกัน
交往,他们交往已经三年了。,They have been together for three years.,พวกเขาคบกันมาสามปีแล้ว
交谈,我们愉快地交谈了很久。,We chatted happily for a long time.,เราพูดคุยกันอย่างมีความสุขอยู่นาน
从容,她遇事总是很从容。,She always stays calm when facing things.,เจอเรื่องอะไรเธอก็ใจเย็นสุขุมเสมอ
优惠,这件衣服有优惠价格。,This piece of clothing has a discounted price.,เสื้อตัวนี้มีราคาพิเศษ
会计,她在公司做会计。,She works as an accountant at the company.,เธอทำงานเป็นพนักงานบัญชีที่บริษัท
例子,老师举了一个例子。,The teacher gave an example.,อาจารย์ยกตัวอย่างมาหนึ่งอย่าง
俱乐部,他是这个俱乐部的会员。,He is a member of this club.,เขาเป็นสมาชิกของสโมสรนี้
光盘,这张光盘坏了。,This CD is broken.,แผ่นซีดีแผ่นนี้เสียแล้ว
全都,同学们全都到齐了。,The classmates have all arrived.,เพื่อนร่วมชั้นมากันครบหมดแล้ว
公元前,这座城建于公元前三百年。,This city was built in 300 BCE.,เมืองนี้สร้างขึ้นเมื่อ 300 ปีก่อนคริสตกาล
冠军,他获得了比赛冠军。,He won the championship of the competition.,เขาคว้าแชมป์การแข่งขันได้
决赛,我们的球队进入了决赛。,Our team advanced to the finals.,ทีมของเราเข้ารอบชิงชนะเลิศ
凡是,凡是学生都要参加考试。,Every student must take the exam.,นักเรียนทุกคนล้วนต้องเข้าสอบ
分为,这本书分为三部分。,This book is divided into three parts.,หนังสือเล่มนี้แบ่งออกเป็นสามส่วน
分别,我们在车站分别了。,We parted ways at the station.,เราแยกจากกันที่สถานี
勇于,我们要勇于面对困难。,We must be brave enough to face difficulties.,เราต้องกล้าเผชิญกับความยากลำบาก
包含,价格里包含服务费。,The price includes the service fee.,ในราคานี้รวมค่าบริการไว้แล้ว
千年,这棵树已有千年历史。,This tree already has a thousand years of history.,ต้นไม้ต้นนี้มีอายุนับพันปีแล้ว
却是,他很努力成绩却是不好。,"He works hard, but his grades are nevertheless not good.",เขาพยายามมาก แต่ผลการเรียนกลับไม่ดี
原则,他做事很讲原则。,He does things according to principle.,เขาเป็นคนทำอะไรมีหลักการ
原本,我原本打算明天走。,I originally planned to leave tomorrow.,เดิมทีฉันวางแผนจะไปพรุ่งนี้
参考,你可以参考这本书。,You can refer to this book.,คุณลองดูหนังสือเล่มนี้เป็นแนวทางได้
友情,他们的友情很深厚。,Their friendship is very deep.,มิตรภาพของพวกเขาลึกซึ้งมาก
反复,他反复检查了作业。,He checked his homework repeatedly.,เขาตรวจการบ้านซ้ำแล้วซ้ำอีก
反正,反正明天不上班。,"Anyway, I'm not working tomorrow.",ยังไงพรุ่งนี้ก็ไม่ต้องทำงานอยู่แล้ว
发票,请给我开一张发票。,Please give me a receipt.,ช่วยออกใบเสร็จให้ฉันหน่อย
古老,这是一座古老的城市。,This is an ancient city.,นี่เป็นเมืองเก่าแก่โบราณ
含有,这种水果含有维生素。,This kind of fruit contains vitamins.,ผลไม้ชนิดนี้มีวิตามิน
听取,领导听取了大家的意见。,The leader listened to everyone's opinions.,หัวหน้ารับฟังความคิดเห็นของทุกคน
吵架,他们俩又吵架了。,The two of them quarreled again.,ทั้งสองคนทะเลาะกันอีกแล้ว
吹,外面风吹得很大。,Outside the wind is blowing hard.,ข้างนอกลมพัดแรงมาก
呆,他站在那里显得很呆。,He stood there looking foolish.,เขายืนอยู่ตรงนั้นดูเซ่อๆ
命,医生救了他的命。,The doctor saved his life.,หมอช่วยชีวิตเขาเอาไว้
咨询,你可以咨询医生。,You can consult a doctor.,คุณลองปรึกษาหมอดูได้
哪怕,哪怕下雨我也要去。,"Even if it rains, I will still go.",ต่อให้ฝนตกฉันก็จะไป
唯一,他是我唯一的朋友。,He is my only friend.,เขาเป็นเพื่อนคนเดียวของฉัน
商品,这家店商品很便宜。,The goods in this shop are very cheap.,สินค้าในร้านนี้ถูกมาก
地位,他在公司地位很高。,He holds a high position in the company.,เขามีสถานะสูงในบริษัท
夏令营,孩子们参加了夏令营。,The children attended a summer camp.,เด็กๆ เข้าร่วมค่ายฤดูร้อน
夸奖,老师夸奖了她的作文。,The teacher praised her essay.,อาจารย์ชมเรียงความของเธอ
始于,这个传统始于古代。,This tradition began in ancient times.,ประเพณีนี้เริ่มต้นมาตั้งแต่สมัยโบราณ
孝顺,他对父母很孝顺。,He is very filial to his parents.,เขากตัญญูต่อพ่อแม่มาก
学问,他是个很有学问的人。,He is a very learned person.,เขาเป็นคนมีความรู้มาก
客观,请你客观地看问题。,Please look at the problem objectively.,ช่วยมองปัญหาอย่างเป็นกลางหน่อย
宴会厅,婚礼在宴会厅举行。,The wedding was held in the ballroom.,งานแต่งงานจัดขึ้นที่ห้องจัดเลี้ยง
宿舍,我住在学校宿舍。,I live in the school dormitory.,ฉันพักอยู่ที่หอพักของโรงเรียน
尊敬,学生们都尊敬老师。,The students all respect the teacher.,นักเรียนทุกคนเคารพอาจารย์
展览,博物馆正在展览古画。,The museum is exhibiting ancient paintings.,พิพิธภัณฑ์กำลังจัดแสดงภาพวาดโบราณ
巧妙,他的方法很巧妙。,His method is very clever.,วิธีของเขาแยบยลมาก
市中心,我们住在市中心。,We live downtown.,เราอยู่ใจกลางเมือง
广大,沙漠面积十分广大。,The desert's area is extremely vast.,ทะเลทรายมีพื้นที่กว้างใหญ่มาก
应付,他很会应付困难。,He is good at dealing with difficulties.,เขาเก่งเรื่องรับมือกับความยากลำบาก
当今世界,当今世界变化很快。,Today's world changes very fast.,โลกทุกวันนี้เปลี่ยนแปลงเร็วมาก
形势,现在形势很复杂。,The situation now is very complicated.,ตอนนี้สถานการณ์ซับซ้อนมาก
形象,他很注重自己的形象。,He pays much attention to his own image.,เขาใส่ใจภาพลักษณ์ของตัวเองมาก
思路,他的思路很清楚。,His train of thought is very clear.,แนวความคิดของเขาชัดเจนมาก
总共,这些东西总共多少钱？,How much do these things cost altogether?,ของพวกนี้ทั้งหมดราคาเท่าไหร่?
总算,他总算考上了大学。,He finally got into university.,ในที่สุดเขาก็สอบติดมหาวิทยาลัย
惭愧,他为自己的错误感到惭愧。,He felt ashamed of his mistake.,เขารู้สึกละอายใจกับความผิดของตัวเอง
意外,路上发生了意外。,An accident happened on the road.,เกิดอุบัติเหตุขึ้นบนถนน
意识,他渐渐失去了意识。,He gradually lost consciousness.,เขาค่อยๆ หมดสติไป
感受,说说你的感受吧。,Tell us your feelings.,เล่าความรู้สึกของเธอให้ฟังหน่อยสิ
或是,你可以坐车或是走路。,You can take the bus or walk.,เธอจะนั่งรถหรือเดินไปก็ได้
所谓,所谓成功需要努力。,So-called success requires effort.,ที่เรียกว่าความสำเร็จนั้นต้องใช้ความพยายาม
打喷嚏,他突然打喷嚏了。,He suddenly sneezed.,จู่ๆ เขาก็จาม
打败,我们打败了对手。,We defeated our opponent.,เราเอาชนะคู่แข่งได้
持续,雨持续下了三天。,The rain continued for three days.,ฝนตกต่อเนื่องสามวัน
指出,老师指出了错误。,The teacher pointed out the mistake.,ครูชี้ให้เห็นข้อผิดพลาด
指导,老师指导我们写作。,The teacher guides us in writing.,ครูชี้แนะการเขียนให้พวกเรา
挡住,大树挡住了阳光。,The big tree blocked the sunlight.,ต้นไม้ใหญ่บังแสงแดด
损失,这场火灾损失很大。,This fire caused great losses.,ไฟไหม้ครั้งนี้สร้างความเสียหายมาก
捡,他捡起地上的钱包。,He picked up the wallet on the ground.,เขาเก็บกระเป๋าเงินที่ตกอยู่บนพื้น
据说,据说他明天回国。,It is said that he is returning to his country tomorrow.,ได้ยินว่าพรุ่งนี้เขาจะกลับประเทศ
摄影,他对摄影很感兴趣。,He is very interested in photography.,เขาสนใจการถ่ายภาพมาก
撞,他不小心撞到了门。,He accidentally bumped into the door.,เขาเผลอชนประตู
擅长,她擅长画画。,She is good at drawing.,เธอถนัดวาดรูป
敌人,士兵们打败了敌人。,The soldiers defeated the enemy.,เหล่าทหารเอาชนะศัตรูได้
整条,整条街都很安静。,The entire street is very quiet.,ถนนทั้งสายเงียบมาก
早已,他早已离开这里。,He left here long ago.,เขาจากที่นี่ไปนานแล้ว
有害,吸烟对身体有害。,Smoking is harmful to the body.,การสูบบุหรี่เป็นอันตรายต่อร่างกาย
服务态度,这家店服务态度很好。,This shop's service attitude is very good.,ร้านนี้บริการด้วยท่าทีที่ดีมาก
本领,他有很大的本领。,He has great abilities.,เขามีความสามารถมาก
某个,他住在某个城市。,He lives in a certain city.,เขาอยู่ในเมืองแห่งหนึ่ง
核心,这是问题的核心。,This is the core of the problem.,นี่คือแก่นของปัญหา
模仿,弟弟喜欢模仿爸爸说话。,My younger brother likes to imitate the way dad talks.,น้องชายชอบเลียนแบบวิธีพูดของพ่อ
此,此事非常重要，请大家注意。,This matter is very important; please everyone pay attention.,เรื่องนี้สำคัญมาก ขอให้ทุกคนใส่ใจ
毕竟,他毕竟是个孩子，还不懂事。,"After all, he's just a child and doesn't understand yet.",ยังไงเขาก็เป็นแค่เด็ก ยังไม่รู้ความ
毛病,这台电脑有点毛病。,This computer has a bit of a problem.,คอมพิวเตอร์เครื่องนี้มีปัญหานิดหน่อย
毛笔,爷爷用毛笔写字。,Grandpa writes with a writing brush.,ปู่เขียนหนังสือด้วยพู่กัน
气,车胎没气了。,The tire is out of air.,ยางรถหมดลมแล้ว
浇水,我每天给花浇水。,I water the flowers every day.,ฉันรดน้ำดอกไม้ทุกวัน
海鲜,这家餐厅的海鲜很新鲜。,This restaurant's seafood is very fresh.,อาหารทะเลของร้านนี้สดมาก
清淡,医生让我吃清淡的食物。,The doctor told me to eat light food.,หมอให้ฉันกินอาหารรสจืด
热烈,大家热烈鼓掌欢迎他。,Everyone applauded warmly to welcome him.,ทุกคนปรบมือต้อนรับเขาอย่างอบอุ่น
照常,明天商店照常营业。,Tomorrow the store will open as usual.,พรุ่งนี้ร้านเปิดตามปกติ
特殊,今天是个特殊的日子。,Today is a special day.,วันนี้เป็นวันพิเศษ
特色,这道菜很有特色。,This dish has a lot of character.,อาหารจานนี้มีเอกลักษณ์มาก
狡猾,那只狐狸非常狡猾。,That fox is very cunning.,เจ้าจิ้งจอกตัวนั้นเจ้าเล่ห์มาก
独立,孩子应该学会独立。,Children should learn to be independent.,เด็กควรหัดพึ่งพาตัวเอง
理由,他没有理由拒绝。,He has no reason to refuse.,เขาไม่มีเหตุผลที่จะปฏิเสธ
电池,这个手电筒需要电池。,This flashlight needs batteries.,ไฟฉายอันนี้ต้องใช้ถ่าน
看望,周末我去看望奶奶。,On the weekend I'll go visit grandma.,สุดสัปดาห์ฉันจะไปเยี่ยมย่า
短暂,假期总是很短暂。,Vacations are always very brief.,วันหยุดมักจะสั้นเสมอ
确认,请确认你的邮箱地址。,Please confirm your email address.,กรุณายืนยันที่อยู่อีเมลของคุณ
秘密,这是我们两个人的秘密。,This is a secret between the two of us.,นี่คือความลับของเราสองคน
窗帘,妈妈买了新窗帘。,Mom bought new curtains.,แม่ซื้อผ้าม่านใหม่
签合同,公司今天签合同。,The company is signing a contract today.,วันนี้บริษัทเซ็นสัญญา
纷纷,下课后学生们纷纷离开。,"After class, the students left one after another.",พอเลิกเรียน นักเรียนก็ทยอยกันออกไป
结构,这栋楼的结构很特别。,This building's structure is very special.,โครงสร้างของตึกนี้พิเศษมาก
结论,我们还没得出结论。,We haven't reached a conclusion yet.,เรายังไม่ได้ข้อสรุป
结账,吃完饭我们去结账。,"After eating, we'll go pay the bill.",กินข้าวเสร็จแล้วเราไปเช็คบิลกัน
编辑,她的工作是编辑杂志。,Her job is editing magazines.,งานของเธอคือเป็นบรรณาธิการนิตยสาร
胃,我的胃有点疼。,My stomach hurts a little.,ฉันปวดกระเพาะนิดหน่อย
能干,她是个很能干的员工。,She is a very capable employee.,เธอเป็นพนักงานที่เก่งมาก
舒适,这张床睡起来很舒适。,This bed is very comfortable to sleep in.,เตียงนี้นอนสบายมาก
艰苦,那段日子过得很艰苦。,Those days were very hard.,ช่วงเวลานั้นลำบากมาก
营业,这家商店九点开始营业。,This store starts business at nine.,ร้านนี้เปิดทำการตอนเก้าโมง
营养价值,这种蔬菜营养价值很高。,This vegetable has high nutritional value.,ผักชนิดนี้มีคุณค่าทางโภชนาการสูง
营养成分,请看看包装上的营养成分。,Please look at the nutritional content on the package.,ลองดูส่วนประกอบทางโภชนาการบนบรรจุภัณฑ์สิ
补充,运动后要补充水分。,After exercise you need to replenish fluids.,หลังออกกำลังกายต้องเติมน้ำให้ร่างกาย
表明,这个结果表明他是对的。,This result shows that he is right.,ผลลัพธ์นี้แสดงให้เห็นว่าเขาถูกต้อง
装满,箱子里装满了书。,The box is filled with books.,ในกล่องเต็มไปด้วยหนังสือ
计算,请帮我计算一下总数。,Please help me calculate the total.,ช่วยคำนวณยอดรวมให้หน่อย
设备,这家工厂的设备很先进。,This factory's equipment is very advanced.,อุปกรณ์ของโรงงานนี้ทันสมัยมาก
设计师,他是一位有名的设计师。,He is a famous designer.,เขาเป็นนักออกแบบที่มีชื่อเสียง
话题,我们换个话题聊吧。,Let's change the topic.,เราเปลี่ยนหัวข้อคุยกันเถอะ
说服,我终于说服了爸爸。,I finally persuaded my dad.,ในที่สุดฉันก็โน้มน้าวพ่อได้สำเร็จ
豪华,他们住在一家豪华酒店。,They are staying at a luxurious hotel.,พวกเขาพักอยู่ที่โรงแรมหรูหรา
资料,老师让我们查资料。,The teacher asked us to look up materials.,ครูให้เราไปค้นหาข้อมูล
赞美,大家都赞美这幅画。,Everyone praises this painting.,ทุกคนต่างชื่นชมภาพวาดนี้
赞赏,老板很赞赏他的努力。,The boss really admires his hard work.,เจ้านายยกย่องความพยายามของเขามาก
赶上,我们差点没赶上火车。,We almost didn't catch the train.,เราเกือบขึ้นรถไฟไม่ทัน
跟着,小狗跟着主人走。,The dog follows its owner.,ลูกหมาเดินตามเจ้าของ
身份证,出门要带身份证。,You need to bring your ID when going out.,ออกไปข้างนอกต้องพกบัตรประชาชน
身心健康,运动有助于身心健康。,Exercise helps physical and mental health.,การออกกำลังกายช่วยให้สุขภาพกายและใจดี
躲,他躲在门后面。,He hid behind the door.,เขาหลบอยู่หลังประตู
车库,汽车停在车库里。,The car is parked in the garage.,รถจอดอยู่ในโรงรถ
轻视,我们不能轻视对手。,We can't look down on our opponent.,เราจะดูถูกคู่แข่งไม่ได้
辣椒,这道菜放了很多辣椒。,This dish has a lot of chili in it.,อาหารจานนี้ใส่พริกเยอะมาก
达到,他终于达到了目标。,He finally achieved his goal.,ในที่สุดเขาก็บรรลุเป้าหมาย
这回,这回我们一定会成功。,This time we will definitely succeed.,คราวนี้เราจะต้องสำเร็จแน่นอน
这天,这天天气特别好。,On this day the weather was especially nice.,วันนั้นอากาศดีเป็นพิเศษ
逃跑,小偷看到警察就逃跑了。,The thief ran away when he saw the police.,พอโจรเห็นตำรวจก็วิ่งหนีไป
酒吧,晚上我们去酒吧喝酒。,Tonight we're going to the bar to drink.,คืนนี้เราจะไปดื่มที่บาร์
铁,这把椅子是铁做的。,This chair is made of iron.,เก้าอี้ตัวนี้ทำจากเหล็ก
销量,这款手机销量很高。,This phone's sales volume is very high.,มือถือรุ่นนี้ยอดขายสูงมาก
闻到,我闻到了饭的香味。,I smelled the fragrance of the food.,ฉันได้กลิ่นหอมของอาหาร
陆续,客人们陆续到达了。,The guests arrived one after another.,แขกทยอยกันมาถึง
陌生,这是一个陌生的城市。,This is an unfamiliar city.,นี่เป็นเมืองที่ไม่คุ้นเคย
难度,这次考试难度不小。,The difficulty of this exam is not small.,ความยากของข้อสอบครั้งนี้ไม่น้อยเลย
顿时,听到消息，她顿时哭了。,"Hearing the news, she immediately started crying.",พอได้ยินข่าว เธอก็ร้องไห้ขึ้นมาทันที
预测,专家预测明天会下雨。,Experts predict it will rain tomorrow.,ผู้เชี่ยวชาญคาดการณ์ว่าพรุ่งนี้ฝนจะตก
颗,桌上有一颗糖。,There's a piece of candy on the table.,บนโต๊ะมีลูกอมเม็ดหนึ่ง
风俗,每个地方的风俗不同。,Every place's customs are different.,แต่ละที่มีขนบธรรมเนียมไม่เหมือนกัน
饿死,我快要饿死了。,I'm starving to death.,ฉันจะหิวตายอยู่แล้ว
驾驶,他正在驾驶飞机。,He is piloting the plane.,เขากำลังขับเครื่องบิน
一笔,他赚了一笔钱。,He earned a sum of money.,เขาหาเงินได้ก้อนหนึ่ง
不成,光说不做可不成。,Just talking without doing won't do.,เอาแต่พูดไม่ลงมือทำไม่ได้นะ
不肯,他不肯接受帮助。,He is unwilling to accept help.,เขาไม่ยอมรับความช่วยเหลือ
两地,他们夫妻分居两地。,The couple lives apart in two places.,สามีภรรยาคู่นี้แยกกันอยู่คนละที่
为何,你为何不回答我？,Why don't you answer me?,ทำไมเธอถึงไม่ตอบฉัน?
书房,爸爸正在书房看书。,Dad is reading in the study.,พ่อกำลังอ่านหนังสืออยู่ในห้องหนังสือ
事先,请事先通知我们。,Please notify us in advance.,กรุณาแจ้งให้เราทราบล่วงหน้า
人家,村里只有几户人家。,There are only a few households in the village.,ในหมู่บ้านมีอยู่ไม่กี่หลังคาเรือน
传,这个消息很快就传开了。,This news spread quickly.,ข่าวนี้แพร่กระจายออกไปอย่างรวดเร็ว
传说,这是一个古老的传说。,This is an ancient legend.,นี่คือตำนานเก่าแก่
何时,你何时能回来？,When can you come back?,เธอจะกลับมาได้เมื่อไหร่?
保留,请保留好你的发票。,Please keep your receipt.,กรุณาเก็บใบเสร็จของคุณไว้ให้ดี
借口,他总是找借口迟到。,He always finds excuses to be late.,เขาชอบหาข้ออ้างมาสาย
光线,这个房间光线很好。,This room has good lighting.,ห้องนี้แสงสว่างดี
克,这块蛋糕重两百克。,This piece of cake weighs two hundred grams.,เค้กชิ้นนี้หนักสองร้อยกรัม
再三,妈妈再三提醒我小心。,Mom reminded me over and over to be careful.,แม่เตือนฉันซ้ำแล้วซ้ำเล่าให้ระวัง
写作,他喜欢写作小说。,He likes writing novels.,เขาชอบเขียนนิยาย
冷冻,妈妈把肉放进冰箱冷冻。,Mom put the meat in the fridge to freeze.,แม่เอาเนื้อใส่ตู้เย็นแช่แข็ง
分享,我想和你分享这个好消息。,I want to share this good news with you.,ฉันอยากแบ่งปันข่าวดีนี้กับเธอ
分布,这些学校分布在全国各地。,These schools are distributed all over the country.,โรงเรียนเหล่านี้กระจายอยู่ทั่วประเทศ
制度,这个公司的制度很严格。,This company's system is very strict.,กฎระเบียบของบริษัทนี้เข้มงวดมาก
刺激,辣的食物刺激他的肠胃。,Spicy food irritates his stomach.,อาหารเผ็ดระคายเคืองกระเพาะของเขา
刻,现在是九点一刻。,It's a quarter past nine now.,ตอนนี้เก้าโมงสิบห้านาที
勤奋,他学习非常勤奋。,He studies very diligently.,เขาเรียนหนังสืออย่างขยันขันแข็ง
去掉,请去掉这句话。,Please remove this sentence.,กรุณาตัดประโยคนี้ออก
古时候,古时候人们没有手机。,"In ancient times, people didn't have phones.",สมัยโบราณผู้คนไม่มีโทรศัพท์มือถือ
可口,这道菜非常可口。,This dish is very tasty.,อาหารจานนี้อร่อยมาก
同一,我们上同一所大学。,We attend the same university.,เราเรียนมหาวิทยาลัยเดียวกัน
同类,这些产品属于同类。,These products belong to the same category.,สินค้าเหล่านี้อยู่ในประเภทเดียวกัน
周五,我们周五去看电影。,We're going to watch a movie on Friday.,วันศุกร์เราจะไปดูหนัง
喊道,他喊道有人来了。,He shouted that someone was coming.,เขาตะโกนว่ามีคนมา
围,士兵们围着城堡。,The soldiers surrounded the castle.,เหล่าทหารล้อมรอบปราสาท
固定,请把架子固定好。,Please fix the shelf securely.,กรุณายึดชั้นวางให้แน่น
夜里,他夜里很少睡觉。,He rarely sleeps at night.,เขาไม่ค่อยนอนตอนกลางคืน
大海,他喜欢看大海。,He likes looking at the sea.,เขาชอบมองทะเล
大臣,大臣向皇帝汇报。,The minister reported to the emperor.,เสนาบดีรายงานต่อฮ่องเต้
学历,他的学历很高。,His educational background is very high.,วุฒิการศึกษาของเขาสูงมาก
完整,这份报告很完整。,This report is very complete.,รายงานฉบับนี้สมบูรณ์มาก
宣布,校长宣布了好消息。,The principal announced good news.,ครูใหญ่ประกาศข่าวดี
害,谎言会害了他。,Lies will harm him.,คำโกหกจะทำร้ายเขา
家务,她每天做家务。,She does housework every day.,เธอทำงานบ้านทุกวัน
对手,他是我的对手。,He is my opponent.,เขาเป็นคู่แข่งของฉัน
少年,那个少年很勇敢。,That young boy is very brave.,เด็กหนุ่มคนนั้นกล้าหาญมาก
屋顶,猫坐在屋顶上。,The cat is sitting on the roof.,แมวนั่งอยู่บนหลังคา
差异,两者之间有差异。,There is a difference between the two.,ระหว่างสองสิ่งนี้มีความแตกต่างกัน
并非,这件事并非那么简单。,This matter isn't really that simple.,เรื่องนี้ไม่ได้ง่ายอย่างนั้น
强调,老师强调了安全。,The teacher emphasized safety.,ครูเน้นย้ำเรื่องความปลอดภัย
当初,当初我们不认识。,"At that time, we didn't know each other.",ตอนแรกเราไม่รู้จักกัน
影子,墙上有一个影子。,There is a shadow on the wall.,บนกำแพงมีเงา
思维,他的思维很清晰。,His thinking is very clear.,วิธีคิดของเขาชัดเจนมาก
指点,老师指点了我。,The teacher gave me pointers.,ครูชี้แนะฉัน
接触,我们很少接触。,We rarely have contact.,เราไม่ค่อยได้ติดต่อกัน
描写,作者描写了春天。,The author described spring.,ผู้เขียนบรรยายถึงฤดูใบไม้ผลิ
教育家,他是著名的教育家。,He is a famous educator.,เขาเป็นนักการศึกษาที่มีชื่อเสียง
断,绳子突然断了。,The rope suddenly snapped.,เชือกขาดกะทันหัน
日常生活,手机改变了日常生活。,Phones have changed daily life.,โทรศัพท์มือถือเปลี่ยนชีวิตประจำวันไป
智商,他的智商很高。,His IQ is very high.,ไอคิวของเขาสูงมาก
有所,情况有所改变。,The situation has changed somewhat.,สถานการณ์เปลี่ยนไปบ้าง
机器,工厂里有很多机器。,There are many machines in the factory.,ในโรงงานมีเครื่องจักรมากมาย
树立,我们要树立信心。,We must build up confidence.,เราต้องสร้างความมั่นใจ
概念,这是一个新概念。,This is a new concept.,นี่เป็นแนวคิดใหม่
欺骗,他从不欺骗朋友。,He never deceives his friends.,เขาไม่เคยหลอกลวงเพื่อน
此外,"此外,他还会说法语。","Besides, he can also speak French.",นอกจากนี้ เขายังพูดภาษาฝรั่งเศสได้อีกด้วย
沙漠,沙漠里没有水。,There is no water in the desert.,ในทะเลทรายไม่มีน้ำ
浏览,我喜欢浏览网页。,I like browsing web pages.,ฉันชอบเปิดดูหน้าเว็บ
消失,那只猫突然消失了。,That cat suddenly disappeared.,เจ้าแมวตัวนั้นหายไปกะทันหัน
激烈,比赛非常激烈。,The competition is very intense.,การแข่งขันดุเดือดมาก
点头,他笑着点头。,He smiled and nodded.,เขายิ้มพลางพยักหน้า
熬夜,他经常熬夜工作。,He often stays up late working.,เขาชอบอดหลับอดนอนทำงานบ่อยๆ
独特,她的想法很独特。,Her ideas are very unique.,ความคิดของเธอมีเอกลักษณ์ไม่เหมือนใคร
玉米,农民种了很多玉米。,The farmer grew a lot of corn.,ชาวนาปลูกข้าวโพดไว้เยอะมาก
班主任,我们班主任姓王。,Our head teacher's surname is Wang.,ครูประจำชั้นของเรานามสกุลหวัง
男性,这个职业男性较多。,There are more males in this profession.,อาชีพนี้มีผู้ชายมากกว่า
百货公司,妈妈在百货公司买衣服。,Mom is buying clothes at the department store.,แม่ซื้อเสื้อผ้าที่ห้างสรรพสินค้า
看待,我们应该正确看待失败。,We should regard failure correctly.,เราควรมองความล้มเหลวอย่างถูกต้อง
眼看,眼看就要下雨了。,It's about to rain any moment.,ฝนกำลังจะตกอยู่แล้ว
知名,他是知名的演员。,He is a well-known actor.,เขาเป็นนักแสดงชื่อดัง
空儿,你今天有空儿吗？,Do you have free time today?,วันนี้เธอว่างไหม?
素质,他的素质很高。,His personal character/quality is very high.,เขาเป็นคนมีคุณภาพสูงมาก
经营,他经营一家餐厅。,He runs a restaurant.,เขาบริหารร้านอาหารอยู่แห่งหนึ่ง
维修,师傅正在维修电脑。,The technician is repairing the computer.,ช่างกำลังซ่อมคอมพิวเตอร์
罕见,这种鸟非常罕见。,This kind of bird is very rare.,นกชนิดนี้หายากมาก
罚,老师罚他打扫教室。,The teacher punished him by making him clean the classroom.,ครูลงโทษเขาด้วยการให้ทำความสะอาดห้องเรียน
而已,我只是开玩笑而已。,"I was just joking, that's all.",ฉันแค่ล้อเล่นเท่านั้นเอง
脱离,他想脱离这个组织。,He wants to break away from this organization.,เขาอยากถอนตัวออกจากองค์กรนี้
至于,"至于结果,我不清楚。","As for the result, I'm not sure.",ส่วนเรื่องผลลัพธ์นั้น ฉันก็ไม่แน่ใจ
至今,他至今没有结婚。,He hasn't gotten married to this day.,จนถึงตอนนี้เขาก็ยังไม่แต่งงาน
讲究,他吃饭很讲究。,He is very particular about food.,เขาพิถีพิถันเรื่องกินมาก
设,学校设了新课程。,The school set up a new course.,โรงเรียนเปิดหลักสูตรใหม่
费,别费时间了。,Don't waste time.,อย่าเสียเวลาเลย
路口,请在路口右转。,Please turn right at the intersection.,กรุณาเลี้ยวขวาตรงทางแยก
身材,她的身材很好。,She has a good figure.,เธอหุ่นดีมาก
较大,这个房间较大。,This room is comparatively large.,ห้องนี้ค่อนข้างใหญ่
过于,你过于紧张了。,You're too nervous.,เธอตื่นเต้นเกินไป
进一步,我们需要进一步讨论。,We need to discuss this further.,เราต้องคุยกันต่อให้ละเอียดกว่านี้
连忙,他连忙道歉。,He promptly apologized.,เขารีบขอโทษทันที
重量级,他是重量级的选手。,He is a heavyweight contender.,เขาเป็นนักกีฬารุ่นเฮฟวีเวท
集体,我们要有集体意识。,We should have a sense of collective awareness.,เราต้องมีจิตสำนึกส่วนรวม
雾天,雾天开车要小心。,You need to drive carefully on a foggy day.,วันที่มีหมอกต้องขับรถระวังๆ
需求,市场需求越来越大。,Market demand keeps growing.,ความต้องการของตลาดเพิ่มขึ้นเรื่อยๆ
领带,他今天没戴领带。,He didn't wear a necktie today.,วันนี้เขาไม่ได้ผูกเนคไท
齐,队伍站得很齐。,"The line stood in neat, even rows.",แถวยืนกันเป็นระเบียบเรียบร้อย
一点点,我只吃了一点点。,I only ate a little bit.,ฉันกินไปแค่นิดเดียว
七月,七月的天气很热。,The weather in July is very hot.,อากาศเดือนกรกฎาคมร้อนมาก
伸出,他伸出手打招呼。,He extended his hand to say hello.,เขายื่นมือออกมาทักทาย
兵书,他常读古代兵书。,He often reads ancient books on the art of war.,เขาชอบอ่านตำราพิชัยสงครามโบราณ
凳子,请坐这个凳子。,Please sit on this stool.,เชิญนั่งม้านั่งตัวนี้
出海,渔民明天出海打鱼。,The fishermen will go out to sea to fish tomorrow.,พรุ่งนี้ชาวประมงจะออกทะเลไปจับปลา
刺破,钉子刺破了轮胎。,A nail punctured the tire.,ตะปูตำยางรถจนแตก
吝啬,他对钱很吝啬。,He is very stingy with money.,เขาขี้เหนียวเรื่องเงินมาก
哈尔滨人,他是地道的哈尔滨人。,He is a true native of Harbin.,เขาเป็นคนฮาร์บินแท้ๆ
地域,中国地域辽阔。,China's territory is vast.,จีนมีอาณาเขตกว้างใหญ่
地面,地面很湿滑。,The ground is wet and slippery.,พื้นเปียกลื่น
大将,他是军队的大将。,He is a general in the army.,เขาเป็นนายพลของกองทัพ
大师,他是武术大师。,He is a martial arts master.,เขาเป็นปรมาจารย์ศิลปะการต่อสู้
太太,王太太在厨房做饭。,Mrs. Wang is cooking in the kitchen.,คุณนายหวังกำลังทำกับข้าวอยู่ในครัว
安全帽,工人都戴着安全帽。,The workers are all wearing safety helmets.,คนงานทุกคนสวมหมวกนิรภัย
寿命,这种植物寿命很长。,This kind of plant has a long lifespan.,พืชชนิดนี้มีอายุยืนยาว
小女孩,那个小女孩在唱歌。,That little girl is singing.,เด็กผู้หญิงคนนั้นกำลังร้องเพลง
尽力而为,我一定会尽力而为。,I will definitely do my best.,ฉันจะทำเต็มที่แน่นอน
层次,这篇文章层次很清楚。,This essay's structure is very clear.,บทความนี้มีโครงสร้างชัดเจน
屋,屋里很安静。,It is very quiet inside the room.,ในห้องเงียบมาก
展品,博物馆的展品很多。,The museum has many exhibits.,พิพิธภัณฑ์มีของจัดแสดงเยอะมาก
开花,樱花树开花了。,The cherry tree has bloomed.,ต้นซากุระออกดอกแล้ว
强度,这次运动强度很大。,The intensity of this workout is very high.,การออกกำลังกายรอบนี้เข้มข้นมาก
悲观者,他是个悲观者。,He is a pessimist.,เขาเป็นคนมองโลกในแง่ร้าย
房屋,这里的房屋很旧。,The houses here are very old.,บ้านเรือนแถวนี้เก่ามาก
手指,他的手指很长。,His fingers are long.,นิ้วมือของเขายาว
打碎,他不小心打碎了杯子。,He accidentally broke the cup.,เขาทำแก้วแตกโดยไม่ตั้งใจ
摄影家,他是有名的摄影家。,He is a famous photographer.,เขาเป็นช่างภาพชื่อดัง
教材,这本书是英语教材。,This book is an English textbook.,หนังสือเล่มนี้เป็นตำราเรียนภาษาอังกฤษ
数据恢复,他需要专业的数据恢复。,He needs professional data recovery.,เขาต้องการกู้ข้อมูลแบบมืออาชีพ
曲调,这首歌的曲调很优美。,This song's melody is beautiful.,ทำนองเพลงนี้ไพเราะมาก
武士,他扮演一位武士。,He played the role of a warrior.,เขาแสดงเป็นนักรบ
民族融合,这是民族融合的结果。,This is the result of ethnic integration.,นี่คือผลของการหลอมรวมชนชาติ
水温,请检查一下水温。,Please check the water temperature.,ช่วยเช็กอุณหภูมิน้ำหน่อย
求职者,很多求职者来面试。,Many job applicants came for interviews.,ผู้สมัครงานหลายคนมาสัมภาษณ์
液体,这种液体是无色的。,This liquid is colorless.,ของเหลวชนิดนี้ไม่มีสี
渴望,他渴望成功。,He longs for success.,เขาโหยหาความสำเร็จ
湖,湖水非常清澈。,The lake water is very clear.,น้ำในทะเลสาบใสมาก
潜能,每个人都有潜能。,Everyone has potential.,ทุกคนมีศักยภาพซ่อนอยู่
烧,火烧了整片森林。,The fire burned the whole forest.,ไฟเผาป่าทั้งผืน
猩猩,动物园里有猩猩。,There are orangutans in the zoo.,ในสวนสัตว์มีลิงอุรังอุตัง
理念,这是公司的经营理念。,This is the company's business philosophy.,นี่คือแนวคิดในการบริหารของบริษัท
电子秤,他用电子秤称重。,He used an electronic scale to weigh things.,เขาใช้เครื่องชั่งดิจิทัลชั่งน้ำหนัก
男主人,男主人热情地招待客人。,The male host warmly welcomed the guests.,เจ้าบ้านผู้ชายต้อนรับแขกอย่างอบอุ่น
画龙点睛,这句话真是画龙点睛。,This sentence is truly the finishing touch.,ประโยคนี้เป็นจุดที่เติมเต็มให้สมบูรณ์แบบจริงๆ
登上,他终于登上山顶。,He finally reached the summit.,ในที่สุดเขาก็ปีนขึ้นถึงยอดเขา
碎块,地上都是玻璃碎块。,There are glass fragments all over the ground.,บนพื้นเต็มไปด้วยเศษแก้ว
社会学,她大学学的是社会学。,She studied sociology in college.,ตอนเรียนมหาลัยเธอเรียนสังคมวิทยา
离婚率,这个城市离婚率很高。,This city's divorce rate is very high.,เมืองนี้มีอัตราการหย่าร้างสูงมาก
种植,农民种植了很多水稻。,The farmers planted a lot of rice.,ชาวนาปลูกข้าวไว้เยอะมาก
第三位,他排在第三位。,He is ranked in third place.,เขาอยู่อันดับที่สาม
第二组,我们分在第二组。,We were assigned to the second group.,เราถูกจัดอยู่กลุ่มที่สอง
综合征,医生诊断出一种综合征。,The doctor diagnosed a syndrome.,หมอวินิจฉัยว่าเป็นกลุ่มอาการชนิดหนึ่ง
耳光,他打了他一耳光。,He slapped him in the face.,เขาตบหน้าอีกฝ่ายไปหนึ่งที
肉类,他不喜欢吃肉类。,He doesn't like eating meat.,เขาไม่ชอบกินเนื้อสัตว์
背景,这张照片背景很美。,This photo's background is beautiful.,ฉากหลังของรูปนี้สวยมาก
背着,他背着书包上学。,He goes to school carrying his backpack.,เขาสะพายเป้ไปโรงเรียน
艰难,这段时间很艰难。,This period has been very difficult.,ช่วงนี้ลำบากมาก
菌,空气中有很多菌。,There are a lot of germs in the air.,ในอากาศมีเชื้อโรคเยอะ
装进去,快把行李装进去！,Hurry and put the luggage inside!,รีบเอากระเป๋าใส่เข้าไปเร็ว!
解梦,她请人帮她解梦。,She asked someone to interpret her dream.,เธอให้คนช่วยทำนายฝัน
讲课,老师正在教室讲课。,The teacher is giving a lecture in the classroom.,คุณครูกำลังสอนอยู่ในห้องเรียน
货币,人民币是中国的货币。,The renminbi is China's currency.,เงินหยวนเป็นสกุลเงินของจีน
辞退,公司辞退了他。,The company dismissed him.,บริษัทไล่เขาออก
遗忘,往事渐渐被遗忘。,The past was gradually forgotten.,เรื่องราวในอดีตค่อยๆ ถูกลืมเลือน
铁树,院子里种着一棵铁树。,There is a sago palm planted in the yard.,ในสวนปลูกต้นปรงไว้ต้นหนึ่ง
长凳,公园里有一条长凳。,There is a bench in the park.,ในสวนสาธารณะมีม้านั่งยาวตัวหนึ่ง
闲置,这台机器长期闲置。,This machine has been idle for a long time.,เครื่องจักรเครื่องนี้ถูกทิ้งไว้เฉยๆ มานาน
项目,这个项目很重要。,This project is very important.,โปรเจกต์นี้สำคัญมาก
饭菜,妈妈做的饭菜很香。,The food mom made smells delicious.,กับข้าวที่แม่ทำหอมมาก
馍,他吃了一个馍。,He ate a piece of steamed bread.,เขากินหมั่นโถวไปหนึ่งลูก
驾驶者,驾驶者必须系安全带。,Drivers must wear seatbelts.,ผู้ขับขี่ต้องคาดเข็มขัดนิรภัย
骂,妈妈骂了他一顿。,Mom scolded him.,แม่ดุเขาไปยกใหญ่
所,这所大学很有名。,This university is very famous.,มหาวิทยาลัยแห่งนี้มีชื่อเสียงมาก
海,他喜欢在海里游泳。,He likes swimming in the sea.,เขาชอบว่ายน้ำในทะเล
或,你要茶或咖啡？,Would you like tea or coffee?,เธอเอาชาหรือกาแฟ?
由,这件事由他负责。,This matter is handled by him.,เรื่องนี้เขาเป็นคนรับผิดชอบ
第,这是第一名。,This is the first place.,นี่คือที่หนึ่ง
具有,这种药具有疗效。,This medicine has a therapeutic effect.,ยาชนิดนี้มีสรรพคุณในการรักษา
点心,妈妈做了点心。,Mom made some pastries.,แม่ทำขนมไว้
产生,这件事产生了误会。,This matter gave rise to a misunderstanding.,เรื่องนี้ทำให้เกิดความเข้าใจผิด
瓷,这个瓷碗很漂亮。,This porcelain bowl is very pretty.,ชามเซรามิกใบนี้สวยมาก
冰,河面上结了冰。,The river surface froze into ice.,ผิวน้ำในแม่น้ำจับตัวเป็นน้ำแข็ง
因,他因病请假了。,He took leave because of illness.,เขาลางานเพราะป่วย
存在,这个问题依然存在。,This problem still exists.,ปัญหานี้ยังคงมีอยู่
窗,请把窗关上。,Please close the window.,ช่วยปิดหน้าต่างหน่อย
里程,这辆车里程很高。,This car has high mileage.,รถคันนี้เลขไมล์เยอะ
花盘,向日葵花盘很大。,The sunflower's flower head is very large.,จานดอกของดอกทานตะวันใหญ่มาก
金鱼,我养了一条金鱼。,I keep a goldfish.,ฉันเลี้ยงปลาทองไว้ตัวหนึ่ง
面食,北方人爱吃面食。,Northerners love eating wheat-based foods.,คนทางเหนือชอบกินอาหารทำจากแป้ง
国,这是一个大国。,This is a great nation.,นี่คือประเทศที่ยิ่งใหญ่
公,这是公用电话。,This is a public telephone.,นี่คือโทรศัพท์สาธารณะ
章鱼,章鱼有八条腿。,An octopus has eight legs.,ปลาหมึกยักษ์มีแปดขา
航空,他从事航空工作。,He works in aviation.,เขาทำงานด้านการบิน
相,他们相爱多年。,They have loved each other for years.,พวกเขารักกันมาหลายปี
肌肉,他的肌肉很结实。,His muscles are very firm.,กล้ามเนื้อของเขาแข็งแรงมาก
口述,老人口述了往事。,The old man recounted the past orally.,ชายชราเล่าเรื่องในอดีตด้วยปากเปล่า
动画,这是一部动画电影。,This is an animated movie.,นี่คือหนังการ์ตูนแอนิเมชัน
坐姿,请保持正确坐姿。,Please maintain correct sitting posture.,ช่วยรักษาท่านั่งให้ถูกต้อง
一见钟情,他们一见钟情。,They fell in love at first sight.,พวกเขาตกหลุมรักกันตั้งแต่แรกเห็น
梨园,他出身梨园世家。,He comes from a family in the world of Chinese opera.,เขามาจากครอบครัวที่สืบทอดวงการงิ้ว
结果,考试结果很理想。,The exam result was very good.,ผลสอบออกมาดีมาก
及,会议讨论工作及计划。,The meeting discussed work and plans.,ที่ประชุมพูดคุยเรื่องงานและแผนการ
既,她既漂亮又聪明。,She is both pretty and smart.,เธอทั้งสวยทั้งฉลาด
哭泣,她伤心地哭泣。,She wept sadly.,เธอร้องไห้อย่างเศร้าใจ
看病,他去医院看病。,He went to the hospital to see a doctor.,เขาไปหาหมอที่โรงพยาบาล
积分,买东西可以攒积分。,You can accumulate points when shopping.,ซื้อของสามารถสะสมแต้มได้
似,他待我似家人。,He treats me like family.,เขาปฏิบัติกับฉันเหมือนคนในครอบครัว
大气,大气污染很严重。,Atmospheric pollution is very serious.,มลพิษในชั้นบรรยากาศรุนแรงมาก
木,这张桌子是木头做的。,This table is made of wood.,โต๊ะตัวนี้ทำจากไม้
类,这是哪一类问题？,What kind of problem is this?,นี่เป็นปัญหาประเภทไหน?
拍摄,他们在公园拍摄电影。,They are filming a movie in the park.,พวกเขากำลังถ่ายหนังกันในสวน
极,这个西瓜甜极了。,This watermelon is extremely sweet.,แตงโมลูกนี้หวานสุดๆ
财务,她负责公司财务。,She is in charge of the company's finances.,เธอดูแลเรื่องการเงินของบริษัท
厨师,我爸爸是一名厨师。,My dad is a chef.,พ่อของฉันเป็นเชฟ
志愿者,他是一名志愿者。,He is a volunteer.,เขาเป็นอาสาสมัคร
理财,她很会理财。,She is good at managing money.,เธอเก่งเรื่องบริหารเงิน
眼泪,她感动得流下眼泪。,She was so moved that she shed tears.,เธอซาบซึ้งจนน้ำตาไหล
农业,这个地区以农业为主。,This region relies mainly on agriculture.,พื้นที่แถบนี้เน้นการเกษตรเป็นหลัก
向日葵,向日葵朝着太阳。,Sunflowers face the sun.,ดอกทานตะวันหันเข้าหาดวงอาทิตย์
葵花,农民种了很多葵花。,The farmers planted many sunflowers.,ชาวนาปลูกดอกทานตะวันไว้เยอะ
廊桥,这座廊桥非常古老。,This covered bridge is very old.,สะพานมีหลังคาแห่งนี้เก่าแก่มาก
母猴,这是一只母猴。,This is a female monkey.,นี่คือลิงตัวเมีย
触手,章鱼有八条触手。,An octopus has eight tentacles.,ปลาหมึกยักษ์มีหนวดแปดเส้น
调节,请调节空调温度。,Please adjust the air conditioner's temperature.,ช่วยปรับอุณหภูมิแอร์หน่อย
力,他用尽了全力。,He used all his strength.,เขาใช้เรี่ยวแรงจนหมด
最早,他最早到达公司。,He arrived at the company earliest.,เขามาถึงบริษัทเร็วที่สุด
氧气,植物能产生氧气。,Plants can produce oxygen.,พืชสามารถผลิตออกซิเจนได้
神,古人相信神的存在。,Ancient people believed in the existence of gods.,คนโบราณเชื่อว่าเทพเจ้ามีอยู่จริง
保,妈妈保孩子平安。,Mom keeps the child safe.,แม่ปกป้องลูกให้ปลอดภัย
合,他慢慢合上了双眼。,He slowly closed his eyes.,เขาค่อยๆ หลับตาลง
匹,一匹马跑得很快。,A horse runs very fast.,ม้าตัวหนึ่งวิ่งเร็วมาก
极昼,极地地区会出现极昼。,Polar regions can experience polar day.,บริเวณขั้วโลกจะเกิดปรากฏการณ์กลางวันตลอดวัน
自我,他很有自我意识。,He has strong self-awareness.,เขามีความตระหนักรู้ในตัวเองสูง
对于,对于这件事我理解。,Regarding this matter I understand.,เรื่องนี้ฉันเข้าใจ
建筑,这座建筑很漂亮。,This building is very beautiful.,อาคารหลังนี้สวยมาก
色彩,这幅画色彩鲜艳。,This painting has vivid colors.,ภาพวาดนี้สีสันสดใส
制,学校实行学分制。,The school implements a credit system.,โรงเรียนใช้ระบบหน่วยกิต
园林,这座园林非常美丽。,This garden is very beautiful.,สวนแห่งนี้สวยงามมาก
婴儿,婴儿正在熟睡。,The baby is sleeping soundly.,ทารกกำลังหลับสนิท
第三个,他是第三个到的。,He was the third one to arrive.,เขาเป็นคนที่สามที่มาถึง
生长素,生长素能促进生长。,Auxin can promote growth.,ออกซินช่วยกระตุ้นการเจริญเติบโต
商家,这家商家服务很好。,This merchant provides good service.,ร้านค้าเจ้านี้บริการดีมาก
移动,汽车正在移动。,The car is moving.,รถกำลังเคลื่อนที่
虾,我喜欢吃虾。,I like eating shrimp.,ฉันชอบกินกุ้ง
自身,要相信自身能力。,One should believe in one's own ability.,ต้องเชื่อมั่นในความสามารถของตัวเอง
人才,公司需要更多人才。,The company needs more talented people.,บริษัทต้องการคนเก่งเพิ่มขึ้น
体内,体内缺水会口渴。,Lack of water in the body causes thirst.,ร่างกายขาดน้ำจะทำให้กระหายน้ำ
即,五月一日即劳动节。,May 1st is Labor Day.,วันที่หนึ่งพฤษภาคมก็คือวันแรงงาน
心灵,她心灵手巧。,She is clever and dexterous.,เธอทั้งหัวดีทั้งมือเก่ง
性,安全性非常重要。,Safety is very important.,ความปลอดภัยสำคัญมาก
生物,病毒也是一种生物。,A virus is also a kind of organism.,ไวรัสก็เป็นสิ่งมีชีวิตชนิดหนึ่งเหมือนกัน
疾病,疾病影响人的健康。,Disease affects people's health.,โรคภัยส่งผลต่อสุขภาพของคน
含,牛奶含有丰富的钙。,Milk contains abundant calcium.,นมมีแคลเซียมอยู่มาก
已有,这个城市已有百年历史。,This city already has a hundred years of history.,เมืองนี้มีประวัติศาสตร์มาร้อยปีแล้ว
幅,墙上挂着一幅画。,A painting hangs on the wall.,บนผนังแขวนภาพวาดอยู่หนึ่งภาพ
分子,知识分子应该多读书。,Intellectuals should read more.,ปัญญาชนควรอ่านหนังสือให้มากขึ้น
女性,越来越多女性开始工作。,More and more women are starting to work.,ผู้หญิงเริ่มทำงานกันมากขึ้นเรื่อยๆ
支撑,这根柱子支撑着屋顶。,This pillar supports the roof.,เสาต้นนี้ค้ำหลังคาไว้
样,这个样子很奇怪。,This appearance is very strange.,ท่าทางแบบนี้แปลกมาก
物,万物都在变化。,All things are changing.,สรรพสิ่งล้วนเปลี่ยนแปลง
连续,他连续三天没睡觉。,He hasn't slept for three days in a row.,เขาไม่ได้นอนติดต่อกันสามวัน
园,我们在公园散步。,We take a walk in the park.,เราเดินเล่นกันในสวนสาธารณะ
报,请把情况报给经理。,Please report the situation to the manager.,ช่วยรายงานสถานการณ์ให้ผู้จัดการด้วย
水库,这座水库能蓄很多水。,This reservoir can store a lot of water.,อ่างเก็บน้ำแห่งนี้เก็บน้ำได้เยอะมาก
激素,压力会影响激素水平。,Stress affects hormone levels.,ความเครียดส่งผลต่อระดับฮอร์โมน
猎物,老虎正在寻找猎物。,The tiger is looking for prey.,เสือกำลังตามหาเหยื่อ
白领,他是一名白领上班族。,He is a white-collar office worker.,เขาเป็นพนักงานออฟฟิศคอปกขาว
转动,风扇正在慢慢转动。,The fan is slowly turning.,พัดลมกำลังหมุนช้าๆ
狼群,狼群在森林里出没。,The wolf pack roams in the forest.,ฝูงหมาป่าเพ่นพ่านอยู่ในป่า
大千,大千世界真奇妙。,The vast world is truly wonderful.,โลกอันกว้างใหญ่นี้ช่างน่าอัศจรรย์จริงๆ
太空,宇航员在太空工作。,Astronauts work in outer space.,นักบินอวกาศทำงานอยู่ในอวกาศ
建,政府计划建一座桥。,The government plans to build a bridge.,รัฐบาลวางแผนจะสร้างสะพานหนึ่งแห่ง
题材,这部电影题材新颖。,This movie's subject matter is original.,หนังเรื่องนี้มีเนื้อหาแปลกใหม่
本身,问题本身并不复杂。,The problem itself is not complicated.,ตัวปัญหาเองไม่ได้ซับซ้อนอะไร
长期,他长期在国外工作。,He has worked abroad long-term.,เขาทำงานอยู่ต่างประเทศมาเป็นเวลานาน
供,农场供应新鲜蔬菜。,The farm supplies fresh vegetables.,ฟาร์มจัดหาผักสดให้
因素,天气是重要因素。,Weather is an important factor.,สภาพอากาศเป็นปัจจัยสำคัญ
水中,鱼儿在水中游动。,The fish swims in the water.,ปลาแหวกว่ายอยู่ในน้ำ
神奇,这个魔术真神奇。,This magic trick is truly magical.,มายากลนี้มหัศจรรย์จริงๆ
自由,每个人都渴望自由。,Everyone longs for freedom.,ทุกคนต่างโหยหาอิสรภาพ
仍,他仍然爱着她。,He still loves her.,เขายังคงรักเธออยู่
发出,警报突然发出声音。,The alarm suddenly emitted a sound.,สัญญาณเตือนภัยส่งเสียงขึ้นมาทันที
采用,工厂采用新技术。,The factory adopted new technology.,โรงงานนำเทคโนโลยีใหม่มาใช้
大都,学生大都按时到校。,Students mostly arrive at school on time.,นักเรียนส่วนใหญ่มาโรงเรียนตรงเวลา
患者,医生正在治疗患者。,The doctor is treating the patient.,หมอกำลังรักษาคนไข้
打破,他打破了世界纪录。,He broke the world record.,เขาทำลายสถิติโลก
曲,这条路弯弯曲曲。,This road is winding and curvy.,ถนนเส้นนี้คดเคี้ยวไปมา
生意,他的生意越做越好。,His business is getting better and better.,ธุรกิจของเขายิ่งทำยิ่งดีขึ้น
男人,那个男人很高。,That man is very tall.,ผู้ชายคนนั้นสูงมาก
节,春节是重要节日。,Spring Festival is an important holiday.,ตรุษจีนเป็นเทศกาลสำคัญ
蝴蝶,蝴蝶在花园飞舞。,The butterfly flutters in the garden.,ผีเสื้อบินอยู่ในสวน
诊断,医生诊断他得了感冒。,The doctor diagnosed him with a cold.,หมอวินิจฉัยว่าเขาเป็นหวัด
井水,村民喝井水长大。,The villagers grew up drinking well water.,ชาวบ้านโตมากับการดื่มน้ำบ่อ
助,朋友帮助我搬家。,My friend helped me move house.,เพื่อนช่วยฉันย้ายบ้าน
向阳,这间房子向阳。,This room faces the sun.,ห้องนี้หันหน้ารับแดด
民间,这是民间流传的故事。,This is a story circulated among the people.,นี่เป็นเรื่องเล่าที่เล่าต่อกันมาในหมู่ชาวบ้าน
等待,他在车站等待朋友。,He is waiting for his friend at the station.,เขากำลังรอเพื่อนอยู่ที่สถานี
精致,这个盒子非常精致。,This box is very delicate.,กล่องใบนี้ประณีตมาก
充足,睡眠充足对身体好。,Sufficient sleep is good for your body.,นอนหลับให้เพียงพอดีต่อร่างกาย
在于,成功在于坚持不懈。,Success lies in persistence.,ความสำเร็จอยู่ที่ความพยายามไม่ลดละ
均匀,他把颜色涂得均匀。,He spread the color evenly.,เขาทาสีได้อย่างสม่ำเสมอ
技巧,她游泳技巧很好。,Her swimming technique is very good.,เทคนิคการว่ายน้ำของเธอดีมาก
气质,她气质非常优雅。,She has a very elegant air about her.,เธอมีบุคลิกสง่างามมาก
起到,运动起到锻炼作用。,Exercise has a training effect.,การออกกำลังกายมีผลช่วยฝึกร่างกาย
降,气温明天下降。,The temperature will drop tomorrow.,พรุ่งนี้อุณหภูมิจะลดลง
习俗,这是当地习俗。,This is a local custom.,นี่เป็นธรรมเนียมของท้องถิ่น
传播,新闻迅速传播开来。,The news spread quickly.,ข่าวแพร่กระจายออกไปอย่างรวดเร็ว
供应,工厂供应新鲜蔬菜。,The factory supplies fresh vegetables.,โรงงานส่งผักสดให้
加快,他加快了脚步。,He quickened his pace.,เขาเร่งฝีเท้าให้เร็วขึ้น
原料,这是做面包的原料。,This is the raw material for making bread.,นี่คือวัตถุดิบสำหรับทำขนมปัง
对象,他是我的研究对象。,He is my subject of research.,เขาเป็นกลุ่มตัวอย่างในงานวิจัยของฉัน
形,月亮渐渐变成圆形。,The moon gradually became round in shape.,พระจันทร์ค่อยๆ กลายเป็นรูปกลม
视觉,这幅画视觉效果好。,This painting has a good visual effect.,ภาพวาดนี้ให้ผลทางการมองเห็นที่ดี
饮食,健康饮食很重要。,A healthy diet is very important.,การกินอาหารเพื่อสุขภาพสำคัญมาก
作,他作了详细计划。,He made a detailed plan.,เขาวางแผนไว้อย่างละเอียด
培训,公司提供员工培训。,The company provides staff training.,บริษัทจัดอบรมให้พนักงาน
提出,他提出一个建议。,He raised a suggestion.,เขาเสนอคำแนะนำหนึ่งข้อ
精确,这个数据非常精确。,This piece of data is very precise.,ข้อมูลชุดนี้แม่นยำมาก
维生素,水果含有丰富维生素。,Fruits contain abundant vitamins.,ผลไม้อุดมไปด้วยวิตามิน
列,士兵们列队前进。,The soldiers lined up and marched forward.,เหล่าทหารเข้าแถวเดินไปข้างหน้า
地下,老鼠住在地下。,Mice live underground.,หนูอาศัยอยู่ใต้ดิน
氧,植物释放氧气。,Plants release oxygen.,พืชปล่อยออกซิเจน
高度,飞机保持一定高度。,The plane maintains a certain altitude.,เครื่องบินรักษาระดับความสูงไว้คงที่
煮,妈妈正在煮面条。,Mom is cooking noodles.,แม่กำลังต้มบะหมี่
祝,祝你生日快乐。,I wish you a happy birthday.,ขอให้สุขสันต์วันเกิดนะ
伤痕,他手臂上有伤痕。,He has a scar on his arm.,เขามีแผลเป็นที่แขน
体检,他明天要体检。,He is having a physical checkup tomorrow.,พรุ่งนี้เขาต้องไปตรวจร่างกาย
树苗,工人种下树苗。,Workers planted saplings.,คนงานปลูกต้นกล้า
老太太,老太太在公园散步。,The elderly lady is walking in the park.,คุณยายกำลังเดินเล่นในสวน
芳香油,这瓶芳香油很香。,This bottle of fragrant oil smells great.,น้ำมันหอมขวดนี้หอมมาก
驴,驴在田里干活。,The donkey is working in the field.,ลากำลังทำงานอยู่ในนา
以来,长期以来他很努力。,For a long time now he has worked hard.,เขาพยายามมาโดยตลอดเป็นเวลานาน
意志,他意志非常坚强。,His willpower is very strong.,เขามีความมุ่งมั่นเข้มแข็งมาก
一部,这是一部好电影。,This is a good movie.,นี่เป็นหนังที่ดีเรื่องหนึ่ง
均,学生们成绩均优秀。,The students' grades are all excellent.,เกรดของนักเรียนดีเยี่ยมทุกคน
座,那座桥很高。,That bridge is very tall.,สะพานนั้นสูงมาก
心中,妈妈永远在我心中。,Mom will always be in my heart.,แม่จะอยู่ในใจฉันตลอดไป
接近,火车接近北京了。,The train is approaching Beijing.,รถไฟใกล้ถึงปักกิ่งแล้ว
注重,老师很注重细节。,The teacher pays great attention to detail.,คุณครูให้ความสำคัญกับรายละเอียดมาก
消除,运动可以消除压力。,Exercise can eliminate stress.,การออกกำลังกายช่วยขจัดความเครียดได้
诞生,一个新想法诞生了。,A new idea was born.,ความคิดใหม่ถือกำเนิดขึ้นมา
通,这条路通北京。,This road leads to Beijing.,ถนนเส้นนี้ไปถึงปักกิ่ง
图,这张图很清楚。,This picture is very clear.,รูปนี้ชัดเจนมาก
天生,她天生很聪明。,She is naturally very smart.,เธอฉลาดมาแต่กำเนิด
工程,这是一个大工程。,This is a big engineering project.,นี่เป็นโครงการวิศวกรรมขนาดใหญ่
愈,他的伤愈了。,His wound has healed.,แผลของเขาหายแล้ว
眼,他的眼很大。,His eyes are big.,ตาของเขาโตมาก
诗歌,这首诗歌很美。,This poem is very beautiful.,บทกวีบทนี้ไพเราะมาก
人际关系,他的人际关系很好。,His interpersonal relationships are very good.,เขามีความสัมพันธ์กับผู้คนดีมาก
关爱,老师很关爱学生。,The teacher cares a lot about the students.,คุณครูเอาใจใส่ดูแลนักเรียนมาก
农夫,农夫在种地。,The farmer is farming.,ชาวนากำลังทำนา
分泌,汗腺会分泌汗液。,Sweat glands secrete sweat.,ต่อมเหงื่อหลั่งเหงื่อออกมา
缺,这里缺一个人。,One person is missing here.,ตรงนี้ขาดคนไปหนึ่งคน
下车,请在这里下车。,Please get off here.,กรุณาลงรถตรงนี้
描绘,他描绘了未来。,He depicted the future.,เขาวาดภาพอนาคตให้เห็น
文物,博物馆里有文物。,There are cultural relics in the museum.,ในพิพิธภัณฑ์มีโบราณวัตถุ
本质,这是问题的本质。,This is the essence of the problem.,นี่คือแก่นแท้ของปัญหา
礼仪,我们要注意礼仪。,We should pay attention to etiquette.,เราควรใส่ใจเรื่องมารยาท
缺陷,这个产品有缺陷。,This product has a defect.,สินค้าชิ้นนี้มีข้อบกพร่อง
弹性,这种材料很有弹性。,This material is very elastic.,วัสดุชนิดนี้มีความยืดหยุ่นมาก
效,这个方法很有效。,This method is very effective.,วิธีนี้ได้ผลดีมาก
营销,公司重视营销策略。,The company values its marketing strategy.,บริษัทให้ความสำคัญกับกลยุทธ์การตลาด
南极,南极非常寒冷。,The South Pole is extremely cold.,ขั้วโลกใต้หนาวเย็นมาก
幼,这个孩子还很年幼。,This child is still very young.,เด็กคนนี้ยังเล็กมาก
洋,太平洋很大。,The Pacific Ocean is very big.,มหาสมุทรแปซิฟิกใหญ่มาก
猴,猴子很聪明。,Monkeys are very smart.,ลิงฉลาดมาก
累积,经验需要累积。,Experience needs to be accumulated.,ประสบการณ์ต้องอาศัยการสั่งสม
老狐狸,他是个老狐狸。,He is a sly old fox.,เขามันจิ้งจอกแก่เจ้าเล่ห์
金星,金星是颗行星。,Venus is a planet.,ดาวศุกร์เป็นดาวเคราะห์
众所周知,众所周知，地球是圆的。,"As everyone knows, the earth is round.",อย่างที่รู้กันดี โลกนั้นกลม
演变,语言在不断演变。,Language is constantly evolving.,ภาษาค่อยๆ วิวัฒน์เปลี่ยนแปลงไปเรื่อยๆ
象,大象的鼻子很长。,An elephant's trunk is very long.,งวงของช้างยาวมาก
事件,这是一起重大事件。,This is a major incident.,นี่เป็นเหตุการณ์สำคัญ
体现,这体现了他的努力。,This reflects his effort.,สิ่งนี้สะท้อนถึงความพยายามของเขา
倾听,他认真倾听意见。,He listened attentively to opinions.,เขาตั้งใจรับฟังความคิดเห็น
土壤,这里的土壤很肥沃。,The soil here is very fertile.,ดินที่นี่อุดมสมบูรณ์มาก
惊讶,他感到非常惊讶。,He felt very astonished.,เขารู้สึกประหลาดใจมาก
未,他还未回家。,He still hasn't returned home.,เขายังไม่กลับบ้าน
类似,这两个情况类似。,These two situations are similar.,สองสถานการณ์นี้คล้ายกัน
修建,政府修建了大桥。,The government built a bridge.,รัฐบาลสร้างสะพานใหญ่
家喻户晓,这个演员家喻户晓。,This actor is well known to everyone.,นักแสดงคนนี้ดังเป็นที่รู้จักกันทั่วบ้านทั่วเมือง
建立,他们建立了公司。,They established a company.,พวกเขาก่อตั้งบริษัท
手法,这种手法很巧妙。,This technique is very clever.,เทคนิควิธีนี้แยบยลมาก
挫折,他遇到挫折从不放弃。,He never gives up when he encounters setbacks.,เขาไม่เคยยอมแพ้เมื่อเจออุปสรรค
据,据报道，明天会下雨。,"According to reports, it will rain tomorrow.",ตามรายงานข่าว พรุ่งนี้ฝนจะตก
表情,她的表情看起来很难过。,Her facial expression looks very sad.,สีหน้าของเธอดูเศร้ามาก
记忆力,老年人的记忆力会下降。,Elderly people's memory ability declines.,ความจำของผู้สูงอายุจะเสื่อมลง
一棵,院子里有一棵大树。,There is a big tree in the yard.,ในสนามมีต้นไม้ใหญ่ต้นหนึ่ง
名称,这个产品的名称很奇怪。,This product's name is quite strange.,ชื่อของสินค้าชิ้นนี้แปลกมาก
奔跑,孩子们在草地上奔跑。,The children are running on the grass.,เด็กๆ วิ่งเล่นบนสนามหญ้า
学者,这位学者研究历史多年。,This scholar has studied history for many years.,นักวิชาการคนนี้ศึกษาประวัติศาสตร์มาหลายปี
实际,这个计划不太实际。,This plan is not very realistic.,แผนนี้ไม่ค่อยเป็นไปได้จริงเท่าไร
收缩,遇冷金属会收缩。,Metal shrinks when it gets cold.,โลหะจะหดตัวเมื่อเจอความเย็น
某种,他好像有某种烦恼。,He seems to have some kind of worry.,เขาดูเหมือนมีเรื่องกังวลบางอย่าง
片,桌上放着一片面包。,There is a slice of bread on the table.,บนโต๊ะมีขนมปังวางอยู่แผ่นหนึ่ง
病情,医生正在了解病情。,The doctor is finding out about the patient's condition.,หมอกำลังสอบถามอาการของคนไข้
程度,他的中文达到了高级程度。,His Chinese has reached an advanced level.,ภาษาจีนของเขาถึงระดับสูงแล้ว
经济学家,这位经济学家的分析很准确。,This economist's analysis is very accurate.,บทวิเคราะห์ของนักเศรษฐศาสตร์คนนี้แม่นยำมาก
舞蹈,她从小学习舞蹈。,She has studied dance since childhood.,เธอเรียนเต้นรำมาตั้งแต่เด็ก
认知,这本书讲儿童认知发展。,This book discusses children's cognitive development.,หนังสือเล่มนี้พูดถึงพัฒนาการด้านการรับรู้ของเด็ก
预防,戴口罩可以预防感冒。,Wearing a mask can prevent colds.,การใส่หน้ากากช่วยป้องกันหวัดได้
创业,他毕业后选择创业。,After graduating he chose to start a business.,หลังเรียนจบเขาเลือกที่จะเริ่มทำธุรกิจ
原理,这是物理学的基本原理。,This is a basic principle of physics.,นี่คือหลักการพื้นฐานของฟิสิกส์
含量,这种水果糖分含量很高。,This fruit has a high sugar content.,ผลไม้ชนิดนี้มีปริมาณน้ำตาลสูง
未知,宇宙中还有很多未知领域。,There are many unknown areas in the universe.,ในจักรวาลยังมีดินแดนที่ไม่รู้จักอีกมากมาย
来源,这些资金的来源不明。,The source of this money is unclear.,ที่มาของเงินก้อนนี้ไม่ชัดเจน
水分,这种水果水分很多。,This fruit has a lot of moisture.,ผลไม้ชนิดนี้มีน้ำเยอะมาก
系统,这个系统运行很稳定。,This system runs very stably.,ระบบนี้ทำงานได้อย่างเสถียร
网络文学,他喜欢看网络文学作品。,He likes reading online literature works.,เขาชอบอ่านงานวรรณกรรมออนไลน์
考察,专家去农村考察情况。,Experts went to the countryside to investigate the situation.,ผู้เชี่ยวชาญลงพื้นที่ชนบทไปสำรวจสถานการณ์
聚,我们周末聚在一起。,We get together on weekends.,เรามารวมตัวกันในวันหยุดสุดสัปดาห์
饮茶,周末他们一起去饮茶。,On the weekend they go to drink tea together.,วันหยุดพวกเขาไปดื่มชาด้วยกัน
香气,花园里飘着阵阵香气。,Fragrance wafts through the garden.,ในสวนมีกลิ่นหอมลอยมาเป็นระยะ
低于,今天气温低于零度。,Today's temperature is below zero.,วันนี้อุณหภูมิต่ำกว่าศูนย์องศา
作物,农民种植各种作物。,Farmers grow all kinds of crops.,ชาวนาปลูกพืชผลหลากหลายชนิด
开放,春天花朵开始开放。,In spring flowers begin to bloom.,ในฤดูใบไม้ผลิดอกไม้เริ่มบาน
形似,这两座山形似骆驼。,These two mountains resemble camels in shape.,ภูเขาสองลูกนี้มีรูปร่างคล้ายอูฐ
影像,医生查看肺部影像。,The doctor examines the lung images.,หมอตรวจดูภาพถ่ายปอด
折扣,这件衣服有折扣。,This piece of clothing has a discount.,เสื้อผ้าตัวนี้มีส่วนลด
施,他向灾民施以援助。,He gave aid to the disaster victims.,เขาให้ความช่วยเหลือแก่ผู้ประสบภัย
第二个,我是第二个到的。,I was the second one to arrive.,ฉันเป็นคนที่สองที่มาถึง
缸,院子里有一口水缸。,There is a water vat in the yard.,ในสนามมีตุ่มน้ำใบหนึ่ง
航空公司,这家航空公司很有名。,This airline is very famous.,สายการบินนี้มีชื่อเสียงมาก
误区,很多人对减肥有误区。,Many people have misconceptions about losing weight.,หลายคนมีความเข้าใจผิดเกี่ยวกับการลดน้ำหนัก
造纸,古人发明了造纸术。,The ancients invented papermaking.,คนโบราณคิดค้นวิธีการทำกระดาษ
重力,地球有很强的重力。,The earth has strong gravity.,โลกมีแรงโน้มถ่วงมาก
锅,妈妈用锅炒菜。,Mom stir-fries vegetables using a pot.,แม่ใช้กระทะผัดผัก
音,老师纠正我的发音。,The teacher corrects my pronunciation.,คุณครูแก้การออกเสียงของฉัน
餐,他们在餐厅吃早餐。,They eat breakfast at the restaurant.,พวกเขากินข้าวเช้าที่ร้านอาหาร
东道主,这次比赛的东道主很热情。,The host of this competition is very hospitable.,เจ้าภาพของการแข่งขันครั้งนี้ต้อนรับอย่างอบอุ่น
全价,他买的是全价机票。,He bought a full-price plane ticket.,เขาซื้อตั๋วเครื่องบินราคาเต็ม
卫星,卫星绕地球飞行。,The satellite orbits the earth.,ดาวเทียมโคจรรอบโลก
可燃物,仓库里堆满可燃物。,The warehouse is full of flammable materials.,ในโกดังเต็มไปด้วยวัตถุไวไฟ
听众,听众认真听广播。,The listeners attentively listen to the radio broadcast.,ผู้ฟังตั้งใจฟังวิทยุ
啄木鸟,啄木鸟在树上啄虫。,The woodpecker pecks bugs on the tree.,นกหัวขวานจิกหนอนบนต้นไม้
套餐,我点了一份套餐。,I ordered a set meal.,ฉันสั่งอาหารมาหนึ่งชุด
木盆,她用木盆洗衣服。,She washes clothes in a wooden basin.,เธอซักผ้าในกะละมังไม้
橡皮,他用橡皮擦掉字。,He erased the words with an eraser.,เขาใช้ยางลบลบตัวหนังสือออก
画虎,他正在纸上画虎。,He is drawing a tiger on paper.,เขากำลังวาดรูปเสือบนกระดาษ
着火点,汽油的着火点很低。,Gasoline has a low ignition point.,น้ำมันเบนซินมีจุดติดไฟต่ำ
绒毛,小鸭子身上有绒毛。,The little duckling has down on its body.,ลูกเป็ดตัวน้อยมีขนอ่อนอยู่ตามตัว
联名卡,我办了一张联名卡。,I got a co-branded card.,ฉันทำบัตรร่วมแบรนด์ไว้ใบหนึ่ง
胡萝卜,妈妈买了很多胡萝卜。,Mom bought a lot of carrots.,แม่ซื้อแครอทมาเยอะมาก
为主,这道菜以蔬菜为主。,This dish is mainly made of vegetables.,อาหารจานนี้เน้นผักเป็นหลัก
且,这个方法简单且有效。,This method is simple and effective.,วิธีนี้ง่ายและได้ผล
灵敏,这个机器人反应灵敏。,"This robot has quick, sharp reactions.",หุ่นยนต์ตัวนี้ตอบสนองได้ไวและว่องไว
体力,长跑需要很好的体力。,Long-distance running requires great physical strength.,การวิ่งระยะไกลต้องใช้กำลังกายที่ดี
何,他为何不来开会？,Why didn't he come to the meeting?,ทำไมเขาถึงไม่มาประชุม?
内涵,这首诗内涵丰富。,This poem is rich in meaning.,บทกวีบทนี้มีความหมายลึกซึ้ง
农历,春节是农历新年。,Spring Festival is the lunar new year.,ตรุษจีนคือปีใหม่ตามปฏิทินจันทรคติ
分析,老师帮我们分析问题。,The teacher helps us analyze the problem.,คุณครูช่วยเราวิเคราะห์ปัญหา
单一,他的收入来源单一。,His income comes from a single source.,รายได้ของเขามาจากแหล่งเดียว
品,这家店专卖精品服装。,This store specializes in selling high-quality clothing.,ร้านนี้ขายเสื้อผ้าคุณภาพดีโดยเฉพาะ
增强,运动能增强体质。,Exercise can strengthen physical fitness.,การออกกำลังกายช่วยเสริมสร้างสุขภาพร่างกาย
居然,他居然忘记我的名字。,He unexpectedly forgot my name.,เขาลืมชื่อฉันซะได้เลย
开阔,这里视野非常开阔。,The view here is very open and wide.,วิวที่นี่เปิดโล่งกว้างมาก
推出,公司推出新产品。,The company launched a new product.,บริษัทเปิดตัวสินค้าใหม่
故乡,他很想念故乡。,He misses his hometown very much.,เขาคิดถึงบ้านเกิดมาก
治疗,医生正在治疗病人。,The doctor is treating the patient.,หมอกำลังรักษาคนไข้
热爱,他热爱自己的工作。,He loves his job passionately.,เขารักงานของตัวเองมาก
精美,这个礼盒非常精美。,This gift box is exquisite.,กล่องของขวัญใบนี้สวยประณีตมาก
素,她今天穿了一身素色的裙子。,Today she is wearing a plain-colored dress.,วันนี้เธอใส่ชุดกระโปรงสีเรียบ
象征,白鸽象征和平。,The white dove symbolizes peace.,นกพิราบขาวเป็นสัญลักษณ์ของสันติภาพ
不可避免,失败有时不可避免。,Sometimes failure is unavoidable.,บางครั้งความล้มเหลวก็เลี่ยงไม่ได้
人间,人间处处有温情。,There is warmth everywhere in the human world.,ในโลกมนุษย์มีความอบอุ่นอยู่ทุกหนแห่ง
以下,以下内容请仔细阅读。,Please read the following content carefully.,กรุณาอ่านเนื้อหาต่อไปนี้อย่างละเอียด
优美,她的舞姿非常优美。,Her dance moves are very graceful.,ท่วงท่าการเต้นของเธองดงามมาก
公元,这是公元一世纪。,This is the first century CE.,นี่คือคริสต์ศตวรรษที่หนึ่ง
变换,灯光不断变换颜色。,The lights keep changing colors.,แสงไฟเปลี่ยนสีไปเรื่อยๆ
口,他家有五口人。,There are five people in his family.,บ้านเขามีสมาชิกห้าคน
合理,这个价格很合理。,This price is very reasonable.,ราคานี้สมเหตุสมผลมาก
外界,他很少关注外界。,He rarely pays attention to the outside world.,เขาแทบไม่สนใจโลกภายนอกเลย
天空,天空中飘着白云。,White clouds float in the sky.,บนท้องฟ้ามีเมฆขาวลอยอยู่
实在,这道题实在太难了。,This problem is really too difficult.,ข้อนี้ยากเกินไปจริงๆ
寒,天气渐渐转寒了。,The weather is gradually turning cold.,อากาศค่อยๆ หนาวขึ้น
尝试,我们应该勇于尝试。,We should be brave enough to try.,เราควรกล้าที่จะลองทำดู
常用,这是一个常用词。,This is a commonly used word.,นี่เป็นคำที่ใช้กันบ่อย
必,你必须努力学习。,You must study hard.,เธอต้องตั้งใจเรียนให้หนัก
患,他患了重感冒。,He came down with a bad cold.,เขาเป็นหวัดหนัก
打哈欠,他上课时打哈欠。,He yawned during class.,เขาหาวตอนเรียน
无关,这件事与我无关。,This matter has nothing to do with me.,เรื่องนี้ไม่เกี่ยวกับฉัน
时代,我们生活在信息时代。,We live in the information age.,เราอยู่ในยุคข้อมูลข่าวสาร
显然,显然他说错了。,"Clearly, he made a mistake.",เห็นได้ชัดว่าเขาพูดผิด
有益,运动对健康有益。,Exercise is beneficial to health.,การออกกำลังกายมีประโยชน์ต่อสุขภาพ
有限,我们的时间有限。,Our time is limited.,เวลาของเรามีจำกัด
构成,这些问题构成威胁。,These problems constitute a threat.,ปัญหาเหล่านี้ก่อให้เกิดภัยคุกคาม
梅花,梅花在冬天开放。,Plum blossoms bloom in winter.,ดอกเหมยบานในฤดูหนาว
源,这是问题的根源。,This is the root of the problem.,นี่คือต้นตอของปัญหา
现代,这是一座现代建筑。,This is a modern building.,นี่เป็นอาคารสมัยใหม่
精通,她精通三门外语。,She is proficient in three foreign languages.,เธอเชี่ยวชาญภาษาต่างประเทศสามภาษา
绝望,他对未来感到绝望。,He feels despair about the future.,เขารู้สึกสิ้นหวังกับอนาคต
自动,这扇门会自动打开。,This door opens automatically.,ประตูบานนี้เปิดเองอัตโนมัติ
规范,大家应该遵守规范。,Everyone should follow the standards.,ทุกคนควรทำตามมาตรฐาน
较为,这个问题较为复杂。,This problem is comparatively complex.,ปัญหานี้ค่อนข้างซับซ้อน
运用,他善于运用知识。,He is good at applying knowledge.,เขาเก่งในการนำความรู้ไปใช้
两件,我买了两件衣服。,I bought two pieces of clothing.,ฉันซื้อเสื้อผ้าสองตัว
医术,这位医生医术高明。,This doctor's medical skill is superb.,ฝีมือการรักษาของหมอคนนี้ยอดเยี่ยม
千里马,这匹千里马跑得快。,This fine steed runs very fast.,ม้าพันธุ์ดีตัวนี้วิ่งเร็วมาก
史,他爱读史书。,He loves reading history books.,เขาชอบอ่านหนังสือประวัติศาสตร์
吸引力,这个城市很有吸引力。,This city is very attractive.,เมืองนี้มีเสน่ห์ดึงดูดมาก
型,这是新型手机。,This is a new model of phone.,นี่คือโทรศัพท์รุ่นใหม่
夜间,夜间行车要小心。,Be careful driving at night.,ขับรถตอนกลางคืนต้องระวัง
女子,这位女子很漂亮。,This woman is very beautiful.,ผู้หญิงคนนี้สวยมาก
存活,这种植物很难存活。,This kind of plant is hard to keep alive.,พืชชนิดนี้อยู่รอดได้ยาก
度过,我们度过了愉快的假期。,We spent a pleasant vacation.,เราใช้วันหยุดกันอย่างมีความสุข
心理学,她在大学学心理学。,She studies psychology at university.,เธอเรียนจิตวิทยาที่มหาวิทยาลัย
成分,这种药有多种成分。,This medicine has many components.,ยาชนิดนี้มีส่วนประกอบหลายอย่าง
最佳,他获得了最佳演员奖。,He won the Best Actor award.,เขาได้รับรางวัลนักแสดงยอดเยี่ยม
正是,这正是我想要的。,This is exactly what I wanted.,นี่แหละคือสิ่งที่ฉันต้องการ
治病,医生的职责是治病。,A doctor's duty is to treat illness.,หน้าที่ของหมอคือรักษาโรค
激发,老师激发了学生兴趣。,The teacher aroused the students' interest.,ครูกระตุ้นความสนใจของนักเรียน
独,他喜欢独自旅行。,He likes traveling alone.,เขาชอบเที่ยวคนเดียว
生理,这是正常的生理现象。,This is a normal physiological phenomenon.,นี่เป็นปรากฏการณ์ทางสรีระที่ปกติ
用力,他用力推开了门。,He pushed the door open with force.,เขาออกแรงผลักประตูจนเปิดออก
疼痛,他的膝盖感到疼痛。,His knee feels painful.,เขารู้สึกปวดที่หัวเข่า
立,他从小立志学医。,Since childhood he resolved to study medicine.,เขาตั้งปณิธานจะเรียนแพทย์มาตั้งแต่เด็ก
策略,他们制定了新策略。,They formulated a new strategy.,พวกเขาวางกลยุทธ์ใหม่
脸上,她脸上带着微笑。,She has a smile on her face.,เธอมีรอยยิ้มบนใบหน้า
观点,我同意你的观点。,I agree with your point of view.,ฉันเห็นด้วยกับมุมมองของคุณ
说法,高僧在庙里为信众说法。,The eminent monk preaches Buddhist teachings to the believers in the temple.,พระผู้ใหญ่แสดงธรรมให้ญาติโยมฟังในวัด
道德,我们应该遵守道德。,We should abide by morality.,เราควรยึดมั่นในศีลธรรม
冬,北方的冬天很冷。,Winters in the north are very cold.,ฤดูหนาวทางภาคเหนือหนาวมาก
分餐制,这家餐厅实行分餐制。,This restaurant practices individual-portion dining.,ร้านอาหารนี้ใช้ระบบแบ่งอาหารแยกจานแต่ละคน
厘,这张纸厚一厘米。,This paper is one centimeter thick.,กระดาษแผ่นนี้หนาหนึ่งเซนติเมตร
四川人,他是四川人，很能吃辣。,He is Sichuanese and can handle very spicy food.,เขาเป็นคนเสฉวน กินเผ็ดได้เก่งมาก
地上,书掉在地上了。,The book fell onto the floor.,หนังสือหล่นลงบนพื้น
墨,他用墨写字。,He writes characters with ink.,เขาเขียนตัวหนังสือด้วยหมึก
扩散,消息很快扩散开了。,The news spread quickly.,ข่าวแพร่กระจายไปอย่างรวดเร็ว
晶体,这是一块晶体。,This is a piece of crystal.,นี่คือผลึกชิ้นหนึ่ง
机构,这是一个慈善机构。,This is a charitable organization.,นี่คือองค์กรการกุศล
浇,她每天浇花。,She waters the flowers every day.,เธอรดน้ำต้นไม้ทุกวัน
消费者,消费者喜欢便宜的商品。,Consumers like cheap goods.,ผู้บริโภคชอบสินค้าราคาถูก
温,这杯水很温。,This cup of water is warm.,น้ำแก้วนี้อุ่น
漫画,他喜欢看漫画书。,He likes reading comic books.,เขาชอบอ่านหนังสือการ์ตูน
灭火,消防员正在灭火。,Firefighters are putting out the fire.,นักดับเพลิงกำลังดับไฟ
燃烧,木头正在燃烧。,The wood is burning.,ท่อนไม้กำลังลุกไหม้
胡床,古人坐胡床休息。,Ancient people sat on folding stools to rest.,คนสมัยก่อนนั่งพักบนเก้าอี้พับ
花卉,公园里种满花卉。,The park is full of flowers and plants.,ในสวนสาธารณะเต็มไปด้วยไม้ดอกไม้ประดับ
茶楼,我们在茶楼喝茶。,We drink tea at the teahouse.,เราดื่มชากันที่โรงน้ำชา
蚂蚁,蚂蚁在搬运食物。,The ants are carrying food.,มดกำลังขนอาหาร
血液,血液在血管里流动。,Blood flows through the blood vessels.,เลือดไหลเวียนอยู่ในเส้นเลือด
足迹,雪地上留下足迹。,Footprints were left on the snow.,มีรอยเท้าทิ้งไว้บนพื้นหิมะ
丁,成绩分为甲乙丙丁四等。,"Grades are divided into four levels: A, B, C, D.",เกรดแบ่งเป็นสี่ระดับ คือ เอ บี ซี ดี
人世间,他厌倦了人世间的纷扰。,He is tired of the troubles of the human world.,เขาเบื่อหน่ายกับความวุ่นวายในโลกมนุษย์
县官,县官为百姓办事。,The county magistrate handles affairs for the people.,นายอำเภอจัดการเรื่องต่างๆ ให้ประชาชน
墨汁,他打翻了墨汁。,He spilled the ink.,เขาทำหมึกหก
换算,请把英里换算成公里。,Please convert miles into kilometers.,ช่วยแปลงหน่วยจากไมล์เป็นกิโลเมตรหน่อย
景,这里的景很美。,The scenery here is very beautiful.,ทิวทัศน์ที่นี่สวยงามมาก
每秒,光速是每秒三十万公里。,The speed of light is three hundred thousand kilometers per second.,ความเร็วแสงคือสามแสนกิโลเมตรต่อวินาที
烛,风吹灭了烛火。,The wind blew out the candle flame.,ลมพัดเปลวเทียนดับ
纤,她的手指纤细。,Her fingers are slender.,นิ้วมือของเธอเรียวเล็ก
花香,微风送来阵阵花香。,The breeze carries wafts of flower fragrance.,สายลมพัดพากลิ่นหอมของดอกไม้มาเป็นระยะๆ
萝卜,妈妈买了很多萝卜。,Mom bought a lot of radishes.,แม่ซื้อหัวไชเท้ามาเยอะมาก
蚀,海水侵蚀着海岸。,Seawater erodes the coast.,น้ำทะเลกัดเซาะชายฝั่ง
运河,船在运河上行驶。,The boat sails on the canal.,เรือแล่นอยู่บนคลอง
项目经理,他是项目经理。,He is the project manager.,เขาเป็นผู้จัดการโครงการ
鳔,鱼鳔可以调节浮力。,The fish swim bladder can adjust buoyancy.,ถุงลมของปลาช่วยปรับการลอยตัวได้
个人,这是我个人的看法。,This is my personal opinion.,นี่เป็นความเห็นส่วนตัวของฉัน
保健,老人很注重保健。,Elderly people place great importance on health care.,ผู้สูงอายุให้ความสำคัญกับการดูแลสุขภาพมาก
可谓,这可谓是个奇迹。,This could be called a miracle.,เรียกได้ว่านี่เป็นปาฏิหาริย์เลยทีเดียว
含义,这个词含义很深。,This word has a deep meaning.,คำนี้มีความหมายลึกซึ้ง
多数,多数人同意这个计划。,The majority of people agree with this plan.,คนส่วนใหญ่เห็นด้วยกับแผนนี้
多次,他多次提醒我。,He reminded me many times.,เขาเตือนฉันหลายครั้ง
头,他的头很疼。,His head hurts a lot.,เขาปวดหัวมาก
奇妙,这是一次奇妙的旅行。,This was a wonderful trip.,นี่เป็นการเดินทางที่น่าอัศจรรย์
好奇心,孩子对世界充满好奇心。,Children are full of curiosity about the world.,เด็กๆ เต็มไปด้วยความอยากรู้อยากเห็นเกี่ยวกับโลก
完善,我们需要完善这个计划。,We need to improve this plan.,เราต้องปรับปรุงแผนนี้ให้สมบูรณ์ขึ้น
影,我们拍了一张合影。,We took a group photo together.,เราถ่ายรูปหมู่ด้วยกัน
情节,这部电影情节很精彩。,This movie's plot is wonderful.,เนื้อเรื่องของหนังเรื่องนี้สนุกมาก
效率,他工作效率很高。,His work efficiency is very high.,เขาทำงานมีประสิทธิภาพสูงมาก
源泉,知识是力量的源泉。,Knowledge is the wellspring of strength.,ความรู้คือบ่อเกิดของพลัง
现实,我们要面对现实。,We must face reality.,เราต้องเผชิญกับความเป็นจริง
突破,他终于突破了纪录。,He finally broke through the record.,ในที่สุดเขาก็ทำลายสถิติได้สำเร็จ
紫外线,紫外线对皮肤有害。,Ultraviolet rays are harmful to the skin.,รังสีอัลตราไวโอเลตเป็นอันตรายต่อผิวหนัง
细致,她的工作非常细致。,Her work is extremely meticulous.,งานของเธอละเอียดรอบคอบมาก
肯,他肯帮助我们。,He is willing to help us.,เขายินดีช่วยเหลือเรา
阶段,这是项目的关键阶段。,This is the critical stage of the project.,นี่คือช่วงสำคัญของโครงการ
领域,他在医学领域很有名。,He is well-known in the medical field.,เขามีชื่อเสียงในวงการแพทย์
不宜,空腹不宜喝咖啡。,It is not advisable to drink coffee on an empty stomach.,ไม่ควรดื่มกาแฟตอนท้องว่าง
不论,不论多难都要坚持。,"No matter how hard it is, we must persevere.",ไม่ว่าจะยากแค่ไหนก็ต้องอดทนไว้
专,这是专门为你设计的。,This was specially designed for you.,อันนี้ออกแบบมาเพื่อคุณโดยเฉพาะ
两片,我吃了两片面包。,I ate two slices of bread.,ฉันกินขนมปังสองแผ่น
之外,除了他之外都来了。,Everyone came except for him.,ทุกคนมากันหมดยกเว้นเขา
充分利用,我们要充分利用时间。,We should make full use of time.,เราควรใช้เวลาให้เกิดประโยชน์สูงสุด
冲动,别冲动，冷静一点。,"Don't be impulsive, calm down a bit.",อย่าหุนหันพลันแล่น ใจเย็นๆ หน่อย
出于,他这样做出于好意。,He did this out of good intentions.,เขาทำแบบนี้ด้วยความหวังดี
创造力,孩子们充满创造力。,Children are full of creativity.,เด็กๆ เต็มไปด้วยความคิดสร้างสรรค์
加上,三加上二等于五。,Three plus two equals five.,สามบวกสองเท่ากับห้า
品种,这里有很多苹果品种。,There are many apple varieties here.,ที่นี่มีแอปเปิลหลายสายพันธุ์
困境,他陷入了困境。,He fell into a predicament.,เขาตกอยู่ในสถานการณ์ลำบาก
增,公司利润逐年增长。,The company's profit increases year by year.,กำไรของบริษัทเพิ่มขึ้นทุกปี
壮,这头牛长得很壮。,This cow has grown very sturdy.,วัวตัวนี้โตขึ้นแข็งแรงมาก
大多数,大多数学生都同意。,The great majority of students agree.,นักเรียนส่วนใหญ่เห็นด้วย
天然,这是天然矿泉水。,This is natural mineral water.,นี่คือน้ำแร่ธรรมชาติ
奥秘,科学家探索宇宙奥秘。,Scientists explore the mysteries of the universe.,นักวิทยาศาสตร์สำรวจความลี้ลับของจักรวาล
实践,理论要结合实践。,Theory must be combined with practice.,ทฤษฎีต้องผสมผสานกับการปฏิบัติ
富有,他家非常富有。,His family is very wealthy.,ครอบครัวของเขาร่ำรวยมาก
工作者,他是一名医务工作者。,He is a medical worker.,เขาเป็นบุคลากรทางการแพทย์
庄稼,农民正在收庄稼。,The farmers are harvesting crops.,ชาวนากำลังเก็บเกี่ยวพืชผล
建设,政府大力建设道路。,The government vigorously builds roads.,รัฐบาลเร่งสร้างถนนอย่างเต็มที่
异,两者之间存在差异。,There is a difference between the two.,มีความแตกต่างระหว่างสองสิ่งนี้
形容,我无法形容这种感觉。,I cannot describe this feeling.,ฉันบรรยายความรู้สึกนี้ไม่ถูกเลย
思想,他的思想很开放。,His thinking is very open-minded.,ความคิดของเขาเปิดกว้างมาก
总面积,这块地总面积很大。,The total area of this land is large.,พื้นที่รวมของที่ดินผืนนี้กว้างมาก
愉悦,音乐让人感到愉悦。,Music makes people feel joyful.,เสียงดนตรีทำให้คนรู้สึกเบิกบานใจ
手段,谈判是解决问题的手段。,Negotiation is a means of solving problems.,การเจรจาเป็นวิธีหนึ่งในการแก้ปัญหา
扩展,公司计划扩展业务。,The company plans to expand its business.,บริษัทวางแผนขยายธุรกิจ
损害,吸烟损害身体健康。,Smoking harms physical health.,การสูบบุหรี่ทำร้ายสุขภาพร่างกาย
措施,政府采取了新措施。,The government adopted new measures.,รัฐบาลนำมาตรการใหม่มาใช้
收益,这笔投资收益不错。,This investment's returns are good.,การลงทุนครั้งนี้ให้ผลตอบแทนที่ดี
智力,阅读有助于智力发展。,Reading helps develop intelligence.,การอ่านช่วยพัฒนาสติปัญญา
最初,最初我并不同意。,At first I did not agree.,ตอนแรกฉันไม่เห็นด้วย
期间,假期期间他去了很多地方。,During the vacation period he went to many places.,ในช่วงวันหยุดเขาไปเที่ยวมาหลายที่
机制,这个机制保证公平竞争。,This mechanism ensures fair competition.,กลไกนี้รับประกันการแข่งขันที่เป็นธรรม
机械,工厂里有很多机械设备。,The factory has lots of machinery equipment.,ในโรงงานมีเครื่องจักรเยอะมาก
某,某人给我打了电话。,A certain person called me.,มีคนคนหนึ่งโทรมาหาฉัน
沉,船慢慢沉入水中。,The boat slowly sank into the water.,เรือค่อยๆ จมลงไปในน้ำ
深深,他深深地爱着这个国家。,He deeply loves this country.,เขารักประเทศนี้อย่างสุดซึ้ง
温室,农民在温室里种蔬菜。,Farmers grow vegetables in the greenhouse.,ชาวสวนปลูกผักในโรงเรือน
由此,由此可见他很努力。,From this we can see he works very hard.,จากตรงนี้เห็นได้ว่าเขาขยันมาก
盯,他盯着电脑屏幕看。,He stared at the computer screen.,เขาจ้องหน้าจอคอมพิวเตอร์
社交,她不喜欢社交活动。,She doesn't like social activities.,เธอไม่ชอบกิจกรรมทางสังคม
神经系统,运动有益于神经系统。,Exercise is good for the nervous system.,การออกกำลังกายดีต่อระบบประสาท
种类,水果的种类很多。,There are many kinds of fruit.,ผลไม้มีหลายชนิด
竟,他竟忘了带钱包。,He unexpectedly forgot to bring his wallet.,เขาถึงกับลืมเอากระเป๋าเงินมา
繁多,商品种类繁多。,The goods come in many varieties.,สินค้ามีให้เลือกหลากหลายมากมาย
覆盖率,这个地区网络覆盖率很高。,The network coverage in this area is very high.,พื้นที่นี้มีอัตราการครอบคลุมของเครือข่ายสูงมาก
认可,老板认可了他的方案。,The boss approved his plan.,เจ้านายเห็นชอบกับแผนของเขา
证实,警方证实了这个消息。,The police confirmed this news.,ตำรวจยืนยันข่าวนี้
财富,健康比财富更重要。,Health is more important than wealth.,สุขภาพสำคัญกว่าความมั่งคั่ง
辉煌,他取得了辉煌的成就。,He achieved glorious success.,เขาประสบความสำเร็จอันรุ่งโรจน์
运,卡车把货物运到城里。,The truck transported the goods into the city.,รถบรรทุกขนส่งสินค้าเข้าไปในเมือง
这项,这项政策很受欢迎。,This policy is very popular.,นโยบายนี้ได้รับความนิยมมาก
透明,这个杯子是透明的。,This cup is transparent.,แก้วใบนี้ใส
随意,你可以随意选择座位。,You can choose a seat as you wish.,คุณเลือกที่นั่งได้ตามใจชอบ
障碍,语言是交流的障碍。,Language is a barrier to communication.,ภาษาเป็นอุปสรรคในการสื่อสาร
靠近,请不要靠近火源。,Please do not approach the fire source.,กรุณาอย่าเข้าใกล้แหล่งไฟ
三天,我打算请假三天。,I plan to take three days off.,ฉันตั้งใจจะลาหยุดสามวัน
二氧化碳,植物吸收二氧化碳。,Plants absorb carbon dioxide.,พืชดูดซับก๊าซคาร์บอนไดออกไซด์
交际,他交际能力很强。,He has strong social skills.,เขามีทักษะการเข้าสังคมที่ดี
亲自,校长亲自参加了会议。,The principal personally attended the meeting.,ผู้อำนวยการมาร่วมประชุมด้วยตัวเอง
停留,我们在北京停留两天。,We stayed in Beijing for two days.,เราแวะพักที่ปักกิ่งสองวัน
剪纸,奶奶擅长剪纸艺术。,Grandma is skilled at the art of papercutting.,คุณยายเก่งเรื่องศิลปะการตัดกระดาษ
功效,这种药功效显著。,This medicine has notable efficacy.,ยาชนิดนี้มีสรรพคุณที่เห็นผลชัดเจน
动画片,孩子们喜欢看动画片。,Children like watching animated films.,เด็กๆ ชอบดูการ์ตูนแอนิเมชัน
危机,公司遇到了财务危机。,The company ran into a financial crisis.,บริษัทประสบวิกฤตทางการเงิน
反而,他不但没生气反而笑了。,Not only did he not get angry he laughed instead.,เขาไม่โกรธเลย กลับหัวเราะเสียอีก
后人,这段历史值得后人铭记。,This history is worth remembering for later generations.,เรื่องราวประวัติศาสตร์นี้ควรค่าแก่การจดจำของคนรุ่นหลัง
吨,这艘船能装一万吨货物。,This ship can carry ten thousand tons of cargo.,เรือลำนี้บรรทุกสินค้าได้หนึ่งหมื่นตัน
图案,这件衣服图案很漂亮。,This piece of clothing has a beautiful pattern.,เสื้อผ้าชุดนี้มีลวดลายสวยงาม
外出,爸爸外出办事去了。,Dad went out to run errands.,พ่อออกไปข้างนอกไปทำธุระ
展,他把地图展开来看。,He unfolded the map to look at it.,เขากางแผนที่ออกดู
强烈,大家强烈反对这个计划。,Everyone strongly opposed this plan.,ทุกคนคัดค้านแผนนี้อย่างรุนแรง
恐惧,黑暗让孩子感到恐惧。,Darkness makes children feel afraid.,ความมืดทำให้เด็กรู้สึกหวาดกลัว
情形,这种情形从未发生过。,This kind of situation has never happened before.,สถานการณ์แบบนี้ไม่เคยเกิดขึ้นมาก่อน
感知,婴儿能感知父母的情绪。,Babies can sense their parents' emotions.,ทารกสามารถรับรู้อารมณ์ของพ่อแม่ได้
成立,这家公司成立于去年。,This company was established last year.,บริษัทนี้ก่อตั้งขึ้นเมื่อปีที่แล้ว
打发,老板打发他出去办事。,The boss sent him off to run an errand.,เจ้านายใช้เขาออกไปทำธุระ
抑制,他努力抑制自己的愤怒。,He tried hard to suppress his anger.,เขาพยายามข่มความโกรธของตัวเองไว้
文明,人类文明不断发展。,Human civilization keeps developing.,อารยธรรมของมนุษย์พัฒนาไม่หยุดยั้ง
朝着,他朝着终点跑去。,He ran towards the finish line.,เขาวิ่งไปทางเส้นชัย
期,这个项目分三期进行。,This project is carried out in three phases.,โครงการนี้ดำเนินการเป็นสามระยะ
水源,这条河是重要水源。,This river is an important water source.,แม่น้ำสายนี้เป็นแหล่งน้ำสำคัญ
湿地,湿地是许多鸟类的家园。,Wetlands are home to many kinds of birds.,พื้นที่ชุ่มน้ำเป็นบ้านของนกหลายชนิด
灿烂,今天阳光很灿烂。,Today the sunshine is brilliant.,วันนี้แดดสดใสมาก
生存,动物需要水才能生存。,Animals need water in order to survive.,สัตว์ต้องการน้ำเพื่อความอยู่รอด
相关,这个问题与天气相关。,This issue is related to the weather.,เรื่องนี้เกี่ยวข้องกับสภาพอากาศ
硬,这块面包很硬。,This piece of bread is very hard.,ขนมปังก้อนนี้แข็งมาก
脑,多用脑对身体好。,Using your brain more is good for your health.,การใช้สมองบ่อยๆ ดีต่อสุขภาพ
自觉,他学习一直很自觉。,He has always studied on his own initiative.,เขาตั้งใจเรียนด้วยตัวเองมาโดยตลอด
负担,学费成了家庭负担。,Tuition became a burden on the family.,ค่าเล่าเรียนกลายเป็นภาระของครอบครัว
车上,他把包忘在车上了。,He forgot his bag in the car.,เขาลืมกระเป๋าไว้ในรถ
预报,天气预报说明天下雨。,The weather forecast says it will rain tomorrow.,พยากรณ์อากาศบอกว่าพรุ่งนี้ฝนจะตก
饮,医生建议他少饮酒。,The doctor advised him to drink less alcohol.,หมอแนะนำให้เขาดื่มเหล้าให้น้อยลง
馆,这家馆子很有名。,This restaurant is very famous.,ร้านอาหารร้านนี้มีชื่อเสียงมาก
魔术,他会表演魔术。,He can perform magic tricks.,เขาแสดงมายากลได้
上天,上天会保佑好人。,Heaven will bless good people.,ฟ้าจะคุ้มครองคนดี
下属,经理很关心他的下属。,The manager cares a lot about his subordinates.,ผู้จัดการเอาใจใส่ลูกน้องของเขามาก
乐于,他乐于帮助别人。,He is happy to help others.,เขายินดีช่วยเหลือผู้อื่น
乙,他是乙方的代表。,He is the representative of Party B.,เขาเป็นตัวแทนของคู่สัญญาฝ่ายที่สอง
书法,爷爷擅长书法。,Grandpa is skilled at calligraphy.,คุณปู่เก่งเรื่องการเขียนพู่กันจีน
仅,这次仅用了三天。,This time it only took three days.,ครั้งนี้ใช้เวลาแค่สามวัน
依靠,孩子依靠父母生活。,Children depend on their parents to live.,เด็กๆ พึ่งพาพ่อแม่ในการดำรงชีวิต
农作物,干旱损害了农作物。,The drought damaged the crops.,ความแห้งแล้งทำให้พืชผลเสียหาย
动力,兴趣是学习的动力。,Interest is the driving force behind learning.,ความสนใจคือแรงผลักดันในการเรียนรู้
品尝,游客品尝了当地美食。,Tourists tasted the local food.,นักท่องเที่ยวได้ชิมอาหารท้องถิ่น
实行,公司决定实行新制度。,The company decided to implement a new system.,บริษัทตัดสินใจนำระบบใหม่มาใช้
小病,"他得了小病,请假一天。",He had a minor illness and took a day off.,เขาป่วยเล็กน้อยเลยลาหยุดหนึ่งวัน
心脏,他的心脏跳得很快。,His heart is beating very fast.,หัวใจของเขาเต้นเร็วมาก
扑灭,消防员扑灭了大火。,Firefighters extinguished the big fire.,นักดับเพลิงดับไฟใหญ่ได้แล้ว
故,电脑忽然出故障了。,The computer suddenly malfunctioned.,จู่ๆ คอมพิวเตอร์ก็เสีย
术,这位医生医术高明。,This doctor's medical skill is excellent.,หมอคนนี้ฝีมือการรักษาเยี่ยมมาก
根,这棵树的根很深。,This tree's root is very deep.,รากของต้นไม้ต้นนี้ลึกมาก
泉水,山上流出清澈泉水。,Clear spring water flows down the mountain.,น้ำพุใสๆ ไหลลงมาจากภูเขา
洞,山上有一个大洞。,There is a big cave on the mountain.,บนภูเขามีถ้ำใหญ่อยู่ถ้ำหนึ่ง
深处,森林深处非常安静。,Deep in the forest it is very quiet.,ลึกเข้าไปในป่าเงียบมาก
空中,飞机正在空中飞行。,The plane is flying in the sky.,เครื่องบินกำลังบินอยู่กลางอากาศ
肠胃,他最近肠胃不太好。,His digestive system hasn't been very good lately.,ช่วงนี้เขาท้องไส้ไม่ค่อยดี
肺,吸烟对肺不好。,Smoking is bad for the lungs.,การสูบบุหรี่ไม่ดีต่อปอด
薄,这本书非常薄。,This book is very thin.,หนังสือเล่มนี้บางมาก
蛋壳,蛋壳很容易破碎。,Eggshells break very easily.,เปลือกไข่แตกง่ายมาก
赏,老板赏了他一百元。,The boss rewarded him with a hundred yuan.,เจ้านายให้รางวัลเขาร้อยหยวน
逐,他逐个检查了房间。,He checked the rooms one by one.,เขาตรวจห้องทีละห้อง
镁,镁是一种轻金属。,Magnesium is a lightweight metal.,แมกนีเซียมเป็นโลหะเบาชนิดหนึ่ง
兑换,他去银行兑换外币。,He went to the bank to exchange foreign currency.,เขาไปธนาคารเพื่อแลกเงินตราต่างประเทศ
剁,妈妈在厨房剁肉。,Mom is chopping meat in the kitchen.,แม่กำลังสับเนื้ออยู่ในครัว
化妆师,她想成为化妆师。,She wants to become a make-up artist.,เธออยากเป็นช่างแต่งหน้า
印刷术,他研究印刷术的历史。,He studies the history of printing technology.,เขาศึกษาประวัติของเทคนิคการพิมพ์
吃零食,小孩喜欢吃零食。,Children like to eat snacks.,เด็กๆ ชอบกินขนม
喷发,火山突然喷发了。,The volcano suddenly erupted.,อยู่ๆ ภูเขาไฟก็ปะทุ
山西人,他是山西人。,He is a person from Shanxi.,เขาเป็นคนซานซี
开凿,工人开凿了一条隧道。,Workers cut through and dug a tunnel.,คนงานขุดเจาะอุโมงค์ขึ้นมาเส้นหนึ่ง
拱桥,河上有一座拱桥。,There is an arch bridge over the river.,เหนือแม่น้ำมีสะพานโค้งอยู่สะพานหนึ่ง
播放,电视正在播放新闻。,The TV is broadcasting the news.,ทีวีกำลังออกอากาศข่าว
星星,晚上能看见星星。,You can see the stars at night.,ตอนกลางคืนมองเห็นดวงดาวได้
有无,他检查货物有无损坏。,He checked whether the goods were damaged.,เขาตรวจดูว่าสินค้าเสียหายหรือไม่
有色,这是一种有色玻璃。,This is a kind of colored glass.,นี่คือกระจกสีชนิดหนึ่ง
桥梁,这座桥梁很长。,This bridge is very long.,สะพานนี้ยาวมาก
椒,这道菜放了很多辣椒。,This dish has a lot of pepper in it.,อาหารจานนี้ใส่พริกเยอะมาก
水利,政府重视水利建设。,The government values water conservancy projects.,รัฐบาลให้ความสำคัญกับการสร้างระบบชลประทาน
求学,他去国外求学。,He went abroad to pursue his studies.,เขาไปเรียนต่อที่ต่างประเทศ
秒,还有十秒就开始了。,There are ten seconds left before it starts.,อีกสิบวินาทีก็จะเริ่มแล้ว
米缸,米缸里没有米了。,There is no rice left in the rice jar.,ในโอ่งข้าวไม่มีข้าวเหลือแล้ว
红楼,山顶上有一座红楼。,There is a red mansion on top of the hill.,บนยอดเขามีคฤหาสน์สีแดงอยู่หลังหนึ่ง
羊群,草原上有很多羊群。,There are many flocks of sheep on the grassland.,บนทุ่งหญ้ามีฝูงแกะอยู่มากมาย
老爷爷,老爷爷坐在门口。,The elderly grandpa is sitting at the doorway.,คุณปู่นั่งอยู่ที่หน้าประตู
茧,蚕吐丝结成茧。,The silkworm spins silk into a cocoon.,หนอนไหมพ่นใยออกมาถักเป็นรังไหม
虎,老虎是森林之王。,The tiger is the king of the forest.,เสือคือราชาแห่งป่า
蜈蚣,地上爬着一只蜈蚣。,A centipede is crawling on the ground.,มีตะขาบตัวหนึ่งคลานอยู่บนพื้น
裂,杯子摔裂了。,The cup cracked when it fell.,แก้วตกลงไปแล้วแตกร้าว
诱饵,渔夫用诱饵钓鱼。,The fisherman uses bait to catch fish.,ชาวประมงใช้เหยื่อล่อตกปลา
调,他被调去北京工作。,He was transferred to work in Beijing.,เขาถูกย้ายไปทำงานที่ปักกิ่ง
轨道,火车行驶在轨道上。,The train runs on the track.,รถไฟวิ่งอยู่บนราง
转基因,这是转基因食品。,This is genetically modified food.,นี่คืออาหารดัดแปลงพันธุกรรม
韧,这种绳子很韧。,This kind of rope is very tough.,เชือกชนิดนี้เหนียวมาก
鱼头,妈妈煮了鱼头汤。,Mom cooked fish head soup.,แม่ต้มซุปหัวปลา
三类,这些书分为三类。,These books are divided into three kinds.,หนังสือพวกนี้แบ่งเป็นสามประเภท
不安,他心里感到不安。,He felt uneasy inside.,ในใจเขารู้สึกไม่สบายใจ
人人,人人都喜欢这首歌。,Everyone likes this song.,ใครๆ ก็ชอบเพลงนี้
今后,今后我会更努力。,From now on I will work harder.,ต่อจากนี้ฉันจะพยายามมากขึ้น
众多,公园里有众多游客。,There are numerous visitors in the park.,ในสวนสาธารณะมีนักท่องเที่ยวมากมาย
依赖,孩子依赖父母。,Children depend on their parents.,เด็กๆ พึ่งพาพ่อแม่
倘若,倘若下雨，我们就取消。,"If it rains, we will cancel.",ถ้าฝนตก เราก็จะยกเลิก
全新,他买了一辆全新的车。,He bought a brand new car.,เขาซื้อรถใหม่เอี่ยมมาคันหนึ่ง
凸显,这个问题凸显了矛盾。,This issue highlights the conflict.,ปัญหานี้ทำให้เห็นความขัดแย้งเด่นชัดขึ้น
分解,垃圾需要时间分解。,Garbage needs time to decompose.,ขยะต้องใช้เวลาย่อยสลาย
初,起初我不认识他。,"At first, I didn't know him.",ตอนแรกฉันไม่รู้จักเขา
半途而废,他从不半途而废。,He never gives up halfway.,เขาไม่เคยล้มเลิกกลางคัน
华丽,这件裙子很华丽。,This dress is very gorgeous.,ชุดกระโปรงตัวนี้หรูหรามาก
历史悠久,这座城市历史悠久。,This city has a long and established history.,เมืองนี้มีประวัติศาสตร์ยาวนาน
参与,参与讨论很有意义。,Participating in the discussion is meaningful.,การเข้าร่วมพูดคุยแลกเปลี่ยนมีความหมายมาก
响,电话响了很久。,The phone rang for a long time.,โทรศัพท์ดังอยู่นาน
喜悦,她心里充满喜悦。,Her heart was filled with joy.,ในใจเธอเต็มไปด้วยความยินดี
图画,墙上挂着一幅图画。,A picture hangs on the wall.,บนผนังมีภาพวาดแขวนอยู่ภาพหนึ่ง
场合,这种场合要穿正装。,You should wear formal clothes on such occasions.,โอกาสแบบนี้ต้องแต่งตัวทางการ
场所,图书馆是安静的场所。,The library is a quiet place.,ห้องสมุดเป็นสถานที่เงียบสงบ
场面,婚礼场面十分热闹。,The wedding scene was very lively.,บรรยากาศงานแต่งงานคึกคักมาก
境界,他达到了新的境界。,He reached a new realm.,เขาก้าวไปถึงขั้นใหม่แล้ว
头脑,他头脑很清醒。,His mind is very clear.,สมองเขาแจ่มใสมาก
奇,他的想法十分奇特。,His idea is quite peculiar.,ความคิดของเขาแปลกประหลาดมาก
套,我买了一套衣服。,I bought a set of clothes.,ฉันซื้อเสื้อผ้ามาชุดหนึ่ง
尽快,请尽快回复邮件。,Please reply to the email as soon as possible.,กรุณาตอบอีเมลโดยเร็วที่สุด
尽量,我们尽量准时到达。,We will try our best to arrive on time.,เราจะพยายามไปให้ตรงเวลา
居住,他们居住在乡下。,They reside in the countryside.,พวกเขาอาศัยอยู่ที่ชนบท
工作人员,工作人员正在检查设备。,The staff members are checking the equipment.,เจ้าหน้าที่กำลังตรวจอุปกรณ์
年间,那几年间发生了很多事。,Many things happened during those years.,ในช่วงหลายปีนั้นเกิดเรื่องขึ้นมากมาย
弱,他身体很弱。,His body is weak.,ร่างกายเขาอ่อนแอมาก
强大,这个国家很强大。,This country is very powerful.,ประเทศนี้เข้มแข็งมาก
得天独厚,这里条件得天独厚。,The conditions here are uniquely favorable.,ที่นี่ได้เปรียบเป็นพิเศษ
忽略,不要忽略细节。,Don't overlook the details.,อย่ามองข้ามรายละเอียด
急于求成,他做事急于求成。,He is impatient for quick results in his work.,เขาทำงานใจร้อนอยากเห็นผลไวๆ
总之,总之，我们成功了。,"In short, we succeeded.",สรุปคือ เราสำเร็จแล้ว
承受,他能承受压力。,He can bear the pressure.,เขาสามารถแบกรับความกดดันได้
挣扎,他在水中挣扎。,He struggled in the water.,เขาดิ้นรนอยู่ในน้ำ
操作,请按说明操作机器。,Please operate the machine according to the instructions.,กรุณาใช้งานเครื่องตามคำแนะนำ
支配,时间由你自己支配。,Time is controlled by yourself.,เวลาขึ้นอยู่กับที่คุณจะจัดการเอง
改进,我们需要改进方法。,We need to improve the method.,เราต้องปรับปรุงวิธีการ
放慢,请放慢说话速度。,Please slow down your speaking pace.,กรุณาพูดให้ช้าลง
敏感,她皮肤很敏感。,Her skin is very sensitive.,ผิวของเธอแพ้ง่ายมาก
整整,他整整等了一天。,He waited for a whole day.,เขารอตั้งหนึ่งวันเต็มๆ
文学,她喜欢古典文学。,She likes classical literature.,เธอชอบวรรณกรรมคลาสสิก
新颖,这个设计很新颖。,This design is very novel.,ดีไซน์นี้แปลกใหม่มาก
无数,天上有无数星星。,There are countless stars in the sky.,บนท้องฟ้ามีดวงดาวนับไม่ถ้วน
时刻,这是关键时刻。,This is a critical moment.,นี่คือช่วงเวลาสำคัญ
望,我望你早日康复。,I hope you recover soon.,ฉันหวังว่าเธอจะหายไวๆ
来自,他来自法国。,He comes from France.,เขามาจากฝรั่งเศส
格外,今天天气格外冷。,Today the weather is especially cold.,วันนี้อากาศหนาวเป็นพิเศษ
消耗,运动消耗体力。,Exercise consumes physical energy.,การออกกำลังกายใช้พลังงานร่างกาย
深受,他深受大家欢迎。,He is very popular with everyone.,เขาได้รับความนิยมจากทุกคนอย่างมาก
激励,老师激励学生努力。,The teacher encourages students to work hard.,คุณครูกระตุ้นให้นักเรียนตั้งใจ
灵感,音乐给了他灵感。,Music gave him inspiration.,ดนตรีให้แรงบันดาลใจแก่เขา
照射,阳光照射大地。,Sunlight shines on the earth.,แสงแดดส่องลงมายังผืนดิน
照样,他照样每天跑步。,He runs every day as usual.,เขายังคงวิ่งทุกวันเหมือนเดิม
物美价廉,这些商品物美价廉。,These goods are good quality and cheap.,สินค้าพวกนี้ทั้งดีทั้งถูก
甚,这消息甚好。,This news is very good.,ข่าวนี้ดียิ่งนัก
的确,他的确很聪明。,He is indeed very smart.,เขาฉลาดจริงๆ
睡不着,我今晚睡不着觉。,I can't fall asleep tonight.,คืนนี้ฉันนอนไม่หลับ
神话,这个神话很有名。,This legend is very famous.,ตำนานเรื่องนี้โด่งดังมาก
称做,他被称做专家。,He is called an expert.,เขาถูกเรียกว่าผู้เชี่ยวชาญ
等于,三加二等于五。,Three plus two equals five.,สามบวกสองเท่ากับห้า
精华,这是全书的精华。,This is the essence of the whole book.,นี่คือแก่นสารของทั้งเล่ม
终究,他终究会明白。,He will understand in the end.,สุดท้ายแล้วเขาก็จะเข้าใจ
置于,请把书置于桌上。,Please place the book on the table.,กรุณาวางหนังสือไว้บนโต๊ะ
联合,两国决定联合起来。,The two countries decided to join together.,สองประเทศตัดสินใจร่วมมือกัน
自古以来,自古以来人们敬天。,"Since ancient times, people have revered heaven.",ตั้งแต่โบราณกาลผู้คนเคารพฟ้า
融洽,他们关系很融洽。,Their relationship is very harmonious.,ความสัมพันธ์ของพวกเขากลมเกลียวกันดี
袭,士兵袭击敌营。,The soldiers attacked the enemy camp.,ทหารบุกโจมตีค่ายข้าศึก
观念,他的观念很传统。,His ideas are very traditional.,แนวคิดของเขาเป็นแบบดั้งเดิมมาก
视,老师视学生如子女。,The teacher regards students as her own children.,คุณครูมองนักเรียนเหมือนลูกของตัวเอง
认同,我认同这个观点。,I agree with this viewpoint.,ฉันเห็นด้วยกับมุมมองนี้
贡献,他为国家做贡献。,He makes contributions to the country.,เขาทำคุณประโยชน์ให้ประเทศชาติ
转折,这是人生的转折点。,This is a turning point in life.,นี่คือจุดเปลี่ยนของชีวิต
遮挡,大树遮挡了阳光。,The big tree blocks the sunlight.,ต้นไม้ใหญ่บังแสงแดด
部门,他在销售部门工作。,He works in the sales department.,เขาทำงานอยู่แผนกขาย
长久,友谊需要长久维持。,Friendship needs long-term maintenance.,มิตรภาพต้องรักษาไว้ให้ยาวนาน
阻碍,大雨阻碍了交通。,The heavy rain obstructed traffic.,ฝนตกหนักทำให้การจราจรติดขัด
首,他首次获得冠军。,He won the championship for the first time.,เขาได้แชมป์เป็นครั้งแรก
不便,交通不便很麻烦。,Inconvenient transportation is troublesome.,การเดินทางไม่สะดวกทำให้ยุ่งยาก
世界各地,游客来自世界各地。,Tourists come from all over the world.,นักท่องเที่ยวมาจากทั่วทุกมุมโลก
两者,两者都很重要。,Both of them are important.,ทั้งสองอย่างสำคัญทั้งคู่
主题,这幅画主题鲜明。,This painting has a clear theme.,ภาพวาดนี้มีแก่นเรื่องชัดเจน
介于,温度介于零度和十度之间。,The temperature is between zero and ten degrees.,อุณหภูมิอยู่ระหว่างศูนย์ถึงสิบองศา
代价,成功需要付出代价。,Success requires paying a price.,ความสำเร็จต้องแลกมาด้วยราคาที่ต้องจ่าย
优势,他有明显的优势。,He has an obvious advantage.,เขามีข้อได้เปรียบที่ชัดเจน
传递,他传递了这个消息。,He passed on this message.,เขาส่งต่อข่าวนี้
体会,我体会到生活的美。,I came to appreciate the beauty of life.,ฉันได้ซาบซึ้งถึงความงามของชีวิต
例,请举一个例子。,Please give an example.,ช่วยยกตัวอย่างสักอย่างหนึ่ง
倍,这个比那个大三倍。,This one is three times bigger than that one.,อันนี้ใหญ่กว่าอันนั้นสามเท่า
借助,他借助工具完成了任务。,He completed the task with the help of tools.,เขาอาศัยเครื่องมือช่วยทำงานจนสำเร็จ
充实,他的生活很充实。,His life is very fulfilling.,ชีวิตของเขาเต็มอิ่มมาก
全国,全国人民庆祝节日。,People across the whole nation celebrate the festival.,ประชาชนทั้งประเทศฉลองเทศกาล
再次,他再次获得冠军。,He won the championship again.,เขาได้แชมป์อีกครั้ง
创意,这个广告很有创意。,This advertisement is very creative.,โฆษณาชิ้นนี้มีความคิดสร้างสรรค์มาก
创新,公司鼓励员工创新。,The company encourages employees to innovate.,บริษัทส่งเสริมให้พนักงานสร้างนวัตกรรมใหม่ๆ
制成,这些布料制成了衣服。,This fabric was made into clothes.,ผ้าพวกนี้ถูกนำมาทำเป็นเสื้อผ้า
加以,问题需要加以解决。,The problem needs to be addressed.,ปัญหานี้จำเป็นต้องแก้ไข
区,这是安静的住宅区。,This is a quiet residential area.,นี่คือย่านที่อยู่อาศัยที่เงียบสงบ
占有,他占有很多资源。,He possesses a lot of resources.,เขาครอบครองทรัพยากรอยู่มากมาย
发达,这个城市很发达。,This city is very developed.,เมืองนี้เจริญมาก
启示,这件事给我启示。,This matter gave me an insight.,เรื่องนี้ให้ข้อคิดกับฉัน
呈,他呈上一份报告。,He submitted a report.,เขายื่นรายงานฉบับหนึ่ง
呼吸,深呼吸让人放松。,Deep breathing helps people relax.,การหายใจลึกๆ ช่วยให้ผ่อนคลาย
喜,他喜静不喜动。,He prefers being quiet to being active.,เขาชอบความเงียบมากกว่าการเคลื่อนไหว
在乎,我不在乎结果。,I don't care about the result.,ฉันไม่แคร์ผลลัพธ์
在意,他很在意别人的看法。,He cares a lot about other people's opinions.,เขาใส่ใจความคิดเห็นของคนอื่นมาก
坚定,她的信念非常坚定。,Her belief is very firm.,ความเชื่อมั่นของเธอหนักแน่นมาก
处境,他的处境非常危险。,His situation is very dangerous.,สถานการณ์ที่เขาเผชิญอันตรายมาก
夜晚,夜晚的星空很美。,The night sky is beautiful.,ท้องฟ้ายามค่ำคืนสวยงามมาก
好处,运动对身体有好处。,Exercise has benefits for the body.,การออกกำลังกายมีประโยชน์ต่อร่างกาย
客户,这位客户很满意服务。,This customer is very satisfied with the service.,ลูกค้าคนนี้พอใจกับบริการมาก
宴席,今晚的宴席十分丰盛。,Tonight's banquet is very sumptuous.,งานเลี้ยงคืนนี้อาหารอุดมสมบูรณ์มาก
宽容,老师对学生很宽容。,The teacher is very tolerant of the students.,คุณครูใจกว้างกับนักเรียนมาก
寺庙,这座寺庙历史悠久。,This temple has a long history.,วัดแห่งนี้มีประวัติศาสตร์ยาวนาน
尽,教室在楼道尽头。,The classroom is at the very end of the corridor.,ห้องเรียนอยู่สุดทางเดิน
巨大,这座建筑非常巨大。,This building is extremely huge.,อาคารหลังนี้ใหญ่โตมหึมา
平衡,她努力保持身体平衡。,She works hard to keep her body balanced.,เธอพยายามรักษาสมดุลร่างกาย
建造,工人正在建造大桥。,Workers are building a bridge.,คนงานกำลังสร้างสะพานใหญ่
引导,老师引导学生思考。,The teacher guides students to think.,คุณครูชี้นำให้นักเรียนได้คิด
强者,只有强者才能生存。,Only the strong can survive.,มีแต่ผู้ที่แข็งแกร่งเท่านั้นที่จะอยู่รอดได้
心跳,运动后他心跳加快。,"After exercising, his heartbeat sped up.",หลังออกกำลังกาย หัวใจเขาเต้นเร็วขึ้น
必定,努力必定会有回报。,Hard work is bound to be rewarded.,ความพยายามจะได้รับผลตอบแทนอย่างแน่นอน
恰到好处,她的回答恰到好处。,Her answer was just right.,คำตอบของเธอพอดิบพอดี
情,他们之间充满真情。,There is genuine feeling between them.,พวกเขามีใจให้กันจริงๆ
想象力,这个孩子想象力丰富。,This child has a rich imagination.,เด็กคนนี้มีจินตนาการกว้างไกล
意味着,成功意味着不断努力。,Success means constant effort.,ความสำเร็จหมายถึงความพยายามอย่างต่อเนื่อง
技能,他学会了新技能。,He learned a new skill.,เขาได้เรียนรู้ทักษะใหม่
拜,他们去寺庙拜佛。,They went to the temple to worship Buddha.,พวกเขาไปวัดไหว้พระ
提升,他工作努力获得提升。,He worked hard and got promoted.,เขาทำงานหนักจนได้เลื่อนตำแหน่ง
整个,整个城市都很安静。,The whole city is very quiet.,ทั้งเมืองเงียบสงบไปหมด
料,这块布料非常柔软。,This fabric is very soft.,เนื้อผ้าผืนนี้นุ่มมาก
权力,总统拥有很大权力。,The president has great power.,ประธานาธิบดีมีอำนาจมาก
林,他们在树林里散步。,They are walking in the woods.,พวกเขาเดินเล่นอยู่ในป่า
果实,秋天树上结满果实。,In autumn the trees are full of fruit.,ฤดูใบไม้ร่วงต้นไม้ออกผลเต็มต้น
活力,年轻人充满活力。,Young people are full of vitality.,คนหนุ่มสาวเต็มไปด้วยพลัง
浮,树叶浮在水面上。,The leaf floats on the water's surface.,ใบไม้ลอยอยู่บนผิวน้ำ
状,这个盒子形状很奇怪。,This box's shape is very strange.,กล่องใบนี้รูปทรงแปลกมาก
犹如,她的笑容犹如阳光。,Her smile is like sunshine.,รอยยิ้มของเธอเหมือนแสงตะวัน
珍贵,这是一件珍贵的礼物。,This is a precious gift.,นี่คือของขวัญล้ำค่า
用途,这个工具用途广泛。,This tool has wide applications.,เครื่องมือนี้ใช้ประโยชน์ได้หลากหลาย
男子,那个男子很有礼貌。,That man is very polite.,ผู้ชายคนนั้นสุภาพมาก
眨眼,他对我眨眼示意。,He blinked at me as a signal.,เขากะพริบตาให้ฉันเป็นสัญญาณ
紧,这条裤子太紧了。,These pants are too tight.,กางเกงตัวนี้คับเกินไป
终日,他终日忙于工作。,He is busy with work all day long.,เขายุ่งกับงานอยู่ทั้งวัน
继承,他继承了父亲的财产。,He inherited his father's property.,เขาได้รับมรดกทรัพย์สินจากพ่อ
综合,这是一份综合报告。,This is a comprehensive report.,นี่คือรายงานแบบครอบคลุมทุกด้าน
观赏,游客喜欢观赏风景。,Tourists like to enjoy the scenery.,นักท่องเที่ยวชอบชมวิวทิวทัศน์
规划,政府正在规划新区。,The government is planning a new district.,รัฐบาลกำลังวางผังพื้นที่ใหม่
规矩,做事要守规矩。,One should follow the rules when doing things.,ทำอะไรก็ต้องอยู่ในกฎระเบียบ
触摸,请勿触摸展品。,Please do not touch the exhibits.,กรุณาอย่าสัมผัสสิ่งจัดแสดง
誉,他被誉为天才画家。,He is acclaimed as a genius painter.,คนยกย่องเขาว่าเป็นจิตรกรอัจฉริยะ
诗,他写了一首诗。,He wrote a poem.,เขาแต่งบทกวีบทหนึ่ง
说完,他说完就走了。,He left right after finishing speaking.,เขาพูดจบก็เดินจากไป
跪,他跪在地上哭了。,He knelt on the ground and cried.,เขาคุกเข่าลงกับพื้นแล้วร้องไห้
辐射,手机辐射对人体有害。,Mobile phone radiation is harmful to the human body.,รังสีจากมือถือเป็นอันตรายต่อร่างกาย
适度,运动要适度，不要过量。,Exercise should be moderate; don't overdo it.,ออกกำลังกายต้องพอประมาณ อย่าหักโหม
遗传,这种病会遗传给孩子。,This disease can be inherited by children.,โรคนี้ถ่ายทอดทางพันธุกรรมไปสู่ลูกได้
鉴定,专家鉴定这幅画是真的。,Experts authenticated that this painting is genuine.,ผู้เชี่ยวชาญตรวจพิสูจน์ว่าภาพนี้เป็นของแท้
针对,这个计划针对年轻人。,This plan targets young people.,แผนนี้มุ่งเป้าไปที่คนรุ่นใหม่
长寿,他希望长寿健康。,He hopes for longevity and health.,เขาหวังว่าจะอายุยืนและสุขภาพดี
随,请大家随我来。,Please everyone follow me.,ทุกคนตามฉันมาเลย
随即,他听完随即离开了。,He left immediately after listening.,เขาฟังจบก็จากไปทันที
隔,用墙把房间隔开。,Separate the room with a wall.,ใช้กำแพงกั้นห้องออกจากกัน
风险,投资总是有风险的。,Investment always carries risk.,การลงทุนมีความเสี่ยงอยู่เสมอ
食欲,他生病了，没有食欲。,He is sick and has no appetite.,เขาป่วยเลยไม่มีความอยากอาหาร
饮酒,开车不能饮酒。,You must not drink alcohol when driving.,ขับรถห้ามดื่มเหล้า
验,医生给他验血。,The doctor tested his blood.,หมอตรวจเลือดให้เขา
高明,这个医生医术高明。,This doctor's medical skill is superb.,หมอคนนี้ฝีมือการรักษาเยี่ยมมาก
一棵树,院子里有一棵树。,There is a tree in the yard.,ในลานบ้านมีต้นไม้ต้นหนึ่ง
两样,他的态度突然两样了。,His attitude suddenly became different.,อยู่ดีๆ ท่าทีของเขาก็เปลี่ยนไปเลย
严谨,他做事非常严谨。,He does things very rigorously.,เขาทำงานละเอียดรอบคอบมาก
京城,古代京城非常繁华。,The ancient capital was very prosperous.,เมืองหลวงในสมัยโบราณเจริญรุ่งเรืองมาก
伤,他的手受伤了。,His hand got injured.,มือของเขาบาดเจ็บ
似的,天冷得像冬天似的。,It's cold as if it were winter.,อากาศหนาวราวกับฤดูหนาวเลย
佳,这道菜味道佳。,This dish tastes excellent.,อาหารจานนี้รสชาติดีเยี่ยม
侍卫,侍卫保护皇帝的安全。,The bodyguard protects the emperor's safety.,องครักษ์คอยคุ้มครองความปลอดภัยของฮ่องเต้
修身养性,他每天练习书法修身养性。,He practices calligraphy every day to cultivate body and mind.,เขาฝึกเขียนพู่กันจีนทุกวันเพื่อขัดเกลาจิตใจ
具备,他具备当老师的条件。,He possesses the qualifications to be a teacher.,เขามีคุณสมบัติพร้อมที่จะเป็นครู
冰川,冰川正在慢慢融化。,The glacier is slowly melting.,ธารน้ำแข็งกำลังค่อยๆ ละลาย
创,他创办了一家公司。,He founded a company.,เขาก่อตั้งบริษัทขึ้นมาแห่งหนึ่ง
各个,各个部门都很忙。,Every department is busy.,ทุกๆ แผนกยุ่งกันหมด
呀,这个苹果真甜呀！,This apple is really sweet!,แอปเปิลลูกนี้หวานจริงๆ เลย!
咬,小狗咬了我一口。,The dog bit me once.,ลูกหมากัดฉันไปทีหนึ่ง
哈欠,他打了一个哈欠。,He let out a yawn.,เขาหาวออกมาทีหนึ่ง
器官,心脏是重要的器官。,The heart is an important organ.,หัวใจเป็นอวัยวะที่สำคัญ
围坐在,一家人围坐在桌旁。,The family sat gathered around the table.,ครอบครัวนั่งล้อมวงรอบโต๊ะ
围墙,花园周围有围墙。,There is a wall around the garden.,รอบๆ สวนมีกำแพงล้อมอยู่
基部,这朵花的基部很粗。,The base of this flower is thick.,โคนของดอกไม้ดอกนี้อวบใหญ่
境,他们已经出境了。,They have already crossed the border out of the country.,พวกเขาออกนอกประเทศไปแล้ว
多项,他获得了多项奖励。,He received multiple awards.,เขาได้รับรางวัลหลายรายการ
大地,春天大地开始变绿。,In spring the earth begins to turn green.,พอถึงฤดูใบไม้ผลิ ผืนแผ่นดินก็เริ่มเขียวขจี
大雾,今天早上有大雾。,There was thick fog this morning.,เช้านี้มีหมอกหนา
大面积,大面积的森林被烧毁。,A large area of forest was burned down.,ป่าเป็นบริเวณกว้างถูกไฟเผาทำลาย
天气预报,天气预报说明天下雨。,The weather forecast says it will rain tomorrow.,พยากรณ์อากาศบอกว่าพรุ่งนี้ฝนตก
审美,她的审美很独特。,Her aesthetic taste is very unique.,รสนิยมด้านความงามของเธอไม่เหมือนใคร
寂寞,一个人在家很寂寞。,Being home alone is very lonely.,อยู่บ้านคนเดียวเหงามาก
密切,两国关系密切。,Relations between the two countries are close.,สองประเทศมีความสัมพันธ์ใกล้ชิดกัน
小花,她是娱乐圈的小花。,She is a popular young actress in showbiz.,เธอเป็นดาราสาวดาวรุ่งในวงการบันเทิง
席地而坐,大家席地而坐聊天。,Everyone sat on the ground and chatted.,ทุกคนนั่งพื้นคุยกัน
延续,这个传统延续至今。,This tradition continues to this day.,ประเพณีนี้สืบทอดมาจนถึงทุกวันนี้
情商,他情商很高。,He has high emotional intelligence.,เขามีความฉลาดทางอารมณ์สูงมาก
成员,他是团队成员之一。,He is one of the team members.,เขาเป็นหนึ่งในสมาชิกทีม
战,双方开战了。,Both sides went to war.,ทั้งสองฝ่ายเปิดศึกกันแล้ว
房,这套房很大。,This house is very big.,บ้านหลังนี้ใหญ่มาก
手脚,他手脚很麻利。,His hands and feet move nimbly.,เขาทำอะไรคล่องแคล่วว่องไว
扛,他扛着一袋米。,He is carrying a bag of rice on his shoulder.,เขาแบกข้าวสารกระสอบหนึ่งไว้บนบ่า
担,他勇于担责任。,He is brave enough to take on responsibility.,เขากล้าที่จะแบกรับความรับผิดชอบ
拨,请拨打这个电话。,Please dial this phone number.,กรุณาโทรไปที่เบอร์นี้
指令,电脑执行指令。,The computer executes the command.,คอมพิวเตอร์ทำงานตามคำสั่ง
推,他推开了门。,He pushed the door open.,เขาผลักประตูเปิดออก
放进,把书放进包里。,Put the book into the bag.,เอาหนังสือใส่เข้าไปในกระเป๋า
新能源,新能源汽车很流行。,New energy vehicles are very popular.,รถยนต์พลังงานใหม่กำลังเป็นที่นิยม
日光灯,教室装了日光灯。,The classroom has fluorescent lights installed.,ห้องเรียนติดหลอดไฟนีออน
时光,童年时光很快乐。,Childhood times were very happy.,ช่วงเวลาในวัยเด็กมีความสุขมาก
旺,他生意很旺。,His business is thriving.,กิจการของเขารุ่งเรืองมาก
景象,眼前景象十分壮观。,The scene before us is spectacular.,ภาพที่อยู่ตรงหน้าช่างยิ่งใหญ่ตระการตา
朋,有朋自远方来。,A friend has come from afar.,มีเพื่อนมาจากแดนไกล
水井,村里有一口水井。,There is a well in the village.,ในหมู่บ้านมีบ่อน้ำอยู่บ่อหนึ่ง
洞穴,山上有个洞穴。,There is a cave on the mountain.,บนภูเขามีถ้ำอยู่แห่งหนึ่ง
洽谈,双方正在洽谈合作。,Both parties are discussing cooperation.,ทั้งสองฝ่ายกำลังเจรจาความร่วมมือกัน
流行音乐,她喜欢流行音乐。,She likes pop music.,เธอชอบเพลงป็อป
浓度,血液浓度很正常。,The blood concentration is normal.,ความเข้มข้นของเลือดปกติดี
海外,他常去海外旅行。,He often travels overseas.,เขาชอบไปเที่ยวต่างประเทศบ่อยๆ
界,他不小心越界了。,He accidentally crossed the boundary line.,เขาเผลอข้ามเส้นเขตไป
登山,周末我们去登山。,We go mountain climbing on weekends.,สุดสัปดาห์เราไปปีนเขากัน
皇上,皇上今天很高兴。,The emperor is very happy today.,วันนี้ฮ่องเต้อารมณ์ดีมาก
皮,苹果皮很薄。,The apple peel is thin.,เปลือกแอปเปิลบางมาก
石碑,公园里有块石碑。,There is a stone tablet in the park.,ในสวนมีแผ่นศิลาจารึกอยู่แผ่นหนึ่ง
碰,别碰这些东西。,Don't touch these things.,อย่าไปแตะของพวกนี้
空白,请填写这段空白。,Please fill in this blank space.,ช่วยเติมในช่องว่างนี้ด้วย
笑容,她脸上带着笑容。,She has a smile on her face.,บนใบหน้าของเธอมีรอยยิ้ม
等候,请在门口等候。,Please wait at the entrance.,กรุณารอที่หน้าประตู
管状,这是管状结构。,This is a tube-shaped structure.,นี่คือโครงสร้างรูปทรงท่อ
纬度,这里纬度较高。,This place has a relatively high latitude.,ที่นี่ละติจูดค่อนข้างสูง
细,这根线很细。,This thread is very thin.,เส้นด้ายเส้นนี้เล็กมาก
细胞分裂,细胞分裂速度很快。,Cell division happens very fast.,เซลล์แบ่งตัวได้เร็วมาก
背,他每天背单词。,He memorizes vocabulary every day.,เขาท่องศัพท์ทุกวัน
船上,船上有很多人。,There are many people on the boat.,บนเรือมีคนเยอะมาก
花朵,花园里开满花朵。,The garden is full of blooming flowers.,ในสวนมีดอกไม้บานสะพรั่งเต็มไปหมด
茶点,客人品尝了茶点。,Guests tasted the refreshments.,แขกได้ชิมของว่างและน้ำชา
葵,葵花朝着太阳生长。,Sunflowers grow towards the sun.,ดอกทานตะวันเติบโตหันเข้าหาดวงอาทิตย์
融入,他很快融入新环境。,He quickly integrated into the new environment.,เขาปรับตัวเข้ากับสภาพแวดล้อมใหม่ได้เร็วมาก
被誉为,他被誉为音乐天才。,He is hailed as a musical genius.,เขาได้ชื่อว่าเป็นอัจฉริยะทางดนตรี
记忆,我努力记忆这些单词。,I try hard to memorize these words.,ฉันพยายามจดจำคำศัพท์พวกนี้
谓,这就是所谓的成功。,This is what is called success.,นี่แหละคือสิ่งที่เรียกว่าความสำเร็จ
贴,他把海报贴在墙上。,He pasted the poster on the wall.,เขาเอาโปสเตอร์ไปติดบนกำแพง
赛,明天他们要比赛。,Tomorrow they will compete.,พรุ่งนี้พวกเขาจะแข่งขันกัน
辟,他们开辟了新道路。,They opened up a new path.,พวกเขาบุกเบิกเส้นทางใหม่
透明度,政府提高了透明度。,The government increased transparency.,รัฐบาลเพิ่มความโปร่งใสมากขึ้น
造,工人正在建造大桥。,Workers are building a bridge.,คนงานกำลังสร้างสะพานใหญ่
钾,香蕉含有丰富的钾。,Bananas contain abundant potassium.,กล้วยมีโพแทสเซียมอยู่มาก
隐患,电线老化是安全隐患。,Aging wires are a safety hazard.,สายไฟเก่าเป็นภัยแฝงด้านความปลอดภัย
雌,这只鸟是雌性的。,This bird is female.,นกตัวนี้เป็นตัวเมีย
风暴,一场风暴即将来临。,A storm is about to arrive.,พายุลูกหนึ่งกำลังจะมา
餐具,请把餐具洗干净。,Please wash the tableware clean.,ช่วยล้างจานชามให้สะอาดด้วย
乌鸦,乌鸦站在树枝上。,The crow stood on the branch.,อีกาเกาะอยู่บนกิ่งไม้
值夜班,他今晚要值夜班。,He has to work the night shift tonight.,คืนนี้เขาต้องเข้าเวรกะดึก
冬暖夏凉,这房子冬暖夏凉。,This house is warm in winter and cool in summer.,บ้านหลังนี้หน้าหนาวก็อุ่น หน้าร้อนก็เย็นสบาย
加油机,加油机正在给飞机加油。,The fuel pump is refueling the airplane.,รถเติมน้ำมันกำลังเติมน้ำมันให้เครื่องบิน
加盐,做菜时要适当加盐。,Add an appropriate amount of salt when cooking.,ตอนทำอาหารต้องเติมเกลือให้พอดี
动机,他的动机令人怀疑。,His motive is suspicious.,แรงจูงใจของเขาน่าสงสัย
化石,科学家发现了恐龙化石。,Scientists discovered a dinosaur fossil.,นักวิทยาศาสตร์ค้นพบซากฟอสซิลไดโนเสาร์
北极熊,北极熊生活在冰上。,Polar bears live on the ice.,หมีขั้วโลกอาศัยอยู่บนน้ำแข็ง
咖啡豆,这些咖啡豆香气浓郁。,These coffee beans have a rich aroma.,เมล็ดกาแฟพวกนี้กลิ่นหอมเข้มข้น
哺乳动物,鲸鱼是一种哺乳动物。,Whales are a kind of mammal.,ปลาวาฬเป็นสัตว์เลี้ยงลูกด้วยนมชนิดหนึ่ง
唤,妈妈唤他回家吃饭。,Mom called him home to eat.,แม่เรียกเขากลับบ้านมากินข้าว
售价,这件衣服售价很高。,This piece of clothing has a high selling price.,เสื้อผ้าตัวนี้ราคาขายแพงมาก
善待,我们应该善待动物。,We should treat animals well.,เราควรปฏิบัติต่อสัตว์อย่างดี
头部,他头部受了轻伤。,He suffered a minor injury to his head.,เขาบาดเจ็บเล็กน้อยที่ศีรษะ
宇,宇宙非常浩瀚神秘。,The universe is vast and mysterious.,จักรวาลกว้างใหญ่และลึกลับมาก
定价,公司重新给商品定价。,The company re-priced its products.,บริษัทตั้งราคาสินค้าใหม่
寺,山上有一座古寺。,There is an ancient temple on the mountain.,บนภูเขามีวัดเก่าแก่อยู่แห่งหนึ่ง
层面,这个问题涉及多个层面。,This issue involves multiple aspects.,ปัญหานี้เกี่ยวข้องกับหลายแง่มุม
床垫,这张床垫很舒服。,This mattress is very comfortable.,ที่นอนผืนนี้นอนสบายมาก
废弃,工厂废弃了旧设备。,The factory discarded the old equipment.,โรงงานทิ้งอุปกรณ์เก่าไปแล้ว
御,军队奋力抵御敌人。,The army fought hard to resist the enemy.,กองทัพสู้อย่างสุดกำลังเพื่อต้านทานข้าศึก
微型,他买了一台微型相机。,He bought a miniature camera.,เขาซื้อกล้องจิ๋วมาหนึ่งตัว
心理压力,考试带来很大心理压力。,Exams bring a lot of psychological stress.,การสอบสร้างความเครียดทางจิตใจอย่างมาก
悬崖,他站在悬崖边上。,He stood at the edge of the cliff.,เขายืนอยู่ริมหน้าผา
报酬,这份工作报酬很高。,This job pays a high reward.,งานนี้ค่าตอบแทนสูงมาก
旱季,旱季这里很少下雨。,During the dry season it rarely rains here.,หน้าแล้งที่นี่ฝนตกน้อยมาก
木质,这张桌子是木质的。,This table is made of wood.,โต๊ะตัวนี้ทำจากไม้
树枝,小鸟站在树枝上。,The bird stands on the branch.,นกน้อยเกาะอยู่บนกิ่งไม้
梨,妈妈买了两个梨。,Mom bought two pears.,แม่ซื้อลูกแพร์มาสองลูก
油纸伞,她撑着一把油纸伞。,She held an oil-paper umbrella.,เธอกางร่มกระดาษน้ำมันคันหนึ่ง
泪水,她的泪水流了下来。,Her tears flowed down.,น้ำตาของเธอไหลรินลงมา
渔民,渔民每天出海打鱼。,Fishermen go out to sea to fish every day.,ชาวประมงออกทะเลไปจับปลาทุกวัน
火山,这座火山突然喷发了。,This volcano suddenly erupted.,ภูเขาไฟลูกนี้ปะทุขึ้นมาอย่างกะทันหัน
焦虑症,他患有严重的焦虑症。,He suffers from severe anxiety disorder.,เขาเป็นโรควิตกกังวลขั้นรุนแรง
白细胞,白细胞可以对抗感染。,White blood cells can fight infection.,เม็ดเลือดขาวช่วยต่อสู้กับการติดเชื้อ
神秘感,这个故事充满神秘感。,This story is full of a sense of mystery.,เรื่องนี้เต็มไปด้วยความลึกลับ
福字,门上贴着一个福字。,A 'fu' character is pasted on the door.,"ที่ประตูมีตัวอักษร ""福"" ที่แปลว่าโชคดีติดอยู่"
笔,他用笔写字。,He writes with a pen.,เขาใช้ปากกาเขียนหนังสือ
精英,他是公司的精英员工。,He is an elite employee of the company.,เขาเป็นพนักงานหัวกะทิของบริษัท
细菌,洗手可以去除细菌。,Washing hands can remove bacteria.,ล้างมือช่วยกำจัดแบคทีเรียได้
绩效,公司重视员工绩效。,The company values employees' performance.,บริษัทให้ความสำคัญกับผลงานของพนักงาน
缆车,我们坐缆车上山。,We took the cable car up the mountain.,เรานั่งกระเช้าไฟฟ้าขึ้นเขา
翅膀,小鸟张开翅膀飞走了。,The bird spread its wings and flew away.,นกน้อยกางปีกบินจากไป
老字号,这是一家老字号饭店。,This is a time-honored restaurant.,นี่คือร้านอาหารเก่าแก่ที่ขึ้นชื่อ
肺泡,肺泡负责气体交换。,Alveoli are responsible for gas exchange.,ถุงลมปอดทำหน้าที่แลกเปลี่ยนก๊าซ
航天,中国航天技术发展很快。,China's space flight technology is developing fast.,เทคโนโลยีอวกาศของจีนพัฒนาไปอย่างรวดเร็ว
花岗石,这座桥用花岗石建造。,This bridge is built with granite.,สะพานนี้สร้างด้วยหินแกรนิต
药铺,他去药铺买药。,He went to the pharmacy to buy medicine.,เขาไปซื้อยาที่ร้านขายยา
葡萄园,他家有一片葡萄园。,His family has a vineyard.,บ้านเขามีไร่องุ่นอยู่ผืนหนึ่ง
行星,地球是一颗行星。,Earth is a planet.,โลกเป็นดาวเคราะห์ดวงหนึ่ง
豆汁,北京人爱喝豆汁。,Beijingers love drinking douzhi (fermented mung bean drink).,คนปักกิ่งชอบดื่มโต้วจือ น้ำถั่วเขียวหมัก
贺卡,我给她寄了一张贺卡。,I sent her a greeting card.,ฉันส่งการ์ดอวยพรให้เธอใบหนึ่ง
造纸术,造纸术是中国古代发明。,Papermaking is an ancient Chinese invention.,เทคนิคการทำกระดาษเป็นสิ่งประดิษฐ์ของจีนโบราณ
钓鱼,周末他喜欢去钓鱼。,On weekends he likes to go fishing.,สุดสัปดาห์เขาชอบไปตกปลา
铁丝,他用铁丝绑住栅栏。,He tied the fence with iron wire.,เขาใช้ลวดมัดรั้วไว้
食疗,中医提倡食疗养生。,Traditional Chinese medicine advocates food therapy for health.,แพทย์แผนจีนส่งเสริมการบำบัดด้วยอาหารเพื่อสุขภาพ
鸽子,广场上有很多鸽子。,There are many pigeons in the square.,ที่ลานกว้างมีนกพิราบอยู่เยอะมาก
黑土,东北有肥沃的黑土。,Northeast China has fertile black soil.,ภาคตะวันออกเฉียงเหนือมีดินดำที่อุดมสมบูรณ์
黑暗,房间里一片黑暗。,The room was in complete darkness.,ในห้องมืดสนิทไปหมด
一一,老师把问题一一解答了。,The teacher answered the questions one by one.,คุณครูตอบคำถามทีละข้อจนครบ
一下子,他一下子就明白了。,He understood it all at once.,เขาเข้าใจขึ้นมาในทันที
一不小心,他一不小心摔倒了。,He fell down out of carelessness.,เขาเผลอแป๊บเดียวก็หกล้ม
一个劲儿,他一个劲儿地往前跑。,He kept running forward without stopping.,เขาวิ่งไปข้างหน้าไม่หยุดเลย
一举,他们一举拿下了冠军。,They won the championship in one fell swoop.,พวกเขาคว้าแชมป์ได้ในครั้งเดียว
一代,他是这个家族的新一代领导人。,He is the new-generation leader of this family.,เขาคือผู้นำรุ่นใหม่ของตระกูลนี้
一动不动,猫一动不动地盯着窗外。,The cat stared out the window without moving at all.,แมวจ้องมองออกไปนอกหน้าต่างโดยไม่ขยับเลย
一半,蛋糕已经被吃掉了一半。,Half of the cake has already been eaten.,เค้กถูกกินไปครึ่งหนึ่งแล้ว
一同,同学们一同去公园野餐。,The classmates went to the park together for a picnic.,เพื่อนๆ ไปปิกนิกที่สวนสาธารณะด้วยกัน
一向,他做事一向很认真。,He has always been very serious about his work.,เขาทำงานอย่างจริงจังมาตลอด
一味,他一味地拒绝道歉。,He stubbornly refused to apologize.,เขาเอาแต่ปฏิเสธที่จะขอโทษ
一大早,她一大早就出门了。,She left home early in the morning.,เธอออกจากบ้านตั้งแต่เช้าตรู่
一天到晚,他一天到晚都在忙工作。,He is busy with work all day long.,เขายุ่งกับงานทั้งวันทั้งคืน
一头,他买了一头牛。,He bought a cow.,เขาซื้อวัวมาหนึ่งตัว
一如既往,她对朋友一如既往地热情。,She is as warm to her friends as ever.,เธอยังคงอบอุ่นกับเพื่อนเหมือนเช่นเคย
一家人,过年时一家人团聚在一起。,During the New Year the family gathers together.,ช่วงตรุษจีนคนทั้งครอบครัวมารวมตัวกันพร้อมหน้า
一帆风顺,祝你工作一帆风顺。,Wishing you smooth sailing in your work.,ขอให้การงานของคุณราบรื่นทุกอย่าง
一带,这一带风景很美。,The scenery in this area is beautiful.,แถวๆ นี้วิวสวยมาก
一律,门票一律十元。,Tickets are uniformly ten yuan.,ค่าตั๋วเข้าชมราคาเดียวสิบหยวน
一心,他一心想着学好汉语。,He is wholeheartedly focused on learning Chinese well.,เขาตั้งใจอยากเรียนภาษาจีนให้เก่งอย่างเดียว
一手,他练就了一手好厨艺。,He has honed excellent culinary skills.,เขาฝึกฝนจนมีฝีมือทำอาหารที่ยอดเยี่ยม
一技之长,每个人都应该拥有一技之长。,Everyone should have a particular skill of their own.,ทุกคนควรมีทักษะติดตัวสักอย่างหนึ่ง
一旁,他站在一旁等待。,He stood aside waiting.,เขายืนรออยู่ข้างๆ
一无所有,创业失败后他几乎一无所有。,After his business failed,หลังจากทำธุรกิจล้มเหลว เขาแทบไม่เหลืออะไรเลย
一早,他一早就出门锻炼了。,He went out to exercise early in the morning.,เขาออกไปออกกำลังกายตั้งแต่เช้า
一晃,十年时间一晃就过去了。,Ten years passed in a flash.,เวลาสิบปีผ่านไปอย่างรวดเร็วเหมือนพริบตา
一次性,这是一款一次性使用的餐具。,This is a set of disposable tableware.,นี่คือภาชนะแบบใช้ครั้งเดียวทิ้ง
一番,他认真思考了一番。,He thought about it carefully for a while.,เขาครุ่นคิดอย่างจริงจังอยู่พักหนึ่ง
一目了然,图表让数据变得一目了然。,The chart makes the data clear at a glance.,แผนภูมิทำให้ข้อมูลเข้าใจได้ชัดเจนในพริบตา
一瞬间,一瞬间他就消失了。,"In a split second, he disappeared.",เพียงชั่วพริบตาเขาก็หายวับไป
一系列,公司推出了一系列新产品。,The company launched a series of new products.,บริษัทเปิดตัวผลิตภัณฑ์ใหม่ชุดหนึ่ง
一贯,他做事一贯认真。,He has always been serious about his work.,เขาทำงานอย่างจริงจังเสมอมา
一路,祝你们一路平安。,Wish you all a safe journey.,ขอให้พวกคุณเดินทางปลอดภัย
一身,他淋了一身雨水。,He got soaked head to toe in rain.,เขาโดนฝนเปียกไปทั้งตัว
一辈子,她一辈子都在教书。,She has taught for her whole life.,เธอเป็นครูสอนหนังสือมาทั้งชีวิต
一连,他一连打了三个电话。,He made three phone calls in a row.,เขาโทรออกสามสายติดต่อกัน
一连串,他遇到了一连串的麻烦。,He ran into a string of troubles.,เขาเจอปัญหาต่อเนื่องกันหลายเรื่อง
一阵,窗外突然刮起一阵大风。,A gust of wind suddenly blew up outside.,จู่ๆ นอกหน้าต่างก็มีลมแรงพัดมาวูบหนึ่ง
一面,每个人都有软弱的一面。,Everyone has a weak side to them.,ทุกคนต่างก็มีด้านที่อ่อนแอของตัวเอง
万一,万一下雨，记得带伞。,In case it rains,เผื่อฝนตก อย่าลืมเอาร่มไปด้วย
万分,听到消息她万分激动。,"Hearing the news, she was extremely excited.",พอได้ยินข่าว เธอก็ตื่นเต้นสุดๆ
万能,世上没有万能的方法。,There's no all-purpose method in the world.,ในโลกนี้ไม่มีวิธีที่ใช้ได้กับทุกเรื่อง
三维,这款软件可以制作三维模型。,This software can create 3D models.,ซอฟต์แวร์ตัวนี้สร้างโมเดลสามมิติได้
上升,气温正在慢慢上升。,The temperature is slowly rising.,อุณหภูมิกำลังค่อยๆ สูงขึ้น
上去,你快上去吧。,Go on up quickly.,เธอรีบขึ้นไปเลย
上学,弟弟每天走路上学。,My little brother walks to school every day.,น้องชายเดินไปโรงเรียนทุกวัน
上岗,新员工培训后正式上岗。,After training,พนักงานใหม่เข้าประจำตำแหน่งอย่างเป็นทางการหลังฝึกอบรมเสร็จ
上市,新款手机下周上市。,The new phone hits the market next week.,มือถือรุ่นใหม่จะวางตลาดสัปดาห์หน้า
上当,他因为轻信而上当了。,He was fooled because he trusted too easily.,เขาเชื่อคนง่ายเลยโดนหลอก
上方,黑板的上方挂着一幅地图。,A map hangs above the blackboard.,เหนือกระดานดำมีแผนที่แขวนอยู่
上来,快上来喝杯茶吧。,Come on up and have a cup of tea.,รีบขึ้นมาดื่มชาสักถ้วยสิ
上游,这条河的上游污染严重。,The upper reaches of this river are heavily polluted.,ต้นน้ำของแม่น้ำสายนี้ปนเปื้อนมลพิษหนักมาก
上车,火车马上开了，快上车吧。,The train is about to leave,รถไฟจะออกแล้ว รีบขึ้นรถเลย
上述,上述问题需要尽快解决。,The aforementioned issues need to be resolved soon.,ปัญหาที่กล่าวมาข้างต้นต้องรีบแก้ไขโดยเร็ว
下令,司令下令全军立刻撤退。,The commander ordered the whole army to retreat immediately.,ผู้บัญชาการออกคำสั่งให้ทั้งกองทัพถอยทัพทันที
下意识,他下意识地摸了摸口袋。,He subconsciously touched his pocket.,เขาเผลอคลำกระเป๋าโดยไม่รู้ตัว
下旬,他打算下旬回国。,He plans to return home in late month.,เขาตั้งใจจะกลับประเทศช่วงปลายเดือน
下游,工厂建在河流的下游。,The factory is built downstream on the river.,โรงงานตั้งอยู่ปลายน้ำของแม่น้ำ
下调,银行下调了存款利率。,The bank lowered the deposit interest rate.,ธนาคารปรับลดอัตราดอกเบี้ยเงินฝากลง
不一会儿,不一会儿他就回来了。,"In a little while, he came back.",แป๊บเดียวเขาก็กลับมา
不予,对此事公司不予置评。,The company declined to comment on this matter.,บริษัทไม่ขอแสดงความเห็นต่อเรื่องนี้
不以为然,他对此不以为然。,He took a dim view of this.,เขาไม่เห็นด้วยกับเรื่องนี้เท่าไร
不值,这件事根本不值一提。,This matter isn't even worth mentioning.,เรื่องนี้ไม่คุ้มจะเอ่ยถึงเลยด้วยซ้ำ
不假思索,他不假思索地答应了。,He agreed without a moment's hesitation.,เขาตอบตกลงโดยไม่ต้องคิดเลย
不免,第一次演讲不免紧张。,One's first speech is inevitably nerve-wracking.,การพูดครั้งแรกย่อมอดตื่นเต้นไม่ได้
不准,这里不准抽烟。,Smoking is not allowed here.,ที่นี่ห้ามสูบบุหรี่
不利,天气对比赛不利。,The weather is unfavorable for the match.,อากาศไม่เป็นผลดีต่อการแข่งขัน
不可思议,这件事真不可思议。,This is truly inconceivable.,เรื่องนี้เหลือเชื่อจริงๆ
不在乎,他根本不在乎别人的看法。,He simply doesn't care what others think.,เขาไม่แคร์เลยว่าคนอื่นจะคิดยังไง
不妨,你不妨试一试。,You might as well give it a try.,เธอจะลองดูสักหน่อยก็ไม่เสียหาย
不屑,他对这个提议很不屑。,He is quite disdainful of this proposal.,เขาไม่เห็นข้อเสนอนี้อยู่ในสายตาเลย
不已,听到消息他激动不已。,On hearing the news he was endlessly excited.,พอได้ยินข่าว เขาก็ตื่นเต้นไม่หาย
不得了,这件事闹得不得了。,This matter has blown up into something serious.,เรื่องนี้ลุกลามใหญ่โตจนไม่ได้การ
不必,你不必担心。,You don't need to worry.,เธอไม่ต้องเป็นห่วงหรอก
不怎么,我对足球不怎么感兴趣。,I'm not particularly interested in soccer.,ฉันไม่ค่อยสนใจฟุตบอลเท่าไร
不怎么样,这部电影拍得不怎么样。,This movie wasn't very well made.,หนังเรื่องนี้ถ่ายทำออกมาได้งั้นๆ
不慎,他一时不慎摔伤了腿。,He carelessly fell and hurt his leg.,เขาเผลอไม่ระวังเลยหกล้มขาเจ็บ
不懈,他不懈努力终于成功。,He worked tirelessly and finally succeeded.,เขาพยายามอย่างไม่ลดละจนสำเร็จในที่สุด
不料,不料半路突然下起雨来。,Unexpectedly,ไม่คาดคิดว่ากลางทางจู่ๆ ฝนจะตกลงมา
不时,他不时抬头看窗外。,He glanced out the window from time to time.,เขาเงยหน้ามองนอกหน้าต่างเป็นระยะๆ
不易,这件事不易解决。,This matter is not easy to resolve.,เรื่องนี้แก้ไม่ง่ายเลย
不景气,最近经济十分不景气。,The economy has been quite sluggish recently.,ช่วงนี้เศรษฐกิจซบเซาอย่างหนัก
不服,他对判决表示不服。,He expressed disagreement with the verdict.,เขาแสดงท่าทีไม่ยอมรับคำตัดสิน
不服气,输了比赛他仍然不服气。,Even after losing the match,ถึงจะแพ้การแข่งขัน เขาก็ยังไม่ยอมรับอยู่ดี
不止,参加的人不止十个。,More than ten people took part.,คนที่เข้าร่วมไม่ใช่แค่สิบคน
不然,快点出发，不然要迟到了。,Hurry up and leave,รีบไปเถอะ ไม่งั้นจะสายแล้ว
不用说,不用说，大家都知道答案。,Needless to say,ไม่ต้องพูดก็รู้ ทุกคนรู้คำตอบดีอยู่แล้ว
不相上下,两支球队的实力不相上下。,The two teams are evenly matched in strength.,ทั้งสองทีมฝีมือสูสีไม่แพ้กัน
不禁,她不禁笑了起来。,She couldn't help laughing.,เธออดหัวเราะออกมาไม่ได้
不算,这个价格不算贵。,This price isn't really expensive.,ราคานี้ไม่ถือว่าแพง
不约而同,大家不约而同地鼓起掌来。,Everyone spontaneously burst into applause at the same time.,ทุกคนปรบมือขึ้นพร้อมกันโดยไม่ได้นัดหมาย
不能不,面对困难他不能不努力。,"Facing difficulties, he had no choice but to work hard.",พอเจออุปสรรค เขาก็ต้องพยายามอย่างเลี่ยงไม่ได้
不至于,事情还不至于那么糟糕。,Things aren't quite that bad yet.,เรื่องยังไม่ถึงกับเลวร้ายขนาดนั้น
不起眼,这家小店很不起眼。,This little shop is quite unremarkable.,ร้านเล็กๆ ร้านนี้ดูธรรมดาไม่สะดุดตาเลย
不适,他今天感到身体不适。,He feels unwell today.,วันนี้เขารู้สึกไม่สบายตัว
不顾,他不顾危险跳入水中救人。,Disregarding the danger,เขาไม่คำนึงถึงอันตราย กระโดดลงน้ำไปช่วยคน
与众不同,她的穿着风格与众不同。,Her style of dress stands out from the crowd.,สไตล์การแต่งตัวของเธอไม่เหมือนใคร
与其,与其抱怨，不如努力改变。,Rather than complain,แทนที่จะเอาแต่บ่น สู้พยายามเปลี่ยนแปลงจะดีกว่า
与否,成功与否取决于努力。,Whether one succeeds or not depends on effort.,จะสำเร็จหรือไม่ขึ้นอยู่กับความพยายาม
与日俱增,他的名气与日俱增。,His fame grows with each passing day.,ชื่อเสียงของเขานับวันยิ่งเพิ่มขึ้น
丑,这只小狗长得真丑。,This puppy looks really ugly.,ลูกหมาตัวนี้หน้าตาน่าเกลียดจริงๆ
丑闻,这家公司爆出丑闻。,This company was hit by a scandal.,บริษัทนี้มีข่าวอื้อฉาวโผล่ออกมา
专人,公司派专人负责此事。,The company assigned a dedicated person to handle this matter.,บริษัทส่งเจ้าหน้าที่เฉพาะมารับผิดชอบเรื่องนี้
专注,她学习时非常专注。,She is very focused when studying.,เวลาเรียนเธอมีสมาธิจดจ่อมาก
专长,编程是他的专长。,Programming is his specialty.,การเขียนโปรแกรมคือความถนัดพิเศษของเขา
世代,这门手艺世代相传。,This craft has been passed down for generations.,งานฝีมือนี้สืบทอดกันมารุ่นสู่รุ่น
世故,他为人处事十分世故。,He is very worldly in how he handles things.,เขาเป็นคนเจนโลกมาก
世界杯,他们在看世界杯。,They are watching the World Cup.,พวกเขากำลังดูฟุตบอลโลกกันอยู่
业余,他业余时间喜欢画画。,In his spare time,ยามว่างนอกเวลางานเขาชอบวาดรูป
业务,公司业务发展很快。,The company's business is growing fast.,กิจการของบริษัทเติบโตเร็วมาก
业绩,他今年的业绩十分突出。,His performance this year has been outstanding.,ผลงานปีนี้ของเขาโดดเด่นมาก
丛林,探险队深入丛林寻找宝藏。,The expedition team went deep into the jungle to search for treasure.,คณะสำรวจบุกลึกเข้าไปในป่าดงดิบเพื่อค้นหาสมบัติ
东北,他来自中国东北。,He is from northeast China.,เขามาจากภาคตะวันออกเฉียงเหนือของจีน
东南,台风正向东南移动。,The typhoon is moving toward the southeast.,ไต้ฝุ่นกำลังเคลื่อนตัวไปทางทิศตะวันออกเฉียงใต้
东方,太阳从东方升起。,The sun rises in the east.,ดวงอาทิตย์ขึ้นทางทิศตะวันออก
东部,我们住在东部地区。,We live in the eastern region.,เราอาศัยอยู่ในเขตภาคตะวันออก
丝,蜘蛛吐出一根细丝。,The spider spun out a fine thread.,แมงมุมพ่นเส้นใยบางๆ ออกมาเส้นหนึ่ง
丝毫,他丝毫没有察觉危险。,He didn't notice the danger in the slightest.,เขาไม่ทันสังเกตอันตรายแม้แต่น้อย
丝绸,这条围巾是丝绸做的。,This scarf is made of silk.,ผ้าพันคอผืนนี้ทำจากผ้าไหม
丢失,他不小心丢失了钱包。,He accidentally lost his wallet.,เขาทำกระเป๋าเงินหายโดยไม่ตั้งใจ
丢掉,请把这些垃圾丢掉。,Please throw away this trash.,ช่วยเอาขยะพวกนี้ไปทิ้งหน่อย
丢脸,考试不及格让他丢脸。,Failing the exam made him lose face.,การสอบตกทำให้เขาเสียหน้า
严厉,老师严厉地批评了他。,The teacher criticized him severely.,ครูดุว่าเขาอย่างเข้มงวดรุนแรง
严密,这个计划安排得十分严密。,This plan was arranged very tightly and carefully.,แผนนี้ถูกวางไว้อย่างรัดกุมมาก
丧失,事故使他丧失了记忆。,The accident caused him to lose his memory.,อุบัติเหตุทำให้เขาสูญเสียความทรงจำ
个儿,他个儿真高。,He's really tall.,เขาตัวสูงจริงๆ
个性,她的个性很独特。,Her personality is very unique.,บุคลิกเฉพาะตัวของเธอโดดเด่นมาก
中介,我们通过中介租房。,We rented the apartment through an agent.,เราเช่าบ้านผ่านนายหน้า
中医,他相信中医能治病。,He believes Chinese medicine can cure illness.,เขาเชื่อว่าแพทย์แผนจีนรักษาโรคได้
中华,中华文化源远流长。,"Chinese culture has a long, deep history.",วัฒนธรรมจีนสืบทอดยาวนานมีรากลึก
中华民族,中华民族历史悠久。,The Chinese nation has a long history.,ชนชาติจีนมีประวัติศาสตร์อันยาวนาน
中外,这本书吸引了中外读者。,This book has attracted readers both in China and abroad.,หนังสือเล่มนี้ดึงดูดผู้อ่านทั้งชาวจีนและชาวต่างชาติ
中奖,他买彩票中奖了。,He bought a lottery ticket and won a prize.,เขาซื้อลอตเตอรี่แล้วถูกรางวัล
中断,会议因停电而中断。,The meeting was interrupted by a power outage.,การประชุมหยุดชะงักเพราะไฟดับ
中期,项目已进入中期阶段。,The project has entered its middle stage.,โครงการเข้าสู่ช่วงกลางแล้ว
中药,他每天坚持喝中药。,He drinks traditional Chinese medicine every day without fail.,เขาดื่มยาจีนทุกวันไม่เคยขาด
中部,这座城市在中部地区。,This city is in the central region.,เมืองนี้ตั้งอยู่ในเขตภาคกลาง
中餐,他更喜欢吃中餐。,He prefers eating Chinese food.,เขาชอบกินอาหารจีนมากกว่า
丰厚,这份工作待遇十分丰厚。,This job offers very generous compensation.,งานนี้ให้ผลตอบแทนงดงามมาก
丰富多彩,大学生活丰富多彩。,College life is rich and colorful.,ชีวิตในมหาวิทยาลัยมีสีสันหลากหลาย
丰收,今年农民迎来丰收。,Farmers had a bumper harvest this year.,ปีนี้ชาวนาเก็บเกี่ยวได้ผลผลิตอุดมสมบูรณ์
丰满,秋天到了，稻穗丰满。,Autumn has arrived,ฤดูใบไม้ร่วงมาถึงแล้ว รวงข้าวเต่งอิ่ม
串,她把珠子串成项链。,She strung the beads into a necklace.,เธอร้อยลูกปัดเป็นสร้อยคอ
临,我们临窗而坐聊天。,We sat facing the window and chatted.,เรานั่งคุยกันตรงริมหน้าต่าง
丸,医生给他开了几丸药。,The doctor prescribed him a few pills.,หมอจ่ายยาลูกกลอนให้เขาไปหลายเม็ด
为期,培训为期三个月。,The training lasts three months.,การอบรมมีกำหนดสามเดือน
为止,比赛到今天为止结束。,The competition ends as of today.,การแข่งขันสิ้นสุดลงนับถึงวันนี้
为此,为此他专门道了歉。,For this reason he specially apologized.,ด้วยเหตุนี้เขาจึงขอโทษเป็นพิเศษ
为难,别再为难他了。,Stop putting him in a bind.,อย่าทำให้เขาลำบากใจอีกเลย
主,谁是这片土地的主？,Who is the owner of this land?,ใครเป็นเจ้าของที่ดินผืนนี้?
主人公,小说的主人公很勇敢。,The novel's protagonist is very brave.,ตัวเอกของนิยายเรื่องนี้กล้าหาญมาก
主导,科技正主导着经济发展。,Technology is now dominating economic development.,เทคโนโลยีกำลังมีบทบาทนำในการพัฒนาเศรษฐกิจ
主张,他主张早点出发。,He advocates leaving early.,เขาเห็นควรให้ออกเดินทางแต่เช้า
主流,环保已成为社会主流。,Environmental protection has become mainstream in society.,การรักษ์สิ่งแวดล้อมกลายเป็นกระแสหลักของสังคมไปแล้ว
主演,她主演了这部电影。,She starred in this movie.,เธอแสดงนำในหนังเรื่องนี้
主管,他是这个部门的主管。,He is the head of this department.,เขาเป็นหัวหน้าแผนกนี้
主观,你的看法太主观了。,Your opinion is too subjective.,ความคิดเห็นของเธอเป็นอัตวิสัยเกินไป
主角,她在这部电影里演主角。,She plays the lead role in this movie.,ในหนังเรื่องนี้เธอรับบทเป็นตัวเอก
主食,米饭是中国人的主食。,Rice is the staple food of Chinese people.,ข้าวสวยเป็นอาหารหลักของคนจีน
举世闻名,长城举世闻名。,The Great Wall is world-famous.,กำแพงเมืองจีนมีชื่อเสียงไปทั่วโลก
举动,他的举动引起了怀疑。,His behavior aroused suspicion.,พฤติการณ์ของเขาทำให้คนเริ่มสงสัย
举手,有问题请举手提问。,"If you have a question, please raise your hand.",หากมีคำถามให้ยกมือขึ้นถาม
乃至,全班乃至全校都知道了。,"The whole class, and even the whole school, found out.",ทั้งชั้นเรียนกระทั่งทั้งโรงเรียนต่างก็รู้กันหมด
义务,纳税是公民的义务。,Paying taxes is a citizen's duty.,การเสียภาษีเป็นหน้าที่ของพลเมือง
之下,在老师帮助之下他进步了。,"Under the teacher's help, he improved.",ภายใต้การช่วยเหลือของครู เขาพัฒนาขึ้น
之中,他在人群之中。,He is among the crowd.,เขาอยู่ท่ามกลางฝูงชน
之内,请在三天之内回复。,Please reply within three days.,ช่วยตอบกลับภายในสามวัน
之类,他喜欢篮球、足球之类的运动。,He likes sports like basketball,เขาชอบกีฬาจำพวกบาสเกตบอล ฟุตบอล อะไรทำนองนั้น
乐器,钢琴是常见的乐器。,The piano is a common musical instrument.,เปียโนเป็นเครื่องดนตรีที่พบเห็นได้ทั่วไป
乐意,我很乐意帮助你。,I am very willing to help you.,ฉันยินดีช่วยเธอมาก
乖,这只小狗特别乖。,This little dog is very well-behaved.,ลูกหมาตัวนี้เชื่อฟังมากเป็นพิเศษ
乘,他每天乘公交上班。,He takes the bus to work every day.,เขานั่งรถเมล์ไปทำงานทุกวัน
乘车,请大家排队乘车。,Please everyone line up to board the vehicle.,ขอให้ทุกคนเข้าแถวขึ้นรถ
也就是说,也就是说他不同意。,"In other words, he disagrees.",พูดอีกอย่างก็คือเขาไม่เห็นด้วย
乡,他决定回乡种地。,He decided to return to the countryside to farm.,เขาตัดสินใจกลับบ้านเกิดไปทำไร่ทำนา
乡村,他退休后搬到乡村生活。,After retiring,หลังเกษียณเขาย้ายไปใช้ชีวิตในชนบท
书桌,他坐在书桌前写作业。,He sat at the desk doing homework.,เขานั่งทำการบ้านอยู่ที่โต๊ะเขียนหนังสือ
书籍,图书馆里书籍很丰富。,The library has a rich collection of books.,ในห้องสมุดมีหนังสือหลากหลายมากมาย
予以,学校将予以奖励。,The school will give a reward.,ทางโรงเรียนจะมอบรางวัลให้
争,兄弟俩为了玩具争起来。,The brothers started fighting over the toy.,สองพี่น้องแย่งของเล่นกันขึ้นมา
争先恐后,大家争先恐后地报名。,Everyone rushed to sign up first.,ทุกคนแย่งกันสมัครกลัวจะช้ากว่าคนอื่น
争分夺秒,医生们争分夺秒地抢救。,Doctors raced against time to save him.,เหล่าหมอชิงทุกวินาทีเร่งช่วยชีวิตคนไข้
争吵,兄弟俩因小事争吵起来。,The two brothers started quarreling over a trivial matter.,สองพี่น้องทะเลาะกันเพราะเรื่องเล็กน้อย
争夺,两队激烈争夺冠军。,The two teams fiercely contested the title.,สองทีมแย่งชิงตำแหน่งแชมป์กันอย่างดุเดือด
争执,他们为小事争执起来。,They started arguing over a small matter.,พวกเขาโต้เถียงกันเพราะเรื่องเล็กน้อย
争气,他发誓一定要争气。,He vowed he would prove himself.,เขาสาบานว่าจะต้องพิสูจน์ตัวเองให้ได้
争议,这项政策引发了争议。,This policy sparked controversy.,นโยบายนี้จุดชนวนข้อถกเถียง
争论,他们为此争论不休。,They argued endlessly about this.,พวกเขาถกเถียงกันเรื่องนี้ไม่รู้จบ
事实上,事实上他并不知道。,"In fact, he didn't know.",ที่จริงแล้วเขาไม่รู้เรื่องเลย
事故,路口发生了交通事故。,A traffic accident occurred at the intersection.,เกิดอุบัติเหตุทางถนนขึ้นที่สี่แยก
事迹,他的英雄事迹广为流传。,His heroic deeds are widely known.,วีรกรรมของเขาเลื่องลือกันแพร่หลาย
云,天空飘着几朵白云。,A few white clouds drift across the sky.,บนท้องฟ้ามีเมฆขาวลอยอยู่ไม่กี่ก้อน
互信,双方应建立长期互信。,Both sides should build long-term mutual trust.,ทั้งสองฝ่ายควรสร้างความไว้ใจซึ่งกันและกันในระยะยาว
互补,他们的性格正好互补。,Their personalities complement each other perfectly.,นิสัยของพวกเขาเติมเต็มกันได้พอดี
五,教室里坐着五个学生。,Five students sit in the classroom.,ในห้องเรียนมีนักเรียนนั่งอยู่ห้าคน
五花八门,展会上的商品五花八门。,The goods at the exhibition were of every conceivable kind.,สินค้าในงานมีสารพัดชนิดหลากหลาย
井,村口有一口古老的井。,There is an old well at the village entrance.,ตรงปากทางเข้าหมู่บ้านมีบ่อน้ำเก่าแก่อยู่บ่อหนึ่ง
交换,我们交换了礼物。,We exchanged gifts.,เราแลกเปลี่ยนของขวัญกัน
交界,这里是两省的交界处。,This is the border between two provinces.,ที่นี่เป็นเขตรอยต่อของสองมณฑล
亦,他会说英语，亦懂法语。,"He speaks English, and also knows French.",เขาพูดภาษาอังกฤษได้ ทั้งยังเข้าใจภาษาฝรั่งเศสด้วย
产业,旅游产业发展迅速。,The tourism industry is developing rapidly.,อุตสาหกรรมท่องเที่ยวเติบโตอย่างรวดเร็ว
产地,请注明产品产地。,Please indicate the product's place of origin.,ช่วยระบุแหล่งผลิตของสินค้าด้วย
产物,这是时代发展的产物。,This is a product of the development of the times.,นี่คือผลผลิตจากการพัฒนาของยุคสมัย
产量,今年小麦产量很高。,This year's wheat output is very high.,ปีนี้ปริมาณผลผลิตข้าวสาลีสูงมาก
享有,这里享有很高的声誉。,This place enjoys a very high reputation.,ที่นี่มีชื่อเสียงเป็นที่ยกย่องอย่างสูง
亲,他亲手做了这份礼物。,He made this gift with his own hands.,เขาลงมือทำของขวัญชิ้นนี้ด้วยมือตัวเอง
亲切,老师对学生非常亲切。,The teacher is very kind to the students.,ครูเป็นกันเองและอบอุ่นกับนักเรียนมาก
亲密,他们俩关系很亲密。,The two of them have a close relationship.,ทั้งสองคนมีความสัมพันธ์ที่สนิทสนมกันมาก
亲爱,亲爱的朋友你好吗。,"Dear friend, how are you?",เพื่อนรัก สบายดีไหม?
亲眼,我亲眼看到了那件事。,I saw that happen with my own eyes.,ฉันเห็นเหตุการณ์นั้นกับตาตัวเอง
亲近,孩子和奶奶特别亲近。,The child is especially close to grandma.,เด็กคนนี้สนิทกับคุณย่าเป็นพิเศษ
人事,她在人事部工作。,She works in the human resources department.,เธอทำงานอยู่ในฝ่ายบุคคล
人力,这项工程需要大量人力。,This project requires a large amount of manpower.,โครงการนี้ต้องใช้กำลังคนจำนวนมาก
人口,这座城市人口众多。,This city has a large population.,เมืองนี้มีประชากรจำนวนมาก
人士,许多知名人士出席了。,Many well-known figures attended.,บุคคลผู้มีชื่อเสียงจำนวนมากมาร่วมงาน
人工,这是一片人工湖。,This is an artificial lake.,นี่เป็นทะเลสาบที่มนุษย์สร้างขึ้น
人性,这部小说深刻揭示了人性。,This novel deeply reveals human nature.,นิยายเรื่องนี้เผยธรรมชาติของมนุษย์อย่างลึกซึ้ง
人手,工地上现在缺人手。,The construction site is short of manpower right now.,ตอนนี้ไซต์ก่อสร้างขาดแรงคนอยู่
人格,诚实是一种人格魅力。,Honesty is a kind of personal charm.,ความซื่อสัตย์เป็นเสน่ห์อย่างหนึ่งของบุคลิกภาพ
人民,政府应该为人民服务。,The government should serve the people.,รัฐบาลควรรับใช้ประชาชน
人群,广场上挤满了人群。,The square was packed with crowds.,ที่ลานกว้างแน่นขนัดไปด้วยฝูงชน
人选,公司还没确定人选。,The company hasn't decided on a candidate yet.,บริษัทยังไม่ได้เลือกตัวบุคคลที่เหมาะสม
人造,这颗是人造卫星。,This is a man-made satellite.,ดวงนี้เป็นดาวเทียมที่มนุษย์สร้างขึ้น
仅仅,这仅仅是开始。,This is only the beginning.,นี่เป็นเพียงแค่จุดเริ่มต้นเท่านั้น
今日,今日事今日毕。,Finish today's work today.,เรื่องของวันนี้ทำให้เสร็จในวันนี้
仍旧,多年过去，他仍旧住在这里。,Many years have passed,หลายปีผ่านไป เขาก็ยังคงอยู่ที่นี่เหมือนเดิม
从中,他从中得到了不少启发。,He gained a lot of inspiration from it.,เขาได้แรงบันดาลใจจากเรื่องนั้นไม่น้อย
从早到晚,她从早到晚忙个不停。,She's busy nonstop from morning till night.,เธอยุ่งไม่หยุดตั้งแต่เช้าจรดค่ำ
从未,他从未去过北京。,He has never been to Beijing.,เขาไม่เคยไปปักกิ่งเลยสักครั้ง
仓库,货物都存放在仓库里。,The goods are all stored in the warehouse.,สินค้าทั้งหมดถูกเก็บไว้ในโกดัง
付,我来付这顿饭的钱。,I'll pay for this meal.,มื้อนี้ฉันจ่ายเอง
付款,请在网上付款。,Please pay online.,ช่วยชำระเงินผ่านทางออนไลน์
代,他代父亲出席。,He attended on his father's behalf.,เขาไปร่วมงานแทนพ่อ
以便,请提前预约以便安排。,Please book in advance so we can arrange things.,ช่วยจองล่วงหน้าเพื่อให้จัดเตรียมได้สะดวก
以免,请带伞以免淋雨。,Bring an umbrella to avoid getting rained on.,เอาร่มไปด้วยเพื่อไม่ให้เปียกฝน
以内,请在十分钟以内完成。,Please finish within ten minutes.,ช่วยทำให้เสร็จภายในสิบนาที
以往,他比以往更加努力了。,He is working harder than ever before.,ตอนนี้เขาขยันกว่าแต่ก่อนมาก
以至于,他太紧张，以至于说不出话。,He was so nervous that he couldn't speak.,เขาตื่นเต้นมากจนพูดไม่ออก
以致,他没复习，以致考试不及格。,He didn't review,เขาไม่ได้อ่านหนังสือทบทวน เลยสอบตก
仪器,实验室里有精密仪器。,The lab has precision instruments.,ในห้องทดลองมีเครื่องมือที่แม่นยำ
价,这个价我可以接受。,I can accept this price.,ราคานี้ฉันรับได้
价钱,这件衣服的价钱不贵。,The price of this piece of clothing isn't expensive.,เสื้อตัวนี้ราคาไม่แพง
任,他被任为项目经理。,He was appointed as the project manager.,เขาได้รับแต่งตั้งเป็นผู้จัดการโครงการ
任意,你可以任意选择座位。,You may choose any seat you like.,เธอเลือกที่นั่งได้ตามใจชอบ
仿佛,她仿佛没听见。,It seemed as if she hadn't heard.,เธอทำเหมือนไม่ได้ยิน
休想,你休想骗过我的眼睛。,Don't even think about fooling me.,อย่าหวังว่าจะหลอกตาฉันได้
休眠,这座火山已经休眠很久。,This volcano has been dormant for a long time.,ภูเขาไฟลูกนี้สงบนิ่งมานานแล้ว
休闲,周末适合休闲放松。,Weekends are good for leisure and relaxation.,วันหยุดสุดสัปดาห์เหมาะกับการพักผ่อนหย่อนใจ
众人,众人纷纷点头同意。,Everyone nodded in agreement.,ทุกคนพากันพยักหน้าเห็นด้วย
优质,这家工厂生产优质产品。,This factory produces high-quality products.,โรงงานนี้ผลิตสินค้าคุณภาพดี
优越,他家的经济条件十分优越。,His family's financial situation is very advantageous.,ฐานะทางการเงินของครอบครัวเขาดีมาก
优雅,她的动作十分优雅。,Her movements are very graceful.,ท่าทางของเธอสง่างามมาก
会场,会场里坐满了代表。,The meeting hall was filled with delegates.,ในห้องประชุมเต็มไปด้วยตัวแทน
会见,校长今天会见客人。,The principal is meeting guests today.,วันนี้ผู้อำนวยการพบปะแขก
会诊,几位专家为病人会诊。,Several experts held a consultation for the patient.,ผู้เชี่ยวชาญหลายคนร่วมกันวินิจฉัยอาการให้คนไข้
传奇,他的一生充满传奇色彩。,His life was full of legendary color.,ชีวิตของเขาเต็มไปด้วยสีสันแห่งตำนาน
传承,这门手艺代代传承。,This craft has been passed down through generations.,งานฝีมือนี้สืบทอดกันมาจากรุ่นสู่รุ่น
传授,老师向学生传授知识。,The teacher imparts knowledge to the students.,ครูถ่ายทอดความรู้ให้นักเรียน
传染,这种病会传染给别人。,This disease can be transmitted to others.,โรคนี้ติดต่อไปยังคนอื่นได้
传染病,医院正在预防传染病。,The hospital is preventing infectious disease.,โรงพยาบาลกำลังป้องกันโรคติดต่อ
传记,她读了一本名人传记。,She read a biography of a famous person.,เธออ่านหนังสือชีวประวัติของคนดัง
传达,他向大家传达了消息。,He conveyed the news to everyone.,เขาแจ้งข่าวให้ทุกคนได้รู้
伤口,医生正在处理伤口。,The doctor is treating the wound.,หมอกำลังทำแผลอยู่
伪装,他伪装成一名医生。,He disguised himself as a doctor.,เขาปลอมตัวเป็นหมอ
伯父,我伯父住在上海。,My uncle lives in Shanghai.,ลุงของฉันอาศัยอยู่ที่เซี่ยงไฮ้
伴,老人希望有个伴。,The old man wishes for a companion.,คนแก่อยากมีเพื่อนสักคนคอยอยู่ด้วย
伴随,成功往往伴随着汗水。,Success is often accompanied by hard work.,ความสำเร็จมักมาพร้อมกับหยาดเหงื่อ
位子,请帮我占一个位子。,Please save a seat for me.,ช่วยจองที่นั่งให้ฉันหน่อย
低下,他出身低下但很努力。,His background is humble but he works hard.,เขาเกิดมาต่ำต้อยแต่ก็ขยันมาก
低价,商店正在低价出售。,The store is selling at a low price.,ร้านกำลังขายในราคาถูก
低估,不要低估对手的实力。,Don't underestimate your opponent's strength.,อย่าประเมินคู่ต่อสู้ต่ำเกินไป
低温,冰箱要保持低温状态。,The fridge needs to stay at a low temperature.,ตู้เย็นต้องรักษาอุณหภูมิให้ต่ำ
住处,他终于找到了住处。,He finally found a place to live.,ในที่สุดเขาก็หาที่พักได้
住宅,这一带都是高档住宅。,This area is all upscale residences.,แถวนี้เป็นบ้านพักหรูทั้งนั้น
住房,政府增加了住房供应。,The government increased housing supply.,รัฐบาลเพิ่มการจัดหาที่อยู่อาศัย
体操,她从小练习体操。,She has practiced gymnastics since childhood.,เธอฝึกยิมนาสติกมาตั้งแต่เด็ก
体温,护士给病人量体温。,The nurse takes the patient's temperature.,พยาบาลวัดอุณหภูมิร่างกายให้คนไข้
体能,运动员每天训练体能。,Athletes train their physical fitness every day.,นักกีฬาฝึกสมรรถภาพร่างกายทุกวัน
体谅,请你多体谅他的难处。,Please be more understanding of his difficulties.,ช่วยเห็นใจความลำบากของเขาหน่อย
体贴,丈夫对她很体贴。,Her husband is very considerate towards her.,สามีเอาใจใส่เธอมาก
体重,他最近体重下降了。,His weight has dropped recently.,ช่วงนี้น้ำหนักของเขาลดลง
体面,他希望工作体面一点。,He hopes for a job with more dignity.,เขาอยากมีงานที่ดูมีหน้ามีตาหน่อย
何况,大人都累，何况小孩。,"Even adults get tired, let alone kids.",ขนาดผู้ใหญ่ยังเหนื่อยเลย นับประสาอะไรกับเด็ก
何必,你何必这么生气呢。,Why must you be so angry?,เธอจะต้องโกรธขนาดนี้ทำไม?
余,余今日甚感欣慰。,I feel quite gratified today.,วันนี้ข้าพเจ้ารู้สึกปลาบปลื้มยิ่งนัก
作战,士兵们勇敢地作战。,The soldiers fought bravely.,เหล่าทหารต่อสู้อย่างกล้าหาญ
作文,老师让我们写一篇作文。,The teacher asked us to write an essay.,ครูให้เราเขียนเรียงความหนึ่งเรื่อง
作风,他工作作风很严谨。,His work style is very rigorous.,สไตล์การทำงานของเขารอบคอบรัดกุมมาก
佳节,中秋佳节全家团圆。,"During the Mid-Autumn festive day, the whole family reunites.",เทศกาลไหว้พระจันทร์ ทั้งครอบครัวได้อยู่พร้อมหน้ากัน
使劲,他使劲推开了大门。,He pushed the door open with all his strength.,เขาออกแรงดันประตูจนเปิดออก
使者,他被派去当和平使者。,He was sent as an envoy of peace.,เขาถูกส่งไปเป็นทูตสันติภาพ
例外,这次考试没有一个例外。,This exam had no exceptions at all.,การสอบครั้งนี้ไม่มีข้อยกเว้นแม้แต่คนเดียว
供不应求,这种产品供不应求。,This product is in short supply.,สินค้าชนิดนี้ผลิตไม่ทันความต้องการ
供奉,村民在庙里供奉神像。,The villagers enshrine and worship a statue in the temple.,ชาวบ้านกราบไหว้บูชาเทวรูปในวัด
供求,价格由供求关系决定。,Price is determined by the relationship between supply and demand.,ราคาถูกกำหนดโดยความสัมพันธ์ระหว่างอุปสงค์และอุปทาน
供给,农场供给全城的蔬菜。,The farm supplies vegetables to the whole city.,ฟาร์มแห่งนี้ส่งผักให้ทั้งเมือง
依,孩子依靠父母生活。,Children rely on their parents for living.,เด็กๆ พึ่งพาพ่อแม่ในการใช้ชีวิต
依依不舍,朋友们依依不舍地告别。,The friends said goodbye reluctantly.,เพื่อนๆ ร่ำลากันอย่างอาลัยอาวรณ์
依托,小镇经济依托旅游业。,The town's economy relies on tourism.,เศรษฐกิจของเมืองเล็กๆ นี้พึ่งพาการท่องเที่ยว
依据,他依据事实做出判断。,He made a judgment based on the facts.,เขาตัดสินโดยอ้างอิงจากข้อเท็จจริง
依旧,她依旧每天早起锻炼。,She still gets up early to exercise every day.,เธอยังคงตื่นเช้ามาออกกำลังกายทุกวันเหมือนเดิม
依照,请依照规定办理手续。,Please handle the procedure according to regulations.,กรุณาดำเนินการตามระเบียบ
侧面,从侧面看这栋楼很高。,"Seen from the side, this building is very tall.",มองจากด้านข้าง ตึกนี้สูงมาก
侵占,他非法侵占了公司财产。,He illegally embezzled the company's assets.,เขาฮุบทรัพย์สินของบริษัทไปอย่างผิดกฎหมาย
便于,这个设计便于携带。,This design is convenient to carry.,ดีไซน์นี้พกพาสะดวก
便利,网购给生活带来便利。,Online shopping brings convenience to life.,การช้อปปิ้งออนไลน์ทำให้ชีวิตสะดวกสบายขึ้น
便捷,网上购物十分便捷。,Online shopping is very convenient.,การซื้อของออนไลน์สะดวกรวดเร็วมาก
便是,这便是我们的目标。,This is exactly our goal.,นี่แหละคือเป้าหมายของเรา
促使,这件事促使他改变。,This matter prompted him to change.,เรื่องนี้ผลักดันให้เขาเปลี่ยนแปลง
促销,商场正在举行促销活动。,The mall is holding a promotional sales event.,ห้างกำลังจัดกิจกรรมส่งเสริมการขาย
俗,每个地方都有自己的风俗。,Every place has its own customs.,แต่ละที่ต่างก็มีขนบธรรมเนียมของตัวเอง
俗话,俗话说得好，坚持就是胜利。,"As the saying goes, persistence is victory.",สุภาษิตกล่าวไว้ดี ความพยายามคือชัยชนะ
俗话说,俗话说熟能生巧。,"As the saying goes, practice makes perfect.",สุภาษิตว่าไว้ ยิ่งฝึกยิ่งชำนาญ
俗语,这句俗语大家都懂。,Everyone understands this common saying.,สำนวนนี้ทุกคนเข้าใจดี
保养,定期保养能延长车的寿命。,Regular maintenance can extend a car's lifespan.,การบำรุงรักษาอย่างสม่ำเสมอช่วยยืดอายุการใช้งานของรถ
保守,他的想法比较保守。,His ideas are rather conservative.,ความคิดของเขาค่อนข้างอนุรักษ์นิยม
保管,请把贵重物品保管好。,Please keep valuables in safekeeping.,ช่วยเก็บรักษาของมีค่าให้ดี
保险,他给汽车买了保险。,He bought insurance for his car.,เขาซื้อประกันให้รถยนต์
保障,政府保障公民的权利。,The government safeguards citizens' rights.,รัฐบาลคุ้มครองสิทธิของประชาชน
信仰,每个人都有自己的信仰。,Everyone has their own beliefs.,ทุกคนต่างก็มีศรัทธาความเชื่อของตัวเอง
信号,这里的手机信号很弱。,The phone signal here is very weak.,สัญญาณโทรศัพท์ที่นี่อ่อนมาก
信念,坚定的信念帮他渡过难关。,His firm belief helped him get through the crisis.,ความเชื่อมั่นที่แน่วแน่ช่วยให้เขาผ่านช่วงยากลำบากไปได้
信用,他很讲信用。,He values his word.,เขาเป็นคนรักษาคำพูด น่าเชื่อถือมาก
信誉,这家银行信誉很好。,This bank has a very good reputation.,ธนาคารนี้มีชื่อเสียงน่าเชื่อถือมาก
信赖,大家都很信赖他。,Everyone trusts him a lot.,ทุกคนไว้วางใจเขามาก
修养,他很有文化修养。,He has strong cultural refinement.,เขาเป็นคนมีภูมิความรู้ทางวัฒนธรรมสูง
修复,工人们修复了古建筑。,Workers restored the ancient building.,คนงานบูรณะอาคารเก่าแก่
修路,村里正在修路。,The village is repairing the road.,ในหมู่บ้านกำลังซ่อมถนน
倒下,他累得倒下就睡着了。,He was so tired he collapsed and fell asleep.,เขาเหนื่อยจนล้มลงแล้วหลับไป
倒霉,今天真是太倒霉了。,Today is really unlucky.,วันนี้ซวยจริงๆ เลย
候选人,三位候选人参加了辩论。,Three candidates joined the debate.,ผู้สมัครสามคนเข้าร่วมการโต้วาที
倚,她倚着窗户看风景。,She leaned against the window watching the scenery.,เธอพิงหน้าต่างมองวิว
借用,我想借用一下你的手机。,I'd like to borrow your phone for a moment.,ฉันขอยืมโทรศัพท์เธอหน่อยได้ไหม
借鉴,我们可以借鉴他人经验。,We can learn from others' experience.,เราเรียนรู้จากประสบการณ์ของคนอื่นได้
值班,今晚轮到我值班。,It's my turn to be on duty tonight.,คืนนี้ถึงคิวฉันเข้าเวร
值钱,这幅古画非常值钱。,This ancient painting is very valuable.,ภาพวาดโบราณนี้มีค่ามาก
倾向,他倾向于选择安静的生活。,He tends to choose a quiet life.,เขามีแนวโน้มที่จะเลือกใช้ชีวิตเงียบๆ
倾斜,这座塔明显向一边倾斜。,This tower clearly leans to one side.,หอคอยนี้เอียงไปด้านหนึ่งอย่างเห็นได้ชัด
倾诉,她向朋友倾诉烦恼。,She poured out her worries to her friend.,เธอระบายความกังวลใจให้เพื่อนฟัง
假使,假使明天下雨怎么办？,What if it rains tomorrow?,ถ้าพรุ่งนี้ฝนตกจะทำยังไง?
假定,我们先假定这个说法成立。,Let's first assume this statement is true.,เราลองสมมติก่อนว่าคำกล่าวนี้เป็นจริง
假装,他假装不认识我。,He pretended not to know me.,เขาแกล้งทำเป็นไม่รู้จักฉัน
假设,假设明天下雨怎么办。,"Suppose it rains tomorrow, what then?",สมมติว่าพรุ่งนี้ฝนตก แล้วจะทำยังไง?
偏,这幅画挂偏了。,This painting is hung crooked.,รูปนี้แขวนเอียงไป
偏偏,我出门偏偏忘带雨伞。,"As luck would have it, I forgot my umbrella.",พอจะออกจากบ้าน ดันลืมเอาร่มไปซะงั้น
偏僻,他住在一个偏僻的山村。,He lives in a remote mountain village.,เขาอาศัยอยู่ในหมู่บ้านบนภูเขาที่ห่างไกล
偏见,我们不应该对他人有偏见。,We shouldn't have prejudice against others.,เราไม่ควรมีอคติต่อคนอื่น
偏远,他在一个偏远的山村工作。,He works in a remote mountain village.,เขาทำงานในหมู่บ้านบนภูเขาที่ห่างไกล
停下,汽车突然停下了。,The car suddenly stopped.,รถหยุดกะทันหัน
停车位,商场里的停车位很紧张。,Parking spaces at the mall are very scarce.,ที่จอดรถในห้างหายากมาก
停顿,他说话时停顿了一下。,He paused for a moment while speaking.,ตอนพูดเขาหยุดชะงักไปครู่หนึ่ง
健全,国家正在健全法律制度。,The country is perfecting its legal system.,ประเทศกำลังทำให้ระบบกฎหมายสมบูรณ์ยิ่งขึ้น
健壮,这匹马长得又高又健壮。,This horse is tall and strong.,ม้าตัวนี้ทั้งสูงทั้งแข็งแรง
偶像,她是我心中的偶像。,She is my idol.,เธอเป็นไอดอลในใจฉัน
偷,有人偷了他的钱包。,Someone stole his wallet.,มีคนขโมยกระเป๋าเงินของเขาไป
偷偷,他偷偷溜出了教室。,He sneaked out of the classroom quietly.,เขาแอบเล็ดลอดออกจากห้องเรียน
傍晚,我们傍晚一起散步。,We take a walk together in the evening.,ตอนเย็นเราเดินเล่นด้วยกัน
储备,国家储备了大量粮食。,The country has stockpiled a large amount of grain.,ประเทศสำรองเสบียงอาหารไว้จำนวนมาก
储存,冰箱可以储存食物。,The fridge can store food.,ตู้เย็นเก็บอาหารได้
储蓄,她每月都坚持储蓄。,She saves money consistently every month.,เธอเก็บออมเงินอย่างสม่ำเสมอทุกเดือน
催,妈妈催我快点起床。,Mom urged me to get up quickly.,แม่เร่งให้ฉันรีบตื่น
催促,老师催促大家交作业。,The teacher urged everyone to hand in homework.,ครูเร่งให้ทุกคนส่งการบ้าน
催眠,轻柔的音乐能催眠。,Soft music can lull you to sleep.,เพลงเบาๆ ช่วยกล่อมให้หลับได้
傲,他从不骄傲自满。,He is never arrogant or complacent.,เขาไม่เคยหยิ่งผยองลำพองตน
傲慢,他的态度显得很傲慢。,His attitude seemed very arrogant.,ท่าทีของเขาดูหยิ่งยโสมาก
傻,别做这么傻的事情。,Don't do such a foolish thing.,อย่าทำเรื่องโง่ๆ แบบนี้
傻瓜,别把我当成傻瓜。,Don't treat me like a fool.,อย่ามาคิดว่าฉันเป็นคนโง่
元宵节,元宵节那天我们吃汤圆。,On the Lantern Festival we eat sweet rice balls.,วันเทศกาลโคมไฟเรากินบัวลอย
元旦,元旦那天我们放假。,We had a holiday on New Year's Day.,วันขึ้นปีใหม่เราหยุด
元素,水由两种元素组成。,Water is made up of two elements.,น้ำประกอบด้วยธาตุสองชนิด
元首,两国元首举行了会谈。,The two heads of state held talks.,ประมุขของสองประเทศจัดการเจรจา
兄弟,他们俩是亲兄弟。,The two of them are brothers.,พวกเขาสองคนเป็นพี่น้องแท้ๆ
充沛,他今天精力十分充沛。,He is full of energy today.,วันนี้เขามีเรี่ยวแรงเต็มเปี่ยม
充电器,我忘带充电器了。,I forgot to bring my charger.,ฉันลืมเอาที่ชาร์จมา
先前,情况比先前好多了。,The situation is much better than before.,สถานการณ์ดีขึ้นกว่าเมื่อก่อนมาก
先后,他们先后到达了机场。,They arrived at the airport one after another.,พวกเขาทยอยกันมาถึงสนามบิน
光彩,这场演出十分光彩夺目。,This performance was dazzlingly brilliant.,การแสดงครั้งนี้เจิดจ้าตระการตามาก
光明,未来充满了光明。,The future is full of light.,อนาคตเต็มไปด้วยความสดใสสว่างไสว
光滑,这块石头表面很光滑。,This stone's surface is very smooth.,ผิวของก้อนหินนี้เรียบลื่นมาก
光芒,太阳发出耀眼光芒。,The sun emits dazzling rays of light.,ดวงอาทิตย์เปล่งประกายแสงเจิดจ้า
光辉,太阳发出耀眼的光辉。,The sun gave off dazzling radiance.,ดวงอาทิตย์เปล่งรัศมีอันเจิดจ้า
克制,他努力克制自己的情绪。,He tried hard to control his emotions.,เขาพยายามข่มอารมณ์ตัวเอง
免,这次考试免了作文。,This exam exempted the essay section.,การสอบครั้งนี้ยกเว้นส่วนเรียงความ
免不了,第一次上台免不了紧张。,"First time on stage, nervousness is unavoidable.",ขึ้นเวทีครั้งแรก ยังไงก็ต้องตื่นเต้นเป็นธรรมดา
免疫,打疫苗能增强免疫能力。,Getting vaccinated boosts your immunity.,การฉีดวัคซีนช่วยเสริมภูมิคุ้มกัน
入侵,敌军试图入侵边境。,The enemy tried to invade the border.,กองทัพศัตรูพยายามรุกรานชายแดน
入门,这本书适合初学者入门。,This book is suitable for beginners to get started.,หนังสือเล่มนี้เหมาะสำหรับมือใหม่เริ่มต้น
全,他全都懂了。,He understood everything.,เขาเข้าใจทั้งหมดแล้ว
全体,全体同学都到齐了。,All the students have arrived.,นักเรียนทั้งหมดมากันครบแล้ว
全力,医生全力抢救病人。,The doctors made every effort to save the patient.,หมอทุ่มสุดกำลังช่วยชีวิตคนไข้
全力以赴,他全力以赴准备考试。,He is preparing for the exam with all his effort.,เขาทุ่มเทเต็มที่เพื่อเตรียมสอบ
全年,这家工厂全年不停工。,This factory operates without stopping all year.,โรงงานนี้เดินเครื่องตลอดทั้งปีไม่หยุด
全心全意,医生全心全意照顾病人。,The doctor cared for patients wholeheartedly.,หมอดูแลคนไข้อย่างสุดหัวใจ
全球,这是全球关注的问题。,This is an issue of global concern.,นี่เป็นปัญหาที่ทั่วโลกให้ความสนใจ
全程,他全程陪伴着病人。,He accompanied the patient the whole time.,เขาอยู่เป็นเพื่อนคนไข้ตลอดทั้งเส้นทาง
全能,她是学校的全能选手。,She is the school's all-round athlete.,เธอเป็นนักกีฬาที่เก่งรอบด้านของโรงเรียน
全身,他全身都湿透了。,He was soaked all over.,เขาเปียกโชกไปทั้งตัว
全长,这座桥全长两公里。,This bridge is two kilometers long in total.,สะพานนี้ยาวทั้งหมดสองกิโลเมตร
公主,这个故事讲的是一位公主。,This story is about a princess.,เรื่องนี้เล่าเกี่ยวกับเจ้าหญิงองค์หนึ่ง
公交车,我每天坐公交车上班。,I take the bus to work every day.,ฉันนั่งรถเมล์ไปทำงานทุกวัน
公众,这项政策受到公众关注。,This policy has drawn public attention.,นโยบายนี้ได้รับความสนใจจากสาธารณชน
公告,学校贴出了一张公告。,The school posted an announcement.,โรงเรียนติดประกาศไว้แผ่นหนึ่ง
公寓,她住在一栋新公寓里。,She lives in a new apartment building.,เธออาศัยอยู่ในอพาร์ตเมนต์หลังใหม่
公布,学校公布了考试成绩。,The school announced the exam results.,โรงเรียนประกาศผลสอบ
公平,比赛结果非常公平。,The competition result is very fair.,ผลการแข่งขันยุติธรรมมาก
公开,公司公开了财务报告。,The company made its financial report public.,บริษัทเปิดเผยรายงานการเงินต่อสาธารณะ
公式,老师讲解了这个数学公式。,The teacher explained this math formula.,ครูอธิบายสูตรคณิตศาสตร์นี้
公益,他常常参加公益活动。,He often takes part in charity activities.,เขามักเข้าร่วมกิจกรรมเพื่อสาธารณประโยชน์
公约,两国签署了一项公约。,The two countries signed a convention.,สองประเทศลงนามในอนุสัญญาฉบับหนึ่ง
公认,他是公认的天才。,He is a publicly acknowledged genius.,เขาเป็นอัจฉริยะที่ทุกคนยอมรับ
公顷,这片农田有十公顷。,This farmland covers ten hectares.,ที่นาผืนนี้มีพื้นที่สิบเฮกตาร์
共,我们共花了百元。,We spent a hundred yuan in total.,เราจ่ายไปทั้งหมดร้อยหยวน
关头,危急关头他保持冷静。,At the critical moment he stayed calm.,ในช่วงวิกฤตเขายังคงสงบนิ่ง
关怀,老师给了学生很多关怀。,The teacher gave the students much care.,ครูมอบความห่วงใยให้นักเรียนมากมาย
关掉,睡觉前请关掉手机。,Please turn off your phone before sleeping.,ก่อนนอนช่วยปิดโทรศัพท์ด้วย
关机,睡觉前请关机。,Please turn off your phone before sleeping.,ก่อนนอนช่วยปิดเครื่องด้วย
关联,这两件事没有关联。,These two matters are unrelated.,สองเรื่องนี้ไม่เกี่ยวข้องกัน
关闭,商店晚上十点关闭。,The shop closes at ten at night.,ร้านปิดตอนสี่ทุ่ม
兴建,政府计划兴建一座大桥。,The government plans to build a large bridge.,รัฐบาลวางแผนสร้างสะพานใหญ่
兴致,大家兴致勃勃地出发了。,Everyone set off in high spirits.,ทุกคนออกเดินทางกันอย่างสนุกสนานเบิกบาน
兴起,这项运动近年兴起。,This sport has risen in recent years.,กีฬาชนิดนี้เพิ่งได้รับความนิยมในช่วงไม่กี่ปีมานี้
兴高采烈,孩子们兴高采烈地跑出去。,The children ran out full of excitement.,เด็กๆ วิ่งออกไปอย่างร่าเริงตื่นเต้น
兵,他年轻时当过兵。,He was a soldier when he was young.,ตอนหนุ่มเขาเคยเป็นทหาร
其余,其余的问题下次再说。,We'll discuss the rest of the questions next time.,คำถามที่เหลือไว้ค่อยว่ากันครั้งหน้า
其后,他先说了原因，其后作出决定。,"He first explained the reason, and afterward made the decision.",เขาบอกเหตุผลก่อน จากนั้นจึงตัดสินใจ
其间,旅行其间发生很多趣事。,During the trip many fun things happened.,ระหว่างการเดินทางมีเรื่องสนุกๆ เกิดขึ้นมากมาย
具体,请你说得更具体一些。,Please be more specific.,ช่วยพูดให้เจาะจงกว่านี้หน่อย
典型,这是一个典型的例子。,This is a typical example.,นี่เป็นตัวอย่างแบบฉบับ
养生,多喝水有助于养生。,Drinking more water helps with health maintenance.,ดื่มน้ำมากๆ ช่วยบำรุงสุขภาพ
兼职,他周末做兼职赚钱。,He does a part-time job on weekends.,วันหยุดเขาทำงานพาร์ตไทม์หาเงิน
兼顾,工作和家庭很难兼顾。,It's hard to balance work and family.,งานกับครอบครัวดูแลให้ลงตัวพร้อมกันได้ยาก
内向,他性格比较内向。,He has a rather introverted personality.,เขาเป็นคนค่อนข้างเก็บตัว
内在,她的内在美更重要。,Her inner beauty matters more.,ความงามภายในของเธอสำคัญกว่า
内外,全家内外都收拾干净了。,"The whole house, inside and out, was cleaned up.",ทั้งบ้านทั้งในและนอกถูกจัดเก็บจนสะอาด
内衣,冬天要穿保暖内衣。,In winter you should wear warm underwear.,หน้าหนาวต้องใส่ชุดชั้นในกันหนาว
内部,公司内部正在改革。,The company is undergoing internal reform.,ภายในบริษัทกำลังปฏิรูป
再也,他再也不迟到了。,He is never late again.,เขาไม่มาสายอีกเลย
再现,这部电影再现了历史场景。,This movie recreates historical scenes.,หนังเรื่องนี้จำลองภาพเหตุการณ์ในประวัติศาสตร์ขึ้นมาใหม่
再生,这种材料可以再生利用。,This material can be recycled and reused.,วัสดุชนิดนี้นำกลับมาใช้ใหม่ได้
冒,锅里冒出阵阵热气。,Steam kept rising from the pot.,ไอร้อนพุ่งออกมาจากหม้อเป็นระยะ
军事,这是一次军事演习。,This is a military exercise.,นี่คือการซ้อมรบทางทหาร
军人,他的父亲是一名军人。,His father is a serviceman.,พ่อของเขาเป็นทหาร
军队,军队正在边境驻守。,The army is stationed at the border.,กองทัพกำลังประจำการอยู่ที่ชายแดน
农产品,市场上卖新鲜的农产品。,The market sells fresh agricultural produce.,ตลาดขายสินค้าเกษตรสดๆ
冰雪,山顶终年覆盖着冰雪。,The mountaintop is covered with ice and snow year-round.,ยอดเขาปกคลุมด้วยน้ำแข็งและหิมะตลอดทั้งปี
冲击,疫情给经济带来了冲击。,The pandemic dealt a blow to the economy.,โรคระบาดสร้างแรงกระแทกต่อเศรษฐกิจ
冲突,两人因意见不同发生冲突。,The two had a conflict due to differing opinions.,สองคนเกิดความขัดแย้งกันเพราะความเห็นไม่ตรงกัน
决心,他下定决心要成功。,He made up his mind to succeed.,เขาตัดสินใจแน่วแน่ว่าจะต้องประสบความสำเร็จ
决策,公司做出了重要决策。,The company made an important decision.,บริษัทตัดสินใจเชิงนโยบายครั้งสำคัญ
况且,外面下雨，况且天也黑了。,"It's raining outside, and besides, it's already dark.",ข้างนอกฝนตก อีกอย่างฟ้าก็มืดแล้ว
冷气,房间里的冷气很足。,The air conditioning in the room is very strong.,แอร์ในห้องเย็นฉ่ำเลย
冷水,他每天早上用冷水洗脸。,He washes his face with cold water every morning.,เขาล้างหน้าด้วยน้ำเย็นทุกเช้า
冷淡,她对这个提议很冷淡。,She was quite indifferent to this proposal.,เธอเฉยเมยกับข้อเสนอนี้มาก
冷漠,他对陌生人很冷漠。,He is very cold toward strangers.,เขาเย็นชากับคนแปลกหน้ามาก
冷酷,他表现得十分冷酷。,He appeared extremely cold-hearted.,เขาแสดงออกอย่างเลือดเย็นมาก
冷酷无情,那个反派角色冷酷无情。,That villain is cold-blooded and merciless.,ตัวร้ายคนนั้นทั้งโหดเหี้ยมทั้งไร้ความปรานี
冻,河水已经冻成了冰。,The river water has already frozen into ice.,น้ำในแม่น้ำแข็งตัวเป็นน้ำแข็งแล้ว
净,请把桌子擦干净。,Please wipe the table clean.,ช่วยเช็ดโต๊ะให้สะอาดหน่อย
净化,这台机器可以净化空气。,This machine can purify the air.,เครื่องนี้ฟอกอากาศให้บริสุทธิ์ได้
准,他说得很准。,What he said is very accurate.,สิ่งที่เขาพูดแม่นมาก
准则,诚实是做人的准则。,Honesty is a principle for being a good person.,ความซื่อสัตย์เป็นหลักในการเป็นคนดี
凉爽,秋天的天气很凉爽。,The autumn weather is cool and refreshing.,อากาศฤดูใบไม้ร่วงเย็นสบาย
减压,运动是很好的减压方式。,Exercise is a great way to relieve stress.,การออกกำลังกายเป็นวิธีคลายเครียดที่ดีมาก
减弱,风势逐渐减弱了。,The wind gradually weakened.,ลมค่อยๆ อ่อนกำลังลง
凝固,水在零度以下会凝固。,Water solidifies below zero degrees.,น้ำจะแข็งตัวเมื่ออุณหภูมิต่ำกว่าศูนย์องศา
凝聚,团队凝聚着大家的心血。,The team embodies everyone's hard work.,ทีมนี้หลอมรวมความทุ่มเทของทุกคนไว้ด้วยกัน
凭,他凭实力赢得比赛。,He won the match on sheer ability.,เขาชนะการแข่งด้วยฝีมือล้วนๆ
凭借,他凭借努力考上了大学。,He got into university through hard work.,เขาสอบเข้ามหาวิทยาลัยได้ด้วยความพยายาม
凭着,她凭着毅力坚持下来。,She persisted by relying on willpower.,เธออดทนมาได้ด้วยความมุ่งมั่น
凶,那只狗看起来很凶。,That dog looks very fierce.,หมาตัวนั้นดูดุมาก
凶手,警察终于抓住了凶手。,The police finally caught the murderer.,ตำรวจจับฆาตกรได้ในที่สุด
凶猛,老虎的攻势非常凶猛。,The tiger's attack was extremely fierce.,การจู่โจมของเสือดุร้ายมาก
出人意料,比赛结果出人意料。,The result of the match was unexpected.,ผลการแข่งขันออกมาเหนือความคาดหมาย
出入,这栋楼只有一个出入口。,This building has only one entrance and exit.,ตึกนี้มีทางเข้าออกทางเดียว
出厂,这批产品今天出厂。,This batch of products ships from the factory today.,สินค้าล็อตนี้ออกจากโรงงานวันนี้
出口,出口在前面。,The exit is ahead.,ทางออกอยู่ข้างหน้า
出土,这些文物是刚出土的。,These relics were just excavated.,โบราณวัตถุพวกนี้เพิ่งขุดขึ้นมาจากดิน
出息,父母都希望孩子有出息。,Parents all hope their children will have a bright future.,พ่อแม่ทุกคนอยากให้ลูกมีอนาคตที่ดี
出手,他很快就把旧车出手了。,He quickly sold off his old car.,เขาขายรถเก่าออกไปอย่างรวดเร็ว
出游,假期我们全家出游。,"During the holiday, our whole family went on a trip.",ช่วงวันหยุดครอบครัวเราออกไปเที่ยวกันทั้งบ้าน
出版,这本书明年出版。,This book will be published next year.,หนังสือเล่มนี้จะตีพิมพ์ปีหน้า
出版社,这本书由知名出版社出版。,This book is published by a famous publisher.,หนังสือเล่มนี้จัดพิมพ์โดยสำนักพิมพ์ชื่อดัง
出示,请出示您的护照。,Please show your passport.,กรุณาแสดงหนังสือเดินทางของคุณ
出自,这句话出自一首古诗。,This line comes from an ancient poem.,ประโยคนี้มาจากบทกวีโบราณ
出血,他的手指出血了。,His finger is bleeding.,นิ้วของเขามีเลือดออก
出行,春节期间出行的人很多。,Many people travel during Spring Festival.,ช่วงตรุษจีนมีคนออกเดินทางกันเยอะมาก
出身,他出身于一个普通家庭。,He comes from an ordinary family.,เขาเกิดในครอบครัวธรรมดาทั่วไป
分外,今天的月亮分外圆。,Today's moon is especially round.,พระจันทร์คืนนี้กลมเป็นพิเศษ
分寸,说话要懂得分寸。,You should know the right measure when speaking.,พูดอะไรต้องรู้จักประมาณ
分工,团队成员分工明确。,The team members have clearly divided tasks.,สมาชิกในทีมแบ่งงานกันอย่างชัดเจน
分开,他们在车站分开了。,They parted ways at the station.,พวกเขาแยกกันที่สถานี
分成,大家把利润分成三份。,They split the profit into three shares.,ทุกคนแบ่งกำไรออกเป็นสามส่วน
分担,我们应该分担家务。,We should share the housework.,เราควรช่วยกันแบ่งเบางานบ้าน
分散,请大家不要分散注意力。,Please don't let your attention scatter.,ขอทุกคนอย่าปล่อยให้สมาธิกระจาย
分数,他这次考试分数很高。,He scored very high on this exam.,คะแนนสอบครั้งนี้ของเขาสูงมาก
分明,他的态度分明变了。,His attitude has clearly changed.,ท่าทีของเขาเปลี่ยนไปอย่างชัดเจน
分歧,他们在这个问题上有分歧。,They have differences of opinion on this issue.,พวกเขามีความเห็นแตกต่างกันในเรื่องนี้
分离,战争让一家人分离了。,War separated the family.,สงครามทำให้ครอบครัวต้องพลัดพรากจากกัน
分类,请把垃圾分类放好。,Please sort the garbage by category.,ช่วยแยกประเภทขยะให้เรียบร้อย
分辨,我很难分辨真假。,I find it hard to tell true from false.,ฉันแยกแยะของจริงของปลอมได้ยาก
分配,老师分配了打扫任务。,The teacher assigned the cleaning tasks.,คุณครูแบ่งหน้าที่ทำความสะอาดให้
分量,这份礼物很有分量。,This gift carries a lot of weight.,ของขวัญชิ้นนี้มีน้ำหนักมาก
切割,工人正在切割钢板。,Workers are cutting the steel plate.,คนงานกำลังตัดแผ่นเหล็ก
切实,我们要切实解决问题。,We need to genuinely solve the problem.,เราต้องแก้ปัญหาอย่างจริงจัง
切断,大风切断了电线。,The strong wind cut the power line.,ลมแรงพัดสายไฟขาด
刊登,这篇报道刊登在头版。,This report was published on the front page.,รายงานชิ้นนี้ตีพิมพ์อยู่บนหน้าหนึ่ง
划,他在纸上划了一条线。,He drew a line on the paper.,เขาขีดเส้นหนึ่งเส้นลงบนกระดาษ
划船,他们在湖上划船。,They rowed a boat on the lake.,พวกเขาพายเรือกันในทะเลสาบ
列入,这本书被列入必读书单。,This book was included in the required reading list.,หนังสือเล่มนี้ถูกจัดเข้าไปในรายชื่อหนังสือที่ต้องอ่าน
列车,这班列车马上就要出发。,This train is about to depart.,รถไฟขบวนนี้กำลังจะออกแล้ว
创伤,这场事故给他留下创伤。,This accident left him with a trauma.,อุบัติเหตุครั้งนี้ทิ้งบาดแผลไว้ให้เขา
创建,他们一起创建了这家公司。,They founded this company together.,พวกเขาก่อตั้งบริษัทนี้ขึ้นมาด้วยกัน
初中,他今年上初中一年级。,He is starting seventh grade this year.,ปีนี้เขาขึ้นมัธยมต้นปีที่หนึ่ง
初期,这是项目的初期阶段。,This is the initial stage of the project.,นี่คือช่วงเริ่มต้นของโครงการ
初级,这是初级汉语课本。,This is a beginner-level Chinese textbook.,นี่คือตำราภาษาจีนระดับต้น
初衷,他始终没有忘记初衷。,He never forgot his original intention.,เขาไม่เคยลืมความตั้งใจแรกเริ่มเลย
删,请把这段文字删掉。,Please delete this piece of text.,ช่วยลบข้อความส่วนนี้ออกไป
判,法院判他有罪。,The court ruled him guilty.,ศาลตัดสินว่าเขามีความผิด
利,这把刀非常锋利。,This knife is extremely sharp.,มีดเล่มนี้คมมาก
利息,银行存款有利息。,Bank deposits earn interest.,เงินฝากในธนาคารได้ดอกเบี้ย
利润,公司今年利润很高。,The company's profits are high this year.,ปีนี้บริษัทมีกำไรสูง
利益,公司重视员工的利益。,The company values employees' interests.,บริษัทให้ความสำคัญกับผลประโยชน์ของพนักงาน
别致,这个花瓶设计很别致。,This vase has a very unique design.,แจกันใบนี้ออกแบบได้แปลกไม่เหมือนใคร
到期,这张信用卡快到期了。,This credit card is about to expire.,บัตรเครดิตใบนี้ใกล้จะหมดอายุแล้ว
制品,商店卖各种皮革制品。,The store sells all kinds of leather products.,ร้านนี้ขายผลิตภัณฑ์จากหนังหลากหลายชนิด
制止,老师及时制止了争吵。,The teacher stopped the quarrel in time.,คุณครูเข้าห้ามการทะเลาะได้ทันเวลา
制约,环境会制约经济发展。,The environment can constrain economic development.,สิ่งแวดล้อมเป็นตัวจำกัดการพัฒนาเศรษฐกิจ
制订,公司制订了新计划。,The company drew up a new plan.,บริษัทวางแผนใหม่ขึ้นมา
刻意,他刻意避开了这个话题。,He deliberately avoided this topic.,เขาจงใจเลี่ยงหัวข้อนี้
剂,医生给他开了一种药剂。,The doctor prescribed him a medicine.,หมอสั่งยาชนิดหนึ่งให้เขา
前不久,他前不久刚搬了家。,He just moved not long ago.,เขาเพิ่งย้ายบ้านไปเมื่อไม่นานมานี้
前后,春节前后天气很冷。,It's cold around the Spring Festival.,ช่วงราวๆ ตรุษจีนอากาศหนาวมาก
前往,代表团前往北京访问。,The delegation is traveling to Beijing for a visit.,คณะผู้แทนเดินทางไปเยือนปักกิ่ง
前提,诚实是信任的前提。,Honesty is the premise of trust.,ความซื่อสัตย์เป็นเงื่อนไขเบื้องต้นของความไว้ใจ
前景,这个行业前景广阔。,This industry has broad prospects.,อุตสาหกรรมนี้มีอนาคตกว้างไกล
前期,项目前期准备很重要。,Early-stage preparation for a project is important.,การเตรียมงานในช่วงต้นของโครงการสำคัญมาก
前者,两个选择中我选前者。,Between the two choices I pick the former.,ในสองตัวเลือกนี้ ฉันเลือกอย่างแรก
前辈,他向前辈请教经验。,He asked a senior for advice from experience.,เขาขอคำแนะนำเรื่องประสบการณ์จากรุ่นพี่
前进,队伍勇敢地前进。,The team bravely advanced forward.,ขบวนเดินหน้าไปอย่างกล้าหาญ
前途,年轻人前途无量。,Young people have limitless prospects.,คนหนุ่มสาวมีอนาคตที่ไร้ขีดจำกัด
剧,这部剧非常感人。,This drama is very moving.,ละครเรื่องนี้ซึ้งกินใจมาก
剧本,她正在写一部剧本。,She is writing a script.,เธอกำลังเขียนบทละครอยู่
剧烈,他的心跳突然剧烈起来。,His heartbeat suddenly became violent.,หัวใจของเขาเต้นรุนแรงขึ้นมาทันที
剩,只剩下一个了。,Only one is left now.,เหลืออยู่แค่อันเดียวแล้ว
剪刀,请把剪刀递给我。,Please hand me the scissors.,ช่วยส่งกรรไกรให้ฉันหน่อย
副,他戴着一副眼镜。,He is wearing a pair of glasses.,เขาใส่แว่นตาอยู่หนึ่งอัน
副作用,这种药有一些副作用。,This medicine has some side effects.,ยาชนิดนี้มีผลข้างเคียงอยู่บ้าง
割,农民正在田里割麦子。,The farmer is cutting wheat in the field.,ชาวนากำลังเกี่ยวข้าวสาลีอยู่ในนา
力求,文章力求简洁明了。,The essay strives to be concise and clear.,บทความนี้พยายามอย่างยิ่งที่จะกระชับและชัดเจน
劝,朋友劝我别辞职。,My friend advised me not to quit.,เพื่อนเกลี้ยกล่อมฉันไม่ให้ลาออก
劝阻,老师劝阻他不要打架。,The teacher tried to dissuade him from fighting.,คุณครูห้ามปรามไม่ให้เขาชกต่อยกัน
办事,他去银行办事了。,He went to the bank to handle some business.,เขาไปธนาคารเพื่อทำธุระ
办公,他每天来这里办公。,He comes here to work every day.,เขามาทำงานที่นี่ทุกวัน
办理,请到窗口办理手续。,Please go to the counter to process the paperwork.,กรุณาไปที่เคาน์เตอร์เพื่อดำเนินเรื่องเอกสาร
功劳,这次成功有他的一份功劳。,This success has a share of his contribution.,ความสำเร็จครั้งนี้มีส่วนจากความดีความชอบของเขาด้วย
加入,她加入了篮球队。,She joined the basketball team.,เธอเข้าร่วมทีมบาสเกตบอล
加工,这些原料需要加工。,These raw materials need to be processed.,วัตถุดิบพวกนี้ต้องนำไปแปรรูป
加强,我们要加强身体锻炼。,We need to strengthen our physical exercise.,เราต้องเสริมการออกกำลังกายให้มากขึ้น
加深,这加深了他的印象。,This deepened his impression.,สิ่งนี้ทำให้ความประทับใจของเขาลึกซึ้งยิ่งขึ้น
加热,请把牛奶加热一下。,Please heat up the milk a bit.,ช่วยอุ่นนมให้หน่อย
加速,汽车开始加速前进。,The car began to accelerate forward.,รถเริ่มเร่งความเร็วพุ่งไปข้างหน้า
加重,压力加重了他的负担。,The pressure added to his burden.,ความกดดันทำให้ภาระของเขาหนักขึ้น
动人,这个故事非常动人。,This story is very touching.,เรื่องนี้ซึ้งกินใจมาก
动向,投资者密切关注市场动向。,Investors closely watch market trends.,นักลงทุนจับตาความเคลื่อนไหวของตลาดอย่างใกล้ชิด
动听,她的歌声非常动听。,Her singing voice is very pleasant to listen to.,เสียงร้องของเธอไพเราะน่าฟังมาก
动感,这首歌很有动感。,This song has a strong sense of movement.,เพลงนี้มีจังหวะเร้าใจมาก
动手,我们开始动手做实验。,We started to get to work on the experiment.,พวกเราเริ่มลงมือทดลอง
动荡,那段时期社会动荡不安。,Society was unstable and turbulent during that period.,ช่วงเวลานั้นสังคมวุ่นวายไม่สงบ
劳动,劳动创造了美好生活。,Labor creates a beautiful life.,การใช้แรงงานสร้างชีวิตที่ดีงาม
劳累,长期劳累对身体不好。,Prolonged fatigue is bad for one's health.,ความเหน็ดเหนื่อยเป็นเวลานานไม่ดีต่อสุขภาพ
势力,这个组织的势力很大。,This organization's power is very great.,อิทธิพลขององค์กรนี้ใหญ่มาก
勇往直前,他勇往直前，从不退缩。,He advances bravely and never retreats.,เขามุ่งไปข้างหน้าอย่างกล้าหาญ ไม่เคยถอย
勉强,他勉强答应了请求。,He reluctantly agreed to the request.,เขาฝืนใจตอบตกลงตามคำขอ
勤劳,她一直很勤劳能干。,She has always been hardworking and capable.,เธอเป็นคนขยันขันแข็งและเก่งมาตลอด
勿,请勿在此吸烟。,Please do not smoke here.,กรุณาอย่าสูบบุหรี่ที่นี่
包围,敌人被军队包围了。,The enemy was surrounded by the army.,ศัตรูถูกกองทัพล้อมไว้
包容,父母要包容孩子的错误。,Parents should tolerate their children's mistakes.,พ่อแม่ควรเปิดใจให้อภัยความผิดพลาดของลูก
包袱,他背着一个大包袱。,He carried a large bundle on his back.,เขาแบกห่อผ้าใหญ่ไว้บนหลัง
包装,这个礼物包装得很漂亮。,This gift is beautifully wrapped.,ของขวัญชิ้นนี้ห่อได้สวยงามมาก
匆匆,他匆匆吃完早饭就走了。,He hurriedly finished breakfast and left.,เขารีบกินข้าวเช้าเสร็จแล้วก็ออกไป
化妆,她每天早上都要化妆。,She puts on makeup every morning.,เธอแต่งหน้าทุกเช้า
化肥,农民往地里撒化肥。,The farmer scattered fertilizer on the field.,ชาวนาหว่านปุ๋ยเคมีลงในนา
化解,他们终于化解了误会。,They finally resolved the misunderstanding.,ในที่สุดพวกเขาก็คลี่คลายความเข้าใจผิดกันได้
化身,他被称为智慧的化身。,He is called the incarnation of wisdom.,เขาถูกเรียกว่าเป็นอวตารแห่งปัญญา
北极,北极的气候非常寒冷。,The climate at the North Pole is extremely cold.,ภูมิอากาศที่ขั้วโลกเหนือหนาวเย็นมาก
区域,这个区域禁止停车。,Parking is forbidden in this area.,บริเวณนี้ห้ามจอดรถ
医药,这家公司生产医药用品。,This company produces medical supplies.,บริษัทนี้ผลิตเวชภัณฑ์ทางการแพทย์
十字路口,车停在十字路口。,The car stopped at the intersection.,รถจอดอยู่ตรงสี่แยก
十足,他信心十足地回答。,He answered with full confidence.,เขาตอบอย่างมั่นใจเต็มเปี่ยม
千变万化,大自然的景色千变万化。,Nature's scenery is ever-changing.,ทิวทัศน์ของธรรมชาติเปลี่ยนแปลงไปได้สารพัด
升,太阳慢慢升起来了。,The sun slowly rose.,พระอาทิตย์ค่อยๆ ขึ้นมา
升级,手机系统需要升级了。,The phone's system needs an update.,ระบบมือถือต้องอัปเกรดแล้ว
升高,气温正在慢慢升高。,The temperature is gradually rising.,อุณหภูมิกำลังค่อยๆ สูงขึ้น
午睡,爷爷习惯饭后午睡。,Grandpa is used to taking a nap after lunch.,คุณปู่ชอบนอนกลางวันหลังกินข้าวเสร็จ
午餐,我们中午一起吃午餐。,Let's have lunch together at noon.,เที่ยงนี้เรามากินข้าวกลางวันด้วยกัน
华人,唐人街住着很多华人。,Many ethnic Chinese live in Chinatown.,ในไชน่าทาวน์มีคนเชื้อสายจีนอาศัยอยู่มากมาย
协助,他协助老师整理资料。,He assisted the teacher in organizing materials.,เขาช่วยคุณครูจัดระเบียบเอกสาร
协同,各部门协同完成任务。,All departments worked together to finish the task.,ทุกแผนกร่วมมือกันทำงานให้เสร็จ
协调,大家努力协调各方意见。,Everyone worked hard to coordinate the various opinions.,ทุกคนพยายามประสานความเห็นจากทุกฝ่าย
卓越,他做出了卓越的贡献。,He made an outstanding contribution.,เขาสร้างคุณูปการอันโดดเด่น
单,请把账单给我看看。,Please show me the bill.,ช่วยเอาบิลมาให้ฉันดูหน่อย
单位,他在一家新单位上班。,He works at a new company now.,ตอนนี้เขาทำงานอยู่ที่หน่วยงานใหม่
单独,他喜欢单独工作。,He likes working alone.,เขาชอบทำงานคนเดียว
单纯,她的想法很单纯。,Her way of thinking is very simple.,ความคิดของเธอเรียบง่ายบริสุทธิ์
单薄,他身体单薄，经不起严寒。,He is frail and cannot withstand severe cold.,ร่างกายของเขาบอบบาง ทนความหนาวจัดไม่ไหว
单调,这里的生活十分单调乏味。,Life here is extremely monotonous and dull.,ชีวิตที่นี่ช่างจำเจน่าเบื่อ
南瓜,妈妈用南瓜做了汤。,Mom made soup with pumpkin.,แม่ทำซุปด้วยฟักทอง
南边,学校在南边。,The school is on the south side.,โรงเรียนอยู่ทางทิศใต้
南部,台风影响了南部地区。,The typhoon affected the southern region.,พายุไต้ฝุ่นส่งผลกระทบต่อพื้นที่ทางภาคใต้
占,女性员工占了一半。,Female employees account for half.,พนักงานหญิงมีสัดส่วนครึ่งหนึ่ง
占据,敌军占据了这座城市。,The enemy army occupied this city.,กองทัพศัตรูเข้ายึดครองเมืองนี้
占用,请不要占用别人的位置。,Please don't occupy someone else's seat.,กรุณาอย่าไปนั่งที่ของคนอื่น
卫生,请保持教室卫生整洁。,Please keep the classroom clean and hygienic.,ช่วยรักษาความสะอาดของห้องเรียนให้เรียบร้อย
印刷,这本书采用彩色印刷技术。,This book uses color printing technology.,หนังสือเล่มนี้ใช้เทคโนโลยีการพิมพ์สี
印证,事实印证了他的猜测。,The facts confirmed his guess.,ข้อเท็จจริงยืนยันการคาดเดาของเขา
危急,病人情况十分危急。,The patient's condition is extremely critical.,อาการของคนไข้วิกฤตมาก
即便,即便下雨，我们也要去。,"Even if it rains, we will still go.",ถึงแม้ฝนจะตก เราก็จะไป
即可,填好表格即可。,Just fill out the form and you're done.,แค่กรอกแบบฟอร์มให้เสร็จก็พอ
即将,考试即将开始。,The exam is about to begin.,การสอบกำลังจะเริ่มขึ้นแล้ว
卵,这只鸟每年产下数枚卵。,This bird lays several eggs every year.,นกตัวนี้ออกไข่หลายฟองทุกปี
卷,他把海报卷起来。,He rolled up the poster.,เขาม้วนโปสเตอร์เก็บ
厂,父亲在一家钢铁厂工作。,My father works at a steel factory.,พ่อทำงานอยู่ที่โรงงานเหล็ก
厂长,他当上了这家工厂的厂长。,He became the director of this factory.,เขาได้ขึ้นเป็นผู้อำนวยการของโรงงานแห่งนี้
历来,诚实历来受到人们尊重。,Honesty has always been respected by people.,ความซื่อสัตย์เป็นสิ่งที่ผู้คนเคารพนับถือมาโดยตลอด
历程,他讲述了自己的奋斗历程。,He recounted his own struggle.,เขาเล่าถึงเส้นทางการต่อสู้ดิ้นรนของตัวเอง
压,别把箱子压坏了。,Don't crush the box.,อย่าไปทับกล่องจนพังนะ
压制,政府不应压制民众的言论。,The government should not suppress public speech.,รัฐบาลไม่ควรกดขี่การแสดงความคิดเห็นของประชาชน
压抑,房间的气氛十分压抑。,The atmosphere in the room was very oppressive.,บรรยากาศในห้องอึดอัดมาก
压缩,这个文件可以压缩后再发送。,This file can be compressed before sending.,ไฟล์นี้บีบอัดก่อนแล้วค่อยส่งได้
厌倦,他渐渐厌倦了这份工作。,He gradually grew weary of this job.,เขาเริ่มเบื่อหน่ายกับงานนี้ทีละน้อย
厕所,请问厕所在哪里？,"Excuse me, where is the restroom?",ขอโทษนะ ห้องน้ำอยู่ที่ไหน?
厘米,这张桌子高七十厘米。,This table is seventy centimeters tall.,โต๊ะตัวนี้สูงเจ็ดสิบเซนติเมตร
厚度,这块木板的厚度不够。,The thickness of this wooden board is insufficient.,ความหนาของแผ่นไม้นี้ไม่พอ
原先,原先的计划已经改变。,The original plan has already changed.,แผนเดิมได้เปลี่ยนไปแล้ว
原地,大家请原地等待。,Everyone please wait right where you are.,ทุกคนช่วยรออยู่กับที่
原始,这是这份文件的原始版本。,This is the original version of the document.,นี่คือเอกสารฉบับต้นฉบับ
原有,保持原有的样子。,Keep it as it originally was.,รักษาสภาพเดิมไว้
原材料,工厂缺乏原材料生产。,The factory lacks raw materials for production.,โรงงานขาดวัตถุดิบในการผลิต
去向,没人知道他的去向。,No one knows his whereabouts.,ไม่มีใครรู้ว่าเขาหายไปไหน
去处,这附近有很多好去处。,There are many great places nearby.,แถวนี้มีที่เที่ยวดีๆ หลายที่
去除,这种方法能去除污渍。,This method can remove stains.,วิธีนี้ช่วยขจัดคราบได้
参赛,他决定参赛。,He decided to compete.,เขาตัดสินใจเข้าร่วมแข่งขัน
叉,桌上放着一把叉。,There is a fork on the table.,บนโต๊ะมีส้อมวางอยู่
叉子,请给我一把叉子。,Please give me a fork.,ขอส้อมให้ฉันหน่อย
及其,他研究语言及其起源。,He studies language and its origins.,เขาศึกษาภาษาและต้นกำเนิดของมัน
及早,发现问题应及早解决。,Problems should be solved as early as possible.,พบปัญหาแล้วควรรีบแก้ไขแต่เนิ่นๆ
友人,他收到一位友人的来信。,He received a letter from a friend.,เขาได้รับจดหมายจากเพื่อนคนหนึ่ง
双向,这条路是双向车道。,This road has two-way lanes.,ถนนสายนี้เป็นถนนแบบสองทาง
双手,她用双手捧着花。,She held the flower with both hands.,เธอใช้สองมือประคองดอกไม้
双胞胎,这对双胞胎长得一模一样。,These twins look exactly alike.,ฝาแฝดคู่นี้หน้าเหมือนกันเป๊ะ
双重,他承受着双重压力。,He is bearing a double burden of pressure.,เขากำลังแบกรับความกดดันสองเท่า
反倒,批评反倒让他更努力。,The criticism instead made him work harder.,คำวิจารณ์กลับทำให้เขาพยายามมากขึ้น
反差,两地生活水平反差很大。,There is a big contrast in living standards between the two places.,ระดับความเป็นอยู่ของสองที่นี้แตกต่างกันมาก
反常,今年冬天的气温十分反常。,This winter's temperature is very abnormal.,อุณหภูมิหน้าหนาวปีนี้ผิดปกติมาก
反思,我们应该反思这次失败。,We should reflect on this failure.,เราควรไตร่ตรองทบทวนความล้มเหลวครั้งนี้
反感,大家对他的态度很反感。,Everyone is disgusted with his attitude.,ทุกคนรู้สึกรังเกียจท่าทีของเขา
反过来,反过来想问题就简单了。,Thinking about it the other way makes the problem simple.,ลองคิดกลับกันดู ปัญหาก็จะง่ายขึ้น
反面,请在纸的反面写下姓名。,Please write your name on the back of the paper.,ช่วยเขียนชื่อไว้ด้านหลังกระดาษด้วย
反馈,请给我们一些反馈。,Please give us some feedback.,ช่วยให้ข้อเสนอแนะกับเราหน่อย
发动,司机发动了汽车引擎。,The driver started the car's engine.,คนขับสตาร์ทเครื่องยนต์รถ
发射,火箭马上就要发射了。,The rocket is about to launch.,จรวดกำลังจะถูกยิงขึ้นแล้ว
发怒,老板因迟到而发怒。,The boss got angry because of the lateness.,เจ้านายโกรธเพราะมาสาย
发愁,他正为学费发愁。,He is worried about tuition.,เขากำลังกลุ้มใจเรื่องค่าเทอม
发扬,我们要发扬这种精神。,We should carry forward this spirit.,เราต้องสืบสานจิตวิญญาณแบบนี้ต่อไป
发扬光大,这门手艺被发扬光大。,This craft has been further developed and promoted.,มีการสืบสานและต่อยอดงานฝีมือแขนงนี้ให้เจริญรุ่งเรือง
发抖,他冷得浑身发抖。,He was shivering all over from the cold.,เขาหนาวจนตัวสั่นไปทั้งตัว
发掘,考古队发掘出古代文物。,The archaeological team excavated ancient artifacts.,ทีมนักโบราณคดีขุดพบโบราณวัตถุ
发放,公司按时发放工资。,The company pays wages on time.,บริษัทจ่ายเงินเดือนตรงเวลา
发源地,这里是中华文明的发源地。,This is the birthplace of Chinese civilization.,ที่นี่คือแหล่งกำเนิดอารยธรรมจีน
发电,这座水坝用于发电。,This dam is used to generate electricity.,เขื่อนนี้ใช้ผลิตกระแสไฟฟ้า
发病,这种病秋季容易发病。,This disease tends to occur in autumn.,โรคนี้มักกำเริบในฤดูใบไม้ร่วง
发育,孩子正处在发育阶段。,The child is currently in a growth stage.,เด็กกำลังอยู่ในช่วงเจริญเติบโต
发行,新专辑将于下月发行。,The new album will be released next month.,อัลบั้มใหม่จะวางจำหน่ายเดือนหน้า
发觉,他发觉钱包不见了。,He noticed his wallet was missing.,เขารู้สึกตัวว่ากระเป๋าเงินหายไป
发言,会议上他第一个发言。,He was the first to speak at the meeting.,ในที่ประชุมเขาเป็นคนแรกที่ลุกขึ้นพูด
发誓,他发誓永远不再说谎。,He vowed never to lie again.,เขาสาบานว่าจะไม่โกหกอีกต่อไป
发财,他梦想有一天能发财。,He dreams of getting rich someday.,เขาฝันว่าสักวันจะรวย
发起,学生们发起一场募捐活动。,The students initiated a fundraising campaign.,เหล่านักเรียนริเริ่มจัดกิจกรรมระดมทุน
发酵,面团需要发酵两小时。,The dough needs to ferment for two hours.,แป้งต้องหมักไว้สองชั่วโมง
取代,机器逐渐取代了人工。,Machines have gradually replaced manual labor.,เครื่องจักรค่อยๆ เข้ามาแทนที่แรงงานคน
取决于,成功取决于个人的努力。,Success hinges on one's own effort.,ความสำเร็จขึ้นอยู่กับความพยายามของแต่ละคน
取经,他去外地企业取经学习。,He went to companies elsewhere to learn from their experience.,เขาไปดูงานเรียนรู้ประสบการณ์จากบริษัทต่างถิ่น
取而代之,旧制度被新的取而代之。,The old system was replaced by a new one.,ระบบเก่าถูกระบบใหม่เข้ามาแทนที่
取胜,我们队最终取胜。,Our team finally won.,ทีมของเราชนะในที่สุด
受益,许多学生从中受益。,Many students benefited from it.,นักเรียนหลายคนได้รับประโยชน์จากสิ่งนี้
受过,这次失误由他一人受过。,He alone took the blame for this mistake.,ความผิดพลาดครั้งนี้เขารับผิดอยู่คนเดียว
受骗,他因贪心而受骗。,He was cheated because of his greed.,เขาถูกหลอกเพราะความโลภ
变为,水在零度以下变为冰。,Water turns into ice below zero degrees.,น้ำจะกลายเป็นน้ำแข็งเมื่ออุณหภูมิต่ำกว่าศูนย์องศา
变幻莫测,山顶天气变幻莫测。,The weather at the mountaintop is unpredictable.,อากาศบนยอดเขาเปลี่ยนแปลงคาดเดาไม่ได้
变革,科技推动社会不断变革。,Technology continuously drives social transformation.,เทคโนโลยีผลักดันให้สังคมเปลี่ยนแปลงอยู่ตลอด
叙述,他详细叙述了事情经过。,He described in detail how it happened.,เขาเล่ารายละเอียดเหตุการณ์ทั้งหมด
口号,大家高喊环保口号。,Everyone shouted environmental protection slogans.,ทุกคนตะโกนคำขวัญรักษ์สิ่งแวดล้อม
口味,每个人的口味不同。,Everyone's taste is different.,แต่ละคนชอบรสชาติไม่เหมือนกัน
口哨,他吹起了欢快的口哨。,He whistled a cheerful tune.,เขาผิวปากเป็นทำนองสนุกๆ
口感,这道菜口感十分细腻。,This dish has a very delicate texture.,อาหารจานนี้สัมผัสในปากละเอียดนุ่มมาก
口气,他说话的口气很坚定。,He spoke in a very firm tone.,น้ำเสียงที่เขาพูดหนักแน่นมาก
口水,小狗看到肉直流口水。,The dog drooled at the sight of meat.,เจ้าหมาน้อยเห็นเนื้อแล้วน้ำลายไหล
口语,他的口语说得很流利。,His spoken Chinese is very fluent.,ภาษาพูดของเขาคล่องมาก
古,这是一座古城。,This is an ancient city.,นี่คือเมืองโบราณ
古人,古人很重视礼仪。,Ancient people placed great importance on etiquette.,คนโบราณให้ความสำคัญกับมารยาทมาก
古今中外,这种情感古今中外皆同。,This emotion is the same at all times and in all places.,ความรู้สึกแบบนี้เหมือนกันไม่ว่ายุคไหนหรือที่ใด
古典,她喜欢古典音乐。,She likes classical music.,เธอชอบดนตรีคลาสสิก
古怪,那位老人性格十分古怪。,That old man has a very strange personality.,ชายชราคนนั้นนิสัยประหลาดมาก
古朴,这座小镇风格古朴典雅。,This small town has a simple unadorned and elegant style.,เมืองเล็กๆ แห่งนี้มีสไตล์เรียบง่ายแบบโบราณและสง่างาม
只见,抬头只见满天星星。,"Looking up, one saw a sky full of stars.",เงยหน้าขึ้นก็เห็นดาวเต็มท้องฟ้า
只顾,他只顾玩手机，不听课。,He was so absorbed in his phone that he ignored the lesson.,เขามัวแต่เล่นมือถือ ไม่ตั้งใจเรียน
召开,公司明天召开会议。,The company will hold a meeting tomorrow.,บริษัทจะจัดประชุมพรุ่งนี้
可信,这个消息来源并不可信。,This source of information is not trustworthy.,แหล่งข่าวนี้เชื่อถือไม่ได้
可想而知,结果如何可想而知。,The outcome goes without saying.,ผลลัพธ์จะเป็นยังไงก็เดาได้ไม่ยาก
可耻,撒谎欺骗他人十分可耻。,Lying to deceive others is very shameful.,การโกหกหลอกลวงคนอื่นเป็นเรื่องน่าละอายมาก
可见,由此可见他很努力。,"From this, it's clear he works hard.",จากตรงนี้ก็เห็นได้ชัดว่าเขาขยันมาก
可观,公司今年利润相当可观。,The company's profit this year is quite considerable.,กำไรของบริษัทปีนี้สูงพอสมควร
可贵,诚实的品质十分可贵。,Honesty is a very praiseworthy quality.,ความซื่อสัตย์เป็นคุณสมบัติที่น่ายกย่องมาก
可靠,这个消息很可靠。,This news is very reliable.,ข่าวนี้เชื่อถือได้มาก
台球,周末我们去打台球。,We're going to play billiards this weekend.,สุดสัปดาห์นี้เราจะไปเล่นบิลเลียดกัน
台阶,小心台阶，别摔倒。,"Watch the steps, don't fall.",ระวังขั้นบันไดด้วย อย่าหกล้ม
台风,这位歌手台风非常稳健。,This singer has very steady stage presence.,นักร้องคนนี้วางตัวบนเวทีได้นิ่งและมั่นใจมาก
号称,这里号称美食之都。,This place is known as a food paradise.,ที่นี่ได้ชื่อว่าเป็นเมืองแห่งอาหาร
叼,小狗叼着一根骨头跑开。,The puppy ran off holding a bone in its mouth.,ลูกหมาคาบกระดูกวิ่งหนีไป
吃不上,战乱年代百姓常吃不上饭。,In times of war ordinary people often couldn't get food to eat.,ในยุคสงครามชาวบ้านมักไม่มีข้าวจะกิน
吃力,他爬楼梯感到吃力。,He found climbing the stairs strenuous.,เขารู้สึกว่าการเดินขึ้นบันไดนั้นเหนื่อยและลำบาก
各地,游客来自世界各地。,Tourists come from all over the world.,นักท่องเที่ยวมาจากทั่วทุกมุมโลก
各自,会议结束后大家各自回家。,"After the meeting, everyone went home separately.",หลังประชุมเสร็จทุกคนต่างแยกย้ายกันกลับบ้าน
合情合理,他的解释合情合理。,His explanation is reasonable and fair.,คำอธิบายของเขาสมเหตุสมผล
合成,科学家成功合成新材料。,Scientists successfully synthesized a new material.,นักวิทยาศาสตร์สังเคราะห์วัสดุใหม่ได้สำเร็จ
合法,这样做完全合法。,Doing this is completely legal.,การทำแบบนี้ถูกกฎหมายทุกประการ
吉祥,红色代表吉祥如意。,Red represents good luck and fortune.,สีแดงเป็นสัญลักษณ์ของความเป็นสิริมงคล
同步,两台机器必须同步运转。,The two machines must operate synchronously.,เครื่องจักรสองเครื่องต้องทำงานให้สอดคล้องพร้อมกัน
名副其实,他是名副其实的专家。,He is a true expert in every sense.,เขาเป็นผู้เชี่ยวชาญตัวจริงสมชื่อ
名声,这件事损害了公司名声。,This matter damaged the company's reputation.,เรื่องนี้ทำให้ชื่อเสียงของบริษัทเสียหาย
名气,这家餐厅在本地很有名气。,This restaurant is quite famous locally.,ร้านอาหารร้านนี้มีชื่อเสียงในท้องถิ่นมาก
名片,他递给我一张名片。,He handed me a business card.,เขายื่นนามบัตรให้ฉันใบหนึ่ง
名著,他读完了这部世界名著。,He finished reading this world classic.,เขาอ่านวรรณกรรมชื่อดังของโลกเล่มนี้จบแล้ว
后代,我们应为后代保护环境。,We should protect the environment for future generations.,เราควรรักษาสิ่งแวดล้อมไว้เพื่อลูกหลานรุ่นหลัง
后期,电影后期制作很复杂。,A film's post-production is very complex.,ขั้นตอนการผลิตช่วงหลังของภาพยนตร์ซับซ้อนมาก
后果,你要承担后果。,You have to bear the consequences.,เธอต้องรับผลที่ตามมา
后退,遇到危险不要后退。,Don't retreat when facing danger.,เมื่อเจออันตรายอย่าถอยหนี
后遗症,这场病留下了后遗症。,This illness left lasting after-effects.,โรคครั้งนี้ทิ้งผลข้างเคียงเรื้อรังไว้
吐,他把口香糖吐进垃圾桶。,He spat the chewing gum into the trash can.,เขาบ้วนหมากฝรั่งลงถังขยะ
向前,队伍继续向前行进。,The team continued marching forward.,ขบวนเดินหน้าต่อไป
向往,孩子们向往自由自在的生活。,Children yearn for a free and easy life.,เด็กๆ ใฝ่ฝันถึงชีวิตที่อิสระเสรี
向来,他做事向来一丝不苟。,He has always been meticulous in his work.,เขาทำงานอย่างละเอียดรอบคอบมาโดยตลอด
向着,船向着大海前进。,The ship sails toward the sea.,เรือแล่นมุ่งหน้าสู่ทะเล
吓,那个声音吓了我一跳。,That sound gave me a fright.,เสียงนั้นทำฉันสะดุ้งตกใจ
否决,议会否决了这项提案。,The council vetoed this proposal.,สภาโหวตคว่ำข้อเสนอนี้
否认,他坚决否认这项指控。,He firmly denied this accusation.,เขาปฏิเสธข้อกล่าวหานี้อย่างหนักแน่น
吩咐,妈妈吩咐我早点回家。,Mom told me to come home early.,แม่สั่งให้ฉันกลับบ้านเร็วๆ หน่อย
含糊,他的回答很含糊。,His answer was quite vague.,คำตอบของเขาคลุมเครือมาก
听从,孩子应该听从父母的建议。,Children should heed their parents' advice.,ลูกๆ ควรเชื่อฟังคำแนะนำของพ่อแม่
启动,工程师重新启动了系统。,The engineer restarted the system.,วิศวกรเปิดระบบขึ้นมาใหม่อีกครั้ง
启蒙,这本书对儿童很有启蒙作用。,This book plays an important role in educating children.,หนังสือเล่มนี้มีบทบาทสำคัญในการเปิดโลกความรู้ให้เด็ก
启迪,这句话给了我很大启迪。,This sentence gave me great enlightenment.,ประโยคนี้จุดประกายความคิดให้ฉันอย่างมาก
吸,他深深地吸了一口气。,He took a deep breath.,เขาสูดหายใจเข้าลึกๆ
吸取,我们要吸取失败的教训。,We must draw lessons from failure.,เราต้องเรียนรู้บทเรียนจากความล้มเหลว
吸烟,公共场所禁止吸烟。,Smoking is prohibited in public places.,ห้ามสูบบุหรี่ในที่สาธารณะ
吼,狮子在草原上大声吼叫。,The lion roared loudly on the grassland.,สิงโตคำรามเสียงดังกลางทุ่งหญ้า
呈现,天空呈现出橙红色。,The sky took on an orange-red color.,ท้องฟ้าปรากฏเป็นสีส้มแดง
告,他要告诉我一个秘密。,He wants to tell me a secret.,เขาอยากบอกความลับให้ฉันฟัง
告知,请告知我们最新消息。,Please inform us of the latest news.,ช่วยแจ้งข่าวล่าสุดให้เราทราบด้วย
告示,墙上贴着一张告示。,A notice was posted on the wall.,บนกำแพงมีประกาศติดอยู่แผ่นหนึ่ง
告诫,老师告诫我们要小心。,The teacher warned us to be careful.,คุณครูกำชับให้เราระมัดระวัง
周到,服务员非常周到。,The waiter was very thoughtful.,พนักงานเสิร์ฟดูแลเอาใจใส่มาก
周密,我们制定了周密的计划。,We drew up a thorough plan.,เราวางแผนไว้อย่างรัดกุมรอบคอบ
周年,今年是公司成立十周年。,This year marks the company's tenth anniversary.,ปีนี้เป็นวาระครบรอบสิบปีของบริษัท
周期,月亮有固定的周期。,The moon has a fixed cycle.,ดวงจันทร์มีวัฏจักรที่แน่นอน
味儿,这汤真有味儿。,This soup really has flavor.,ซุปนี้มีรสชาติดีจริงๆ
呼吁,专家呼吁大家节约用水。,Experts are calling on everyone to conserve water.,ผู้เชี่ยวชาญเรียกร้องให้ทุกคนประหยัดน้ำ
呼救,溺水的人大声呼救。,The drowning person shouted for help.,คนที่กำลังจมน้ำตะโกนขอความช่วยเหลือ
和尚,山上住着一位老和尚。,An old monk lives on the mountain.,บนภูเขามีพระชรารูปหนึ่งอาศัยอยู่
和平,世界人民渴望和平。,People around the world long for peace.,ผู้คนทั่วโลกโหยหาสันติภาพ
和睦,一家人相处十分和睦。,The family gets along very harmoniously.,คนในครอบครัวอยู่ด้วยกันอย่างกลมเกลียว
和蔼,老师对学生十分和蔼。,The teacher is very kind to the students.,คุณครูใจดีกับนักเรียนมาก
咱,咱一起走吧。,Let's go together.,เราไปด้วยกันเถอะ
咳,他感冒后一直咳个不停。,He has been coughing nonstop since catching a cold.,เขาไอไม่หยุดเลยตั้งแต่เป็นหวัด
咽,他慢慢地咽下药片。,He slowly swallowed the pill.,เขาค่อยๆ กลืนยาเม็ดลงไป
品德,老师很重视学生的品德。,The teacher values students' moral character highly.,คุณครูให้ความสำคัญกับคุณธรรมของนักเรียนมาก
品行,老师十分注重学生品行。,The teacher places great emphasis on students' moral conduct.,คุณครูใส่ใจความประพฤติของนักเรียนอย่างมาก
品质,这款产品品质优良。,This product is of excellent quality.,สินค้ารุ่นนี้คุณภาพดีเยี่ยม
响亮,他的歌声十分响亮。,His singing voice is very loud and clear.,เสียงร้องของเขาดังกังวานมาก
响起,教室里突然响起铃声。,The bell suddenly rang out in the classroom.,จู่ๆ เสียงกริ่งก็ดังขึ้นในห้องเรียน
哲学,他在大学主修哲学。,He majors in philosophy at university.,เขาเรียนเอกปรัชญาที่มหาวิทยาลัย
唤起,这首歌唤起我的回忆。,This song awakened my memories.,เพลงนี้ปลุกความทรงจำของฉันขึ้นมา
唯,唯有努力才能成功。,Only through hard work can one succeed.,มีเพียงความพยายามเท่านั้นที่จะนำไปสู่ความสำเร็จ
唯独,别人都及格了，唯独他没有。,"Everyone else passed, only he did not.",คนอื่นสอบผ่านกันหมด มีเพียงเขาคนเดียวที่ไม่ผ่าน
商讨,双方正在商讨合作方案。,Both sides are discussing a cooperation plan.,ทั้งสองฝ่ายกำลังหารือแผนความร่วมมือ
啦,太好啦，我们成功了！,Great,ดีจังเลย เราทำสำเร็จแล้ว!
喂养,她每天喂养这些小猫。,She feeds these kittens every day.,เธอให้อาหารลูกแมวพวกนี้ทุกวัน
善,他一直乐善好施。,He has always been generous and charitable.,เขาเป็นคนใจบุญชอบช่วยเหลือผู้อื่นมาตลอด
善意,他的批评出于善意。,His criticism came from good intentions.,คำวิจารณ์ของเขามาจากความหวังดี
喇叭,汽车喇叭突然响了起来。,The car horn suddenly sounded.,แตรรถดังขึ้นมาทันที
喘,他爬完山累得直喘。,He was so tired from climbing the mountain that he kept panting.,เขาปีนเขาเสร็จเหนื่อยจนหอบ
喜出望外,听到消息他喜出望外。,He was overjoyed upon hearing the news.,เขาดีใจสุดๆ เมื่อได้ยินข่าว
喜剧,这部电影是一部喜剧。,This movie is a comedy.,หนังเรื่องนี้เป็นหนังตลก
喜庆,春节的气氛十分喜庆。,The Spring Festival atmosphere is very festive.,บรรยากาศวันตรุษจีนรื่นเริงมาก
喜怒哀乐,演员必须演绎喜怒哀乐。,An actor must portray the full range of human emotions.,นักแสดงต้องถ่ายทอดอารมณ์ทั้งสุขทุกข์โกรธเศร้า
喝彩,观众为她大声喝彩。,The audience cheered loudly for her.,ผู้ชมส่งเสียงเชียร์เธอดังลั่น
嗅觉,狗的嗅觉非常灵敏。,Dogs have a very keen sense of smell.,สุนัขมีประสาทรับกลิ่นที่ไวมาก
嘉宾,今晚的嘉宾是一位教授。,Tonight's honored guest is a professor.,แขกรับเชิญคืนนี้เป็นศาสตราจารย์
嘛,有问题就问嘛。,"If you have a question, just ask.",มีอะไรสงสัยก็ถามได้เลย
嘱咐,妈妈嘱咐我路上小心。,Mom told me to be careful on the way.,แม่กำชับให้ฉันระวังตัวระหว่างทาง
嘲笑,别嘲笑他的口音。,Don't mock his accent.,อย่าล้อเลียนสำเนียงของเขา
嘴巴,她张开嘴巴笑了。,She opened her mouth and laughed.,เธออ้าปากหัวเราะ
器材,体育馆里堆满了器材。,The gymnasium was piled full of equipment.,ในโรงยิมเต็มไปด้วยอุปกรณ์กีฬา
器械,健身房里有很多器械。,There is a lot of equipment in the gym.,ในฟิตเนสมีเครื่องออกกำลังกายเยอะมาก
噪声,工地的噪声让人烦躁。,The noise from the construction site is annoying.,เสียงรบกวนจากไซต์ก่อสร้างทำให้หงุดหงิด
噪音,工地的噪音很大。,The construction site is very noisy.,เสียงอึกทึกจากไซต์ก่อสร้างดังมาก
嚷,他生气地大声嚷起来。,He shouted angrily.,เขาตะโกนเสียงดังด้วยความโกรธ
四合院,他家住在一个四合院里。,His family lives in a traditional courtyard house.,บ้านของเขาอยู่ในบ้านโบราณแบบมีลานกลางล้อมรอบ
四周,四周静悄悄的，没有声音。,"It was quiet all around, with no sound at all.",รอบๆ เงียบสงัด ไม่มีเสียงใดๆ
四处,他四处寻找丢失的钱包。,He searched everywhere for his lost wallet.,เขาตามหากระเป๋าเงินที่หายไปทุกที่
四季,这里四季如春。,It's like spring here all year round.,ที่นี่เหมือนฤดูใบไม้ผลิตลอดทั้งปี
四面八方,客人从四面八方赶来。,Guests came rushing from all directions.,แขกเหรื่อหลั่งไหลมาจากทุกสารทิศ
回味,这道菜让人回味无穷。,This dish leaves an endless aftertaste to savor.,อาหารจานนี้กินแล้วชวนให้คิดถึงรสชาติไม่รู้ลืม
回想,他常常回想童年往事。,He often recalls memories from his childhood.,เขามักหวนนึกถึงเรื่องราวในวัยเด็กบ่อยๆ
回报,父母不求回报。,Parents ask for nothing in return.,พ่อแม่ไม่เคยหวังสิ่งตอบแทน
回收,这些瓶子可以回收利用。,These bottles can be recycled and reused.,ขวดพวกนี้นำกลับมาใช้ใหม่ได้
回避,他总是回避这个问题。,He always avoids this question.,เขาหลบเลี่ยงคำถามนี้เสมอ
回馈,公司决定回馈社会。,The company decided to give back to society.,บริษัทตัดสินใจตอบแทนสังคม
因人而异,治疗方法因人而异。,Treatment methods vary from person to person.,วิธีการรักษาแตกต่างกันไปในแต่ละคน
团体,这是一个公益团体。,This is a charitable organization.,นี่คือกลุ่มองค์กรเพื่อการกุศล
团圆,全家在春节团圆。,The whole family reunites during Spring Festival.,ทั้งครอบครัวมารวมตัวพร้อมหน้ากันในวันตรุษจีน
园地,这里是孩子们的园地。,This is a garden area for the children.,ที่นี่คือพื้นที่ของเด็กๆ
困扰,这个问题一直困扰着我。,This problem has been troubling me constantly.,ปัญหานี้รบกวนจิตใจฉันมาตลอด
围巾,她围着一条红色围巾。,She wore a red scarf.,เธอพันผ้าพันคอสีแดงไว้
围绕,会议围绕环保展开。,The meeting centered on environmental protection.,การประชุมมุ่งเน้นไปที่เรื่องการรักษาสิ่งแวดล้อม
固执,老人的脾气很固执。,The old man's temper is very stubborn.,คนแก่คนนี้นิสัยดื้อรั้นมาก
固然,成功固然重要，过程也重要。,"Success is important, of course, but so is the process.",ความสำเร็จนั้นสำคัญก็จริง แต่กระบวนการก็สำคัญเช่นกัน
国内,这是国内航班。,This is a domestic flight.,นี่คือเที่ยวบินในประเทศ
国土,军队保卫国土安全。,The army defends the security of the nation's territory.,กองทัพปกป้องความมั่นคงของดินแดนประเทศ
国籍,请填写你的国籍。,Please fill in your nationality.,กรุณากรอกสัญชาติของคุณ
图书,这里图书很齐全。,The books here are quite extensive.,หนังสือที่นี่มีครบครันมาก
图形,屏幕上显示一个图形。,A figure is displayed on the screen.,บนหน้าจอแสดงรูปทรงหนึ่งขึ้นมา
图纸,工程师正在看图纸。,The engineer is looking at the blueprint.,วิศวกรกำลังดูแบบแปลน
圆形,桌子是圆形的。,The table is round.,โต๊ะตัวนี้เป็นทรงกลม
圆满,婚礼办得非常圆满。,The wedding was a resounding success.,งานแต่งงานจัดได้อย่างราบรื่นสมบูรณ์แบบ
圈,他在纸上画了一个圈。,He drew a circle on the paper.,เขาวาดวงกลมลงบนกระดาษ
圈套,小心，这是一个圈套。,"Be careful, this is a trap.",ระวังนะ นี่คือกับดัก
土,花盆里装满了土。,The flowerpot was filled with soil.,ในกระถางเต็มไปด้วยดิน
土地,这片土地非常肥沃。,This land is extremely fertile.,ผืนดินนี้อุดมสมบูรณ์มาก
土豆,妈妈买了一袋土豆。,Mom bought a bag of potatoes.,แม่ซื้อมันฝรั่งมาถุงหนึ่ง
在场,事故发生时他不在场。,He was not present when the accident happened.,ตอนเกิดอุบัติเหตุเขาไม่ได้อยู่ในเหตุการณ์
在线,老师在线回答同学问题。,The teacher answers students' questions online.,คุณครูตอบคำถามนักเรียนออนไลน์
在职,他目前仍在职工作。,He is still currently employed.,ตอนนี้เขายังทำงานประจำอยู่
地下水,这个地区地下水很丰富。,This area has abundant groundwater.,พื้นที่นี้มีน้ำใต้ดินอุดมสมบูรณ์
地名,这个地名很难记。,This place name is hard to remember.,ชื่อสถานที่นี้จำยากมาก
地形,这里的地形十分复杂。,The terrain here is very complex.,ภูมิประเทศแถวนี้ซับซ้อนมาก
地步,事情严重到这个地步。,The situation has become this serious.,เรื่องมันร้ายแรงถึงขนาดนี้
地毯,客厅铺着一块地毯。,A rug is laid out in the living room.,ในห้องนั่งเล่นปูพรมไว้ผืนหนึ่ง
地狱,他形容那段经历如地狱。,He described that experience as hellish.,เขาบอกว่าประสบการณ์ครั้งนั้นเหมือนนรก
地理,我对中国地理很感兴趣。,I'm very interested in China's geography.,ฉันสนใจภูมิศาสตร์จีนมาก
地道,工人正在挖掘地道。,Workers are digging a tunnel.,คนงานกำลังขุดอุโมงค์
场地,比赛场地已经准备好。,The competition venue is already prepared.,สนามแข่งเตรียมพร้อมแล้ว
场景,这个场景令人感动。,This scene is deeply moving.,ฉากนี้ทำให้ซาบซึ้งใจ
坏事,他没做过坏事。,He has never done anything bad.,เขาไม่เคยทำเรื่องเลวร้าย
坏人,警察抓住了那个坏人。,The police caught the villain.,ตำรวจจับคนร้ายคนนั้นได้แล้ว
坏处,吃太多糖有坏处。,Eating too much sugar is harmful.,กินน้ำตาลมากเกินไปมีผลเสีย
坐落,学校坐落在山脚下。,The school is situated at the foot of the mountain.,โรงเรียนตั้งอยู่ที่เชิงเขา
坚信,我坚信努力会有回报。,I firmly believe hard work will pay off.,ฉันเชื่อมั่นว่าความพยายามจะได้ผลตอบแทน
坚决,他坚决反对这个计划。,He firmly opposes this plan.,เขาคัดค้านแผนนี้อย่างเด็ดขาด
坚固,这座桥梁十分坚固。,This bridge is very sturdy.,สะพานนี้แข็งแรงมาก
坚守,士兵坚守自己的岗位。,The soldier holds fast to his post.,ทหารยืนหยัดรักษาตำแหน่งของตัวเอง
坚实,这打下了坚实的基础。,This laid a solid foundation.,สิ่งนี้วางรากฐานที่มั่นคง
坚持不懈,他坚持不懈地训练。,He trains unremittingly without ever giving up.,เขาฝึกซ้อมอย่างไม่ย่อท้อ
坚硬,这块石头非常坚硬。,This stone is extremely hard.,หินก้อนนี้แข็งมาก
坚韧,她拥有坚韧的意志。,She has an unyielding will.,เธอมีจิตใจที่เข้มแข็งเหนียวแน่น
坛,他在文坛上很有名气。,He is well-known in the literary world.,เขามีชื่อเสียงมากในวงการวรรณกรรม
坟墓,村外有一座古老坟墓。,There's an ancient tomb outside the village.,นอกหมู่บ้านมีหลุมศพเก่าแก่อยู่แห่งหนึ่ง
坦然,他坦然面对了失败。,He faced the failure calmly.,เขาเผชิญหน้ากับความล้มเหลวอย่างสงบใจ
坦率,她坦率地说出真相。,She frankly spoke the truth.,เธอพูดความจริงออกมาอย่างตรงไปตรงมา
垂,柳枝垂在水面上。,The willow branches hang over the water's surface.,กิ่งหลิวห้อยลงเหนือผิวน้ำ
垂头丧气,他考试没考好，垂头丧气。,He did poorly on the exam and felt dejected.,เขาสอบได้ไม่ดี เลยหน้าเศร้าคอตก
型号,这台手机型号很新。,This phone's model is very new.,มือถือรุ่นนี้ใหม่มาก
垫,椅子上放着一个垫子。,A cushion is placed on the chair.,บนเก้าอี้มีเบาะวางอยู่ใบหนึ่ง
埋,他把宝藏埋在地下。,He buried the treasure underground.,เขาฝังสมบัติไว้ใต้ดิน
埋怨,他总是埋怨天气。,He always complains about the weather.,เขาชอบบ่นเรื่องอากาศอยู่เรื่อย
城里,他搬到城里工作。,He moved downtown to work.,เขาย้ายเข้าไปทำงานในเมือง
城镇,他从城镇搬到了乡下。,He moved from town to the countryside.,เขาย้ายจากในเมืองไปอยู่ชนบท
培育,农场培育出新品种。,The farm cultivated a new variety.,ฟาร์มเพาะพันธุ์ใหม่ขึ้นมา
基于,这个决定基于事实。,This decision is based on facts.,การตัดสินใจนี้อยู่บนพื้นฐานของข้อเท็จจริง
基因,这种疾病与基因有关。,This disease is related to genes.,โรคนี้เกี่ยวข้องกับยีน
基地,这里是空军训练基地。,This is an air force training base.,ที่นี่คือฐานฝึกของกองทัพอากาศ
基本上,任务基本上完成了。,The task is basically finished.,ภารกิจเสร็จไปเกือบหมดแล้ว
基金,他捐款设立了教育基金。,He donated money to set up an education fund.,เขาบริจาคเงินตั้งกองทุนการศึกษา
堂,学生们走进了礼堂。,The students walked into the auditorium.,นักเรียนเดินเข้าไปในหอประชุม
堆,院子里堆着一堆木材。,There's a pile of wood stacked in the yard.,ในลานบ้านมีไม้กองอยู่กองหนึ่ง
堕落,他渐渐变得堕落了。,He gradually became degenerate.,เขาค่อยๆ เสื่อมทรามลง
堪称,这部电影堪称经典。,This film can be rated as a classic.,หนังเรื่องนี้เรียกได้ว่าเป็นคลาสสิก
塑料,这个杯子是塑料的。,This cup is made of plastic.,แก้วใบนี้ทำจากพลาสติก
塑造,小说塑造了一个英雄形象。,The novel portrayed a heroic figure.,นวนิยายสร้างภาพของวีรบุรุษขึ้นมา
填充,玩偶里填充着棉花。,The doll is stuffed with cotton.,ในตุ๊กตายัดไส้ด้วยนุ่น
填写,请填写这张表格。,Please fill out this form.,กรุณากรอกแบบฟอร์มนี้
填空,请完成这道填空题。,Please complete this fill-in-the-blank question.,กรุณาทำข้อเติมคำในช่องว่างนี้ให้เสร็จ
境内,长江流经中国境内。,The Yangtze River flows within China's borders.,แม่น้ำแยงซีไหลผ่านภายในเขตแดนจีน
墓,他们去扫墓祭祖。,They went to sweep the tomb and honor their ancestors.,พวกเขาไปทำความสะอาดหลุมศพเซ่นไหว้บรรพบุรุษ
墙,墙上挂着一幅画。,A painting hangs on the wall.,บนกำแพงแขวนรูปภาพไว้รูปหนึ่ง
增多,城市的人口逐渐增多。,The city's population is gradually increasing.,ประชากรในเมืองเพิ่มขึ้นเรื่อยๆ
增大,压力使风险增大。,The pressure increases the risk.,ความกดดันทำให้ความเสี่ยงเพิ่มมากขึ้น
增添,这盏灯增添了不少情调。,This lamp added quite a bit of ambiance.,โคมไฟดวงนี้เพิ่มบรรยากาศขึ้นมาไม่น้อย
增进,旅行能增进彼此感情。,Traveling can strengthen mutual affection.,การเที่ยวช่วยเพิ่มพูนความรู้สึกดีๆ ต่อกัน
墨水,钢笔里没有墨水了。,The fountain pen has run out of ink.,ในปากกาหมึกซึมหมึกหมดแล้ว
壁画,墙上画着古老的壁画。,An ancient mural is painted on the wall.,บนกำแพงมีภาพจิตรกรรมฝาผนังเก่าแก่วาดอยู่
壮观,日出的景象十分壮观。,The sunrise is a spectacular sight.,ภาพพระอาทิตย์ขึ้นงดงามตระการตามาก
声明,公司发表了一份声明。,The company issued a statement.,บริษัทออกแถลงการณ์ฉบับหนึ่ง
声望,这位医生声望很高。,This doctor has a very high reputation.,หมอคนนี้มีชื่อเสียงสูงมาก
声誉,这家公司很注重声誉。,This company values its reputation highly.,บริษัทนี้ให้ความสำคัญกับชื่อเสียงมาก
壳,鸡蛋壳很容易碎。,Eggshells break very easily.,เปลือกไข่แตกง่ายมาก
处在,公司正处在困难时期。,The company is currently in a difficult period.,บริษัทกำลังอยู่ในช่วงเวลาที่ยากลำบาก
备受,这项政策备受关注。,This policy has received a great deal of attention.,นโยบายนี้ได้รับความสนใจอย่างมาก
复活,春天万物复活。,All things come back to life in spring.,ในฤดูใบไม้ผลิสรรพสิ่งกลับมีชีวิตอีกครั้ง
外交,两国建立外交关系。,The two countries established diplomatic relations.,สองประเทศสถาปนาความสัมพันธ์ทางการทูต
外婆,外婆做的饭菜真香。,The food my grandma makes is delicious.,อาหารที่ยายทำอร่อยจริงๆ
外形,这辆车的外形很时尚。,This car has a very stylish shape.,รูปทรงภายนอกของรถคันนี้ทันสมัยมาก
外衣,他脱下厚厚的外衣。,He took off his thick outer coat.,เขาถอดเสื้อคลุมหนาๆ ออก
外表,别只看外表判断一个人。,Don't judge a person just by their appearance.,อย่าตัดสินคนแค่จากรูปลักษณ์ภายนอก
外观,这栋楼的外观很独特。,This building's exterior looks very unique.,รูปลักษณ์ภายนอกของตึกนี้มีเอกลักษณ์มาก
外貌,不要只看一个人的外貌。,Don't judge a person only by their appearance.,อย่าดูคนแค่หน้าตาภายนอก
外部,问题来自外部环境。,The problem comes from the external environment.,ปัญหามาจากสภาพแวดล้อมภายนอก
多云,明天天气多云转晴。,Tomorrow will be cloudy turning to clear.,พรุ่งนี้อากาศมีเมฆมากแล้วจะแจ่มใส
多余,这些话完全是多余的。,Those words were completely unnecessary.,คำพูดพวกนี้เกินความจำเป็นทั้งนั้น
多元,这个城市文化十分多元。,This city's culture is very diverse.,วัฒนธรรมของเมืองนี้หลากหลายมาก
多功能,这是一款多功能手机。,This is a multifunctional phone.,นี่คือมือถืออเนกประสงค์
多样,这里的文化多样。,The culture here is diverse.,วัฒนธรรมที่นี่มีความหลากหลาย
夜,昨夜下了一场大雪。,It snowed heavily last night.,เมื่อคืนหิมะตกหนัก
夜班,他今晚要上夜班。,He has to work the night shift tonight.,คืนนี้เขาต้องเข้ากะกลางคืน
大于,十大于九是常识。,That ten is greater than nine is common sense.,สิบมากกว่าเก้าเป็นเรื่องสามัญสำนึก
大众,这首歌深受大众喜爱。,This song is deeply loved by the public.,เพลงนี้เป็นที่ชื่นชอบของคนทั่วไป
大体上,计划大体上已经完成。,The plan is basically complete overall.,โดยรวมแล้วแผนเสร็จเรียบร้อยแล้ว
大厦,这座大厦有五十层。,This building has fifty floors.,ตึกใหญ่หลังนี้มีห้าสิบชั้น
大吃一惊,消息让大家大吃一惊。,The news left everyone utterly astonished.,ข่าวนี้ทำให้ทุกคนตกใจมาก
大名鼎鼎,他是大名鼎鼎的作家。,He is a renowned writer.,เขาเป็นนักเขียนที่โด่งดังมาก
大多,学生大多很努力。,Most students work hard.,นักเรียนส่วนใหญ่ขยันมาก
大大,效率大大提高了。,Efficiency has been greatly improved.,ประสิทธิภาพเพิ่มขึ้นอย่างมาก
大夫,大夫给他开了药。,The doctor prescribed medicine for him.,หมอสั่งยาให้เขา
大意,请说说文章大意。,Please describe the main idea of the article.,ช่วยเล่าใจความสำคัญของบทความหน่อย
大批,工厂进口了大批原料。,The factory imported a large batch of raw materials.,โรงงานนำเข้าวัตถุดิบจำนวนมาก
大方,她出手非常大方。,She is extremely generous with her spending.,เธอใช้จ่ายอย่างใจกว้างมาก
大楼,这栋大楼有三十层。,This building has thirty floors.,ตึกหลังนี้มีสามสิบชั้น
大片,窗外是大片的稻田。,Outside the window is a vast expanse of rice fields.,นอกหน้าต่างเป็นทุ่งนาผืนกว้าง
大胆,他提出了一个大胆的计划。,He proposed a bold plan.,เขาเสนอแผนที่กล้าหาญ
大致,我大致了解了情况。,I roughly understood the situation.,ฉันเข้าใจสถานการณ์คร่าวๆ แล้ว
大街,大街上车水马龙。,The main street was bustling with traffic.,บนถนนใหญ่รถราขวักไขว่
大规模,工厂进行了大规模改造。,The factory underwent large-scale renovation.,โรงงานปรับปรุงครั้งใหญ่
大象,动物园里有一头大象。,There is an elephant at the zoo.,ในสวนสัตว์มีช้างหนึ่งตัว
大赛,他赢得了这次大赛。,He won this grand competition.,เขาชนะการแข่งขันครั้งใหญ่นี้
大门,他推开学校大门。,He pushed open the school's front gate.,เขาผลักประตูใหญ่ของโรงเรียนเปิดออก
天上,天上有很多星星。,There are many stars in the sky.,บนท้องฟ้ามีดาวเยอะแยะ
天分,她在音乐上很有天分。,She has great talent in music.,เธอมีพรสวรรค์ด้านดนตรีมาก
天地,年轻人应该闯出一片天地。,Young people should carve out their own world.,คนหนุ่มสาวควรออกไปบุกเบิกโลกของตัวเอง
天堂,这里简直就是天堂。,This place is simply paradise.,ที่นี่ราวกับสวรรค์เลย
天性,好奇是孩子的天性。,Curiosity is a child's innate nature.,ความอยากรู้อยากเห็นเป็นธรรมชาติของเด็ก
天文,他对天文很感兴趣。,He is very interested in astronomy.,เขาสนใจดาราศาสตร์มาก
天桥,行人从天桥上过马路。,Pedestrians cross the road via the overpass.,คนเดินเท้าข้ามถนนผ่านสะพานลอย
天然气,这栋楼使用天然气取暖。,This building uses natural gas for heating.,ตึกนี้ใช้ก๊าซธรรมชาติทำความอบอุ่น
天真,别再那么天真了。,Don't be so naive anymore.,อย่าไร้เดียงสาแบบนั้นอีกเลย
天赋,她在音乐上很有天赋。,She has great talent in music.,เธอมีพรสวรรค์ด้านดนตรีมาก
太阳能,这栋房子靠太阳能供电。,This house is powered by solar energy.,บ้านหลังนี้ใช้พลังงานแสงอาทิตย์ผลิตไฟฟ้า
夫妇,这对夫妇结婚十年了。,This couple has been married for ten years.,คู่สามีภรรยาคู่นี้แต่งงานกันมาสิบปีแล้ว
失业,疫情导致大量人失业。,The pandemic caused a large number of people to lose their jobs.,โรคระบาดทำให้คนตกงานจำนวนมาก
失传,这项手艺几乎失传了。,This craft has almost died out.,งานฝีมือนี้เกือบจะสูญหายไปแล้ว
失利,球队在决赛中失利。,The team suffered defeat in the final.,ทีมพ่ายแพ้ในรอบชิงชนะเลิศ
失控,汽车突然失控撞墙。,The car suddenly went out of control and hit the wall.,รถเสียการควบคุมกะทันหันแล้วชนกำแพง
失落,考试没考好，他很失落。,He felt down after doing poorly on the exam.,สอบได้ไม่ดี เขาเลยรู้สึกผิดหวังหดหู่
失误,这次失误代价很大。,This mistake came at a great cost.,ความผิดพลาดครั้งนี้ราคาแพงมาก
头晕,她突然感到头晕。,She suddenly felt dizzy.,จู่ๆ เธอก็รู้สึกเวียนหัว
头顶,小鸟落在他的头顶上。,A little bird landed on top of his head.,นกน้อยเกาะอยู่บนหัวของเขา
夸,老师夸他进步很快。,The teacher praised him for progressing quickly.,คุณครูชมเขาว่าพัฒนาเร็ว
夸大,请不要夸大事实。,Please don't exaggerate the facts.,กรุณาอย่าพูดเกินความจริง
夸张,他说话有点夸张。,He exaggerates a bit when he talks.,เขาพูดจาเว่อร์ไปหน่อย
夹,她用夹子夹住头发。,She used a clip to hold her hair.,เธอใช้กิ๊บหนีบผม
夺,选手奋力夺得冠军。,The athlete fought hard to seize the championship.,นักกีฬาสู้สุดใจคว้าแชมป์มาได้
奇特,这座建筑造型奇特。,This building has a peculiar shape.,อาคารหลังนี้มีรูปทรงแปลกตา
奉献,他为教育事业默默奉献。,He silently devoted himself to education.,เขาอุทิศตนให้กับงานการศึกษาอย่างเงียบๆ
奋力,他奋力游向岸边。,He swam toward the shore with all his might.,เขาว่ายเข้าหาฝั่งอย่างสุดกำลัง
奋斗,他一直为梦想奋斗。,He has always striven for his dream.,เขาต่อสู้เพื่อความฝันมาตลอด
奏效,这个方法终于奏效了。,This method finally worked.,วิธีนี้ในที่สุดก็ได้ผล
契机,这是转型的契机。,This is an opportunity for transformation.,นี่คือจังหวะสำคัญของการเปลี่ยนแปลง
奔,他奔向远方的家乡。,He rushed toward his distant hometown.,เขาวิ่งมุ่งหน้าสู่บ้านเกิดที่อยู่แสนไกล
奖励,老师奖励了优秀的学生。,The teacher rewarded the outstanding students.,คุณครูให้รางวัลนักเรียนที่เก่ง
奖品,冠军可以得到奖品。,The champion gets a prize.,ผู้ชนะจะได้รับของรางวัล
奖项,她获得了最佳奖项。,She won the top award.,เธอได้รับรางวัลยอดเยี่ยม
奠定,这次会议奠定了合作基础。,This meeting laid the foundation for cooperation.,การประชุมครั้งนี้วางรากฐานของความร่วมมือ
奢侈,出国旅游曾是奢侈的事。,Traveling abroad used to be a luxury.,การไปเที่ยวต่างประเทศเคยเป็นเรื่องหรูหรา
奥运会,中国将举办下一届奥运会。,China will host the next Olympic Games.,จีนจะเป็นเจ้าภาพจัดโอลิมปิกครั้งต่อไป
奶,早上喝一杯牛奶。,Drink a glass of milk in the morning.,ตอนเช้าดื่มนมหนึ่งแก้ว
好事,帮助别人是好事。,Helping others is a good thing.,การช่วยเหลือคนอื่นเป็นเรื่องดี
好人,他一直是个好人。,He has always been a good person.,เขาเป็นคนดีมาตลอด
好似,夜空好似一幅画。,The night sky seems like a painting.,ท้องฟ้ายามค่ำคืนราวกับภาพวาด
好坏,这件事的好坏很难说。,It's hard to say whether this is good or bad.,เรื่องนี้จะดีหรือร้ายบอกยาก
好学,这个孩子从小就好学。,This child has been eager to learn since childhood.,เด็กคนนี้ใฝ่เรียนมาตั้งแต่เล็ก
好心人,一位好心人帮了我们。,A kind-hearted person helped us.,คนใจดีคนหนึ่งช่วยเหลือเรา
好意,我们感谢你的好意。,We appreciate your kind intention.,เราขอบคุณสำหรับน้ำใจของคุณ
好感,他对她很有好感。,He has a favorable impression of her.,เขารู้สึกดีกับเธอมาก
好比,时间好比流水一去不返。,"Time is like flowing water, never to return.",เวลาเปรียบเหมือนสายน้ำที่ไหลไปไม่กลับมา
好转,他的病情正在好转。,His condition is improving.,อาการป่วยของเขากำลังดีขึ้น
好运,祝你考试有好运。,Wishing you good luck on the exam.,ขอให้โชคดีในการสอบนะ
如今,如今生活方便多了。,Nowadays life is much more convenient.,เดี๋ยวนี้ชีวิตสะดวกขึ้นเยอะ
如同,时间如同流水一样。,Time is like flowing water.,เวลาเหมือนกับสายน้ำ
如愿以偿,他终于如愿以偿考上了大学。,He finally got his wish and was admitted to university.,ในที่สุดเขาก็สมหวังสอบเข้ามหาวิทยาลัยได้
妇女,今天是国际妇女节。,Today is International Women's Day.,วันนี้เป็นวันสตรีสากล
妙,这个主意真是妙极了。,This idea is truly wonderful.,ไอเดียนี้เยี่ยมยอดจริงๆ
妨碍,噪音妨碍了大家休息。,The noise disturbed everyone's rest.,เสียงดังรบกวนการพักผ่อนของทุกคน
姑娘,那个姑娘长得很漂亮。,That girl is very pretty.,หญิงสาวคนนั้นหน้าตาสวยมาก
姓氏,请问您的姓氏是什么？,"Excuse me, what is your family name?",ขอถามหน่อย นามสกุลของคุณคืออะไร?
姿态,她以谦虚的姿态回答问题。,She answered the question with a humble attitude.,เธอตอบคำถามด้วยท่าทีถ่อมตน
威信,老师在班里很有威信。,The teacher has great authority in the class.,คุณครูมีบารมีในห้องเรียนมาก
娶,他打算明年娶她为妻。,He plans to marry her next year.,เขาวางแผนจะแต่งเธอเป็นภรรยาปีหน้า
嫌,他嫌房间太小了。,He complains that the room is too small.,เขาบ่นว่าห้องเล็กเกินไป
嫩,这块牛肉很嫩。,This piece of beef is very tender.,เนื้อวัวชิ้นนี้นุ่มมาก
子女,他很关心子女。,He cares a lot about his children.,เขาใส่ใจลูกๆ มาก
孕育,大地孕育着新的生命。,The earth nurtures new life.,ผืนแผ่นดินฟูมฟักชีวิตใหม่
字体,这种字体看起来很清晰。,This typeface looks very clear.,ฟอนต์แบบนี้ดูชัดเจนมาก
字迹,他的字迹十分工整。,His handwriting is very neat.,ลายมือของเขาเป็นระเบียบมาก
存放,行李可以存放在这里。,Luggage can be stored here.,กระเป๋าเดินทางฝากเก็บไว้ที่นี่ได้
存款,他把存款都取出来了。,He withdrew all of his savings.,เขาถอนเงินฝากออกมาทั้งหมด
季度,公司每个季度都开会。,The company holds a meeting every quarter.,บริษัทประชุมทุกไตรมาส
孤独,老人一个人生活很孤独。,The old man lives alone and feels lonely.,คนแก่อยู่คนเดียวเหงามาก
孤立,他在班上感到很孤立。,He feels very isolated in class.,เขารู้สึกโดดเดี่ยวมากในห้องเรียน
学术,这是一篇学术论文。,This is an academic paper.,นี่คือบทความวิชาการ
学科,数学是一门基础学科。,Mathematics is a foundational subject.,คณิตศาสตร์เป็นวิชาพื้นฐาน
学艺,他年轻时拜师学艺。,"In his youth, he apprenticed himself to learn a craft.",ตอนหนุ่มเขาฝากตัวเป็นศิษย์เรียนวิชา
学说,他提出了一种新学说。,He proposed a new theory.,เขาเสนอทฤษฎีใหม่
孵化,母鸡正在孵化鸡蛋。,The hen is incubating the eggs.,แม่ไก่กำลังฟักไข่
宁可,我宁可走路也不坐车。,I would rather walk than take a car.,ฉันยอมเดินดีกว่านั่งรถ
宁愿,我宁愿走路也不坐车。,I would rather walk than take a car.,ฉันยอมเดินดีกว่านั่งรถ
宁静,乡村的夜晚十分宁静。,The countryside night is very tranquil.,ค่ำคืนในชนบทเงียบสงบมาก
宇宙,宇宙非常广阔无边。,The universe is vast and boundless.,จักรวาลกว้างใหญ่ไพศาลไร้ขอบเขต
宇航员,他从小梦想成为宇航员。,Since childhood he has dreamed of becoming an astronaut.,เขาฝันอยากเป็นนักบินอวกาศมาตั้งแต่เด็ก
守,士兵日夜守着大门。,Soldiers guard the gate day and night.,ทหารเฝ้าประตูทั้งวันทั้งคืน
安检,请先通过安检。,Please go through security check first.,กรุณาผ่านจุดตรวจความปลอดภัยก่อน
安逸,退休后生活很安逸。,Life after retirement is comfortable and easy.,ชีวิตหลังเกษียณสุขสบาย
完好,这些文物保存完好。,These cultural relics are well preserved.,โบราณวัตถุเหล่านี้ถูกเก็บรักษาไว้อย่างสมบูรณ์
宏伟,这座宫殿十分宏伟。,This palace is very grand.,พระราชวังแห่งนี้ยิ่งใหญ่อลังการมาก
宏观,政府从宏观角度调控经济。,The government regulates the economy from a macro perspective.,รัฐบาลควบคุมเศรษฐกิจจากมุมมองมหภาค
宗教,每个国家都有不同宗教。,Every country has different religions.,ทุกประเทศมีศาสนาที่แตกต่างกัน
官,他年轻时就当上了官。,He became an official when he was young.,เขาได้เป็นข้าราชการตั้งแต่ยังหนุ่ม
定义,请给这个词下定义。,Please give a definition for this word.,ช่วยให้คำนิยามของคำนี้หน่อย
定位,手机可以帮你自动定位。,Your phone can automatically determine your location.,มือถือหาตำแหน่งของคุณได้เองอัตโนมัติ
定居,他们决定在国外定居。,They decided to settle abroad.,พวกเขาตัดสินใจไปตั้งรกรากที่ต่างประเทศ
定期,他定期去医院检查。,He goes to the hospital for regular check-ups.,เขาไปตรวจที่โรงพยาบาลเป็นประจำตามกำหนด
定论,这件事目前还没有定论。,There is no final conclusion on this matter yet.,เรื่องนี้ตอนนี้ยังไม่มีข้อสรุปที่แน่นอน
定金,他交了两千元定金。,He paid a two-thousand-yuan deposit.,เขาจ่ายเงินมัดจำไปสองพันหยวน
宝,这块玉是无价之宝。,This piece of jade is a priceless treasure.,หยกชิ้นนี้เป็นสมบัติล้ำค่า
宝宝,妈妈正在给宝宝喂奶。,The mother is feeding her baby.,แม่กำลังให้นมลูกน้อยอยู่
宝藏,岛上藏着一批宝藏。,A batch of treasure is hidden on the island.,บนเกาะมีขุมทรัพย์ซ่อนอยู่
宝贵,时间是最宝贵的。,Time is the most precious thing.,เวลาเป็นสิ่งที่มีค่าที่สุด
实习,她正在医院实习。,She is doing an internship at a hospital.,เธอกำลังฝึกงานอยู่ที่โรงพยาบาล
实事求是,我们做事要实事求是。,We should be practical and realistic in our work.,เราทำอะไรต้องยึดความจริงเป็นหลัก
实力,这支球队实力很强。,This team has strong strength.,ทีมนี้มีความสามารถแข็งแกร่งมาก
实地,专家去实地考察了情况。,Experts went to conduct an on-site investigation.,ผู้เชี่ยวชาญไปสำรวจสถานการณ์ถึงพื้นที่จริง
实惠,这家店的东西又实惠又好。,This shop's goods are both affordable and good.,ของร้านนี้ทั้งคุ้มค่าทั้งดี
实施,新政策将开始实施。,The new policy will begin to be implemented.,นโยบายใหม่กำลังจะเริ่มบังคับใช้
实物,展览会上展出了不少实物。,Many actual objects were displayed at the exhibition.,ในงานนิทรรศการมีของจริงจัดแสดงอยู่หลายชิ้น
实用,这个方法很实用。,This method is very practical.,วิธีนี้ใช้งานได้จริงมาก
实话,请你跟我说实话。,Please tell me the truth.,ช่วยบอกความจริงกับฉันหน่อย
实验室,学生们在实验室做实验。,The students are doing an experiment in the laboratory.,นักเรียนกำลังทดลองกันอยู่ในห้องแล็บ
宠,她家养了一只宠物狗。,Her family keeps a pet dog.,บ้านเธอเลี้ยงสุนัขไว้เป็นสัตว์เลี้ยงตัวหนึ่ง
客机,这架客机飞往北京。,This passenger plane is flying to Beijing.,เครื่องบินโดยสารลำนี้บินไปปักกิ่ง
宣泄,他通过运动宣泄压力。,He relieves stress through exercise.,เขาระบายความเครียดด้วยการออกกำลังกาย
宣称,该公司宣称产品无害。,The company claims its products are harmless.,บริษัทนี้ประกาศว่าผลิตภัณฑ์ไม่มีอันตราย
宫,他们参观了故宫。,They visited the Forbidden Palace.,พวกเขาไปเที่ยวชมพระราชวังต้องห้าม
宫廷,这是古代宫廷的服饰。,This is ancient palace-style clothing.,นี่คือเครื่องแต่งกายของราชสำนักสมัยโบราณ
宫殿,这座宫殿非常古老。,This palace is very ancient.,พระราชวังแห่งนี้เก่าแก่มาก
害虫,农民正在田里消灭害虫。,Farmers are eliminating pests in the fields.,ชาวนากำลังกำจัดแมลงศัตรูพืชอยู่ในนา
宴会,他们参加了一场宴会。,They attended a banquet.,พวกเขาไปร่วมงานเลี้ยงมา
家乡,我很想念我的家乡。,I miss my hometown a lot.,ฉันคิดถึงบ้านเกิดมาก
家园,战争摧毁了他们的家园。,The war destroyed their homeland.,สงครามทำลายบ้านเรือนของพวกเขาจนหมด
家长,家长会明天下午举行。,The parent-teacher meeting is tomorrow afternoon.,ประชุมผู้ปกครองจะจัดขึ้นบ่ายพรุ่งนี้
宽厚,他为人宽厚。,He is generous and tolerant.,เขาเป็นคนใจกว้างและเมตตา
宽广,大海显得十分宽广。,The sea appears extremely wide and vast.,ทะเลดูกว้างใหญ่ไพศาลมาก
宽敞,他们的新房子非常宽敞。,Their new house is very spacious.,บ้านใหม่ของพวกเขากว้างขวางมาก
宽阔,这条马路十分宽阔。,This road is very wide.,ถนนสายนี้กว้างมาก
寂静,深夜的街道十分寂静。,The street is very quiet late at night.,ถนนยามดึกเงียบสงัดมาก
寄托,这幅画寄托了他的思念。,This painting embodies his longing.,ภาพนี้ฝากความคิดถึงของเขาเอาไว้
密,这是一份密件。,This is a confidential document.,นี่คือเอกสารลับ
密度,这个城市人口密度很高。,This city has a high population density.,เมืองนี้มีความหนาแน่นของประชากรสูงมาก
密集,这里的人口十分密集。,The population here is very dense.,ประชากรที่นี่หนาแน่นมาก
富含,鸡蛋富含蛋白质。,Eggs are rich in protein.,ไข่อุดมไปด้วยโปรตีน
富裕,他们家生活很富裕。,Their family lives a prosperous life.,ครอบครัวเขาอยู่กันอย่างมั่งมี
寓意,这个故事寓意深刻。,This story has a profound moral.,เรื่องนี้มีความหมายแฝงที่ลึกซึ้ง
寓言,这是一则有名的寓言。,This is a famous fable.,นี่คือนิทานสอนใจที่มีชื่อเสียงเรื่องหนึ่ง
察看,警察下车察看事故现场。,The police got out to examine the accident scene.,ตำรวจลงจากรถไปตรวจดูที่เกิดเหตุ
对准,请把镜头对准目标。,Please aim the lens at the target.,ช่วยเล็งเลนส์ให้ตรงเป้าหมายหน่อย
对外,公司对外发布了消息。,The company released the news to the public.,บริษัทเผยแพร่ข่าวสู่ภายนอก
对应,每个问题都有对应的答案。,Every question has a corresponding answer.,ทุกคำถามมีคำตอบที่สอดคล้องกัน
对比,两张照片形成鲜明对比。,The two photos form a striking contrast.,ภาพสองภาพนี้ตัดกันอย่างชัดเจน
对白,这部电影的对白很精彩。,This movie's dialogue is wonderful.,บทสนทนาในหนังเรื่องนี้ยอดเยี่ยมมาก
对称,这幅图案左右对称。,This pattern is symmetrical left and right.,ลวดลายนี้สมมาตรซ้ายขวา
对联,春节家家户户都贴对联。,During Spring Festival every household puts up couplets.,ช่วงตรุษจีนทุกบ้านจะติดกลอนคู่
寻求,他决定寻求律师的帮助。,He decided to seek a lawyer's help.,เขาตัดสินใจไปขอความช่วยเหลือจากทนาย
导向,广告往往导向消费。,Advertising often steers people towards spending.,โฆษณามักชักนำไปสู่การจับจ่าย
导师,他是我读研究生的导师。,He is my mentor during my graduate studies.,เขาเป็นอาจารย์ที่ปรึกษาตอนฉันเรียนปริญญาโท
封闭,这条山路已经封闭了。,This mountain road has already been closed off.,ทางบนภูเขาเส้นนี้ถูกปิดไปแล้ว
射,阳光射进了房间。,Sunlight streamed into the room.,แสงแดดสาดเข้ามาในห้อง
射击,士兵在靶场练习射击。,Soldiers practice shooting at the firing range.,ทหารฝึกยิงปืนที่สนามยิงเป้า
将要,我们将要出发了。,We are about to set off.,เรากำลังจะออกเดินทางแล้ว
将近,这本书将近五百页。,This book is nearly five hundred pages long.,หนังสือเล่มนี้หนาเกือบห้าร้อยหน้า
尊严,每个人都应该有尊严。,Everyone should have dignity.,ทุกคนควรมีศักดิ์ศรี
尊贵,客人受到了尊贵的礼遇。,The guest received honored treatment.,เขาต้อนรับแขกอย่างสมเกียรติ
小品,晚会上有一个精彩的小品。,There was a wonderful comic sketch at the party.,ในงานมีละครสั้นตลกที่สนุกมากเรื่องหนึ่ง
小心翼翼,他小心翼翼地端着汤碗。,He carried the soup bowl very carefully.,เขาถือชามซุปอย่างระมัดระวังสุดๆ
小提琴,她每天练习拉小提琴。,She practices playing the violin every day.,เธอฝึกสีไวโอลินทุกวัน
小气,他对朋友很小气。,He is stingy with his friends.,เขางกกับเพื่อนมาก
小看,别小看这个问题。,Don't underestimate this problem.,อย่าดูถูกปัญหานี้
小贩,街边的小贩在叫卖水果。,A street peddler is hawking fruit.,พ่อค้าแผงลอยข้างถนนกำลังร้องขายผลไม้
小路,这条小路通往山顶。,This narrow path leads to the mountaintop.,ทางเล็กๆ เส้นนี้นำไปสู่ยอดเขา
小麦,这片田里种的是小麦。,Wheat is grown in this field.,ที่นาผืนนี้ปลูกข้าวสาลี
少女,那位少女爱唱歌跳舞。,That young girl loves singing and dancing.,หญิงสาวคนนั้นชอบร้องเพลงเต้นรำ
少有,这种情况十分少有。,This kind of situation is very rare.,สถานการณ์แบบนี้เกิดขึ้นได้ยากมาก
少量,汤里只需加少量的盐。,Only a small amount of salt needs to be added to the soup.,ในซุปแค่เติมเกลือนิดหน่อยก็พอ
尖,这把刀非常尖。,This knife is very sharp.,มีดเล่มนี้ปลายแหลมมาก
尖端,这是一项尖端科技。,This is a cutting-edge technology.,นี่คือเทคโนโลยีล้ำสมัย
尚,这项计划尚未完成。,This plan has not yet been completed.,แผนนี้ยังไม่เสร็จ
尚未,这个问题尚未解决。,This problem has not yet been resolved.,ปัญหานี้ยังไม่ได้แก้ไข
尤为,这个问题尤为重要。,This issue is especially important.,ปัญหานี้สำคัญเป็นพิเศษ
就医,他因病去医院就医。,He went to the hospital for medical treatment because of illness.,เขาไปหาหมอที่โรงพยาบาลเพราะป่วย
就是说,"也就是说,他不会来了。","In other words, he won't be coming.",พูดอีกอย่างก็คือ เขาจะไม่มาแล้ว
尴尬,他的问题让我很尴尬。,His question made me very embarrassed.,คำถามของเขาทำให้ฉันอึดอัดใจมาก
尺,他用尺量了桌子的长度。,He used a ruler to measure the table's length.,เขาใช้ไม้บรรทัดวัดความยาวของโต๊ะ
尺子,请把尺子借我用一下。,Please lend me the ruler for a moment.,ขอยืมไม้บรรทัดหน่อยนะ
尽力,我们一定尽力帮忙。,We will do our best to help.,เราจะช่วยอย่างเต็มที่แน่นอน
尽可能,请尽可能早点到达。,Please arrive as early as possible.,ช่วยมาให้เร็วที่สุดเท่าที่จะทำได้
尽头,他们走到了小路的尽头。,They walked to the end of the path.,พวกเขาเดินไปจนสุดทาง
尽情,大家在派对上尽情跳舞。,Everyone danced to their heart's content at the party.,ทุกคนเต้นรำกันอย่างสุดเหวี่ยงในงานปาร์ตี้
尽早,请大家尽早提交报告。,Please submit the report as early as possible.,ขอให้ทุกคนส่งรายงานให้เร็วที่สุด
局限,他的想法局限于经验。,His thinking is limited by his experience.,ความคิดของเขาถูกจำกัดอยู่แค่ประสบการณ์
局面,目前局面十分复杂。,The current situation is very complicated.,สถานการณ์ตอนนี้ซับซ้อนมาก
层出不穷,新的科技产品层出不穷。,New tech products keep emerging one after another.,สินค้าเทคโนโลยีใหม่ๆ ออกมาไม่หยุดหย่อน
屋子,这间屋子很干净。,This room is very clean.,ห้องนี้สะอาดมาก
屏幕,他的手机屏幕碎了。,His phone screen is cracked.,หน้าจอมือถือของเขาแตก
展出,这些作品正在展出。,These works are currently on display.,ผลงานเหล่านี้กำลังจัดแสดงอยู่
展开,他把地图展开看。,He unfolded the map to look at it.,เขากางแผนที่ออกดู
展现,美丽的风景展现在眼前。,A beautiful scene unfolded before our eyes.,ทิวทัศน์ที่สวยงามปรากฏอยู่ตรงหน้า
展示,他向大家展示了作品。,He showed his work to everyone.,เขาแสดงผลงานให้ทุกคนดู
展览会,这次展览会吸引了很多人。,This exhibition attracted many people.,งานนิทรรศการครั้งนี้ดึงดูดผู้คนมากมาย
属,老虎属于猫科动物。,Tigers belong to the cat family.,เสือจัดอยู่ในสัตว์ตระกูลแมว
屡次,他屡次提醒我注意安全。,He repeatedly reminded me to be safe.,เขาเตือนฉันให้ระวังความปลอดภัยอยู่หลายครั้ง
山区,他出生在山区。,He was born in a mountainous area.,เขาเกิดในเขตภูเขา
山峰,远处矗立着一座山峰。,A mountain peak stands in the distance.,ยอดเขาลูกหนึ่งตั้งตระหง่านอยู่ไกลๆ
山谷,河流穿过这片山谷。,The river flows through this valley.,แม่น้ำไหลผ่านหุบเขาแห่งนี้
山顶,我们终于爬到山顶。,We finally climbed to the mountaintop.,ในที่สุดเราก็ปีนขึ้นถึงยอดเขา
岁月,岁月改变了这座城市。,Time has changed this city.,กาลเวลาเปลี่ยนแปลงเมืองนี้ไป
岗位,他坚守在工作岗位上。,He stays firmly at his work post.,เขายืนหยัดอยู่ในตำแหน่งงานของตัวเอง
岛屿,这片海域有许多岛屿。,There are many islands in this sea area.,ทะเลบริเวณนี้มีเกาะแก่งอยู่มากมาย
岩石,山上到处都是岩石。,There are rocks everywhere on the mountain.,บนภูเขาเต็มไปด้วยหินผา
岸,船慢慢靠近岸边。,The boat slowly approached the shore.,เรือค่อยๆ เข้าใกล้ฝั่ง
峡谷,这条峡谷十分壮观。,This canyon is truly spectacular.,หุบเขาลึกแห่งนี้งดงามตระการตามาก
崇尚,这个民族崇尚勇敢。,This people esteem bravery.,ชนชาตินี้ยกย่องความกล้าหาญ
崇拜,孩子们崇拜自己的父母。,Children admire their own parents.,เด็กๆ ชื่นชมบูชาพ่อแม่ของตัวเอง
崛起,这座城市近年迅速崛起。,This city has risen rapidly in recent years.,เมืองนี้เติบโตรุ่งเรืองอย่างรวดเร็วในช่วงไม่กี่ปีนี้
崭新,他穿着一身崭新的西装。,He is wearing a brand-new suit.,เขาสวมสูทใหม่เอี่ยมทั้งชุด
巅峰,他的事业正处于巅峰。,His career is currently at its peak.,อาชีพการงานของเขากำลังอยู่ในจุดสูงสุด
川流不息,街上的车辆川流不息。,The traffic on the street flows without stopping.,รถราบนถนนวิ่งกันไม่ขาดสาย
工业,这座城市工业发达。,This city's industry is highly developed.,เมืองนี้มีอุตสาหกรรมเจริญก้าวหน้า
工作日,明天是工作日。,Tomorrow is a workday.,พรุ่งนี้เป็นวันทำงาน
工序,这道工序十分复杂。,This working procedure is very complicated.,ขั้นตอนการผลิตนี้ซับซ้อนมาก
工整,他的字写得十分工整。,His handwriting is very neat.,เขาเขียนตัวหนังสือเป็นระเบียบเรียบร้อยมาก
工艺,这件工艺品做得很精细。,This piece of craftwork is made very finely.,งานฝีมือชิ้นนี้ทำได้ประณีตมาก
巧,我们俩今天真巧遇见了。,What a coincidence that we ran into each other today.,วันนี้เราสองคนบังเอิญเจอกันจริงๆ
巨星,他是国际知名的巨星。,He is an internationally renowned superstar.,เขาเป็นซูเปอร์สตาร์ที่โด่งดังระดับโลก
巩固,我们要巩固学习成果。,We should consolidate our learning achievements.,เราต้องเสริมผลการเรียนให้มั่นคง
差别,两者之间差别不大。,There is not much difference between the two.,ทั้งสองอย่างแตกต่างกันไม่มาก
差距,城乡之间差距很大。,The gap between urban and rural areas is large.,ช่องว่างระหว่างเมืองกับชนบทห่างกันมาก
巴士,我们坐巴士去机场。,We're taking the bus to the airport.,เรานั่งรถบัสไปสนามบิน
市民,市民纷纷参与活动。,City residents actively took part in the event.,ชาวเมืองพากันเข้าร่วมกิจกรรม
布,政府对外公布了消息。,The government announced the news publicly.,รัฐบาลประกาศข่าวสู่สาธารณะ
布满,天空中布满了乌云。,The sky is covered with dark clouds.,ท้องฟ้าเต็มไปด้วยเมฆดำ
布置,她把房间布置得很温馨。,She decorated the room to be very cozy.,เธอจัดห้องได้อบอุ่นน่าอยู่มาก
师傅,这位师傅手艺很好。,This craftsman has excellent skills.,ช่างคนนี้ฝีมือดีมาก
师父,徒弟每天向师父学艺。,The apprentice learns skills from the master every day.,ลูกศิษย์เรียนวิชากับอาจารย์ทุกวัน
帐篷,我们在山上搭了帐篷。,We set up a tent on the mountain.,เรากางเต็นท์บนภูเขา
带动,新政策带动了经济发展。,The new policy has spurred economic development.,นโยบายใหม่ช่วยกระตุ้นการพัฒนาเศรษฐกิจ
带有,他的话带有讽刺意味。,His words carried a hint of sarcasm.,คำพูดของเขามีนัยเสียดสีอยู่
常人,他的力气超过常人。,His strength exceeds that of an ordinary person.,เขามีแรงมากกว่าคนธรรมดา
常年,他常年在外地工作。,He has worked away from home for years.,เขาทำงานอยู่ต่างถิ่นตลอดทั้งปี
常理,这件事完全不合常理。,This matter completely defies common sense.,เรื่องนี้ผิดหลักเหตุผลโดยสิ้นเชิง
常识,这是基本的生活常识。,This is basic common sense for daily life.,นี่คือความรู้พื้นฐานในการใช้ชีวิต
幅度,价格上涨的幅度很大。,The extent of the price increase is large.,ราคาขึ้นในระดับที่สูงมาก
幢,山坡上有一幢别墅。,There is a villa on the hillside.,บนเนินเขามีบ้านพักตากอากาศหลังหนึ่ง
干扰,手机信号受到干扰。,The phone signal was interfered with.,สัญญาณมือถือถูกรบกวน
干旱,今年这里发生了干旱。,There was a drought here this year.,ปีนี้ที่นี่เกิดภัยแล้ง
干活儿,工人正在地里干活儿。,The workers are working in the field.,คนงานกำลังทำงานอยู่ในไร่
平,这条路很平。,This road is very flat.,ถนนเส้นนี้ราบเรียบมาก
平凡,他过着平凡的生活。,He lives an ordinary life.,เขาใช้ชีวิตอย่างเรียบง่ายธรรมดา
平和,他说话的语气很平和。,His tone of voice is very gentle.,น้ำเสียงที่เขาพูดนุ่มนวลอ่อนโยนมาก
平均,他每天平均睡八小时。,He sleeps an average of eight hours a day.,เขานอนเฉลี่ยวันละแปดชั่วโมง
平坦,这条路很平坦好走。,This road is flat and easy to walk on.,ถนนเส้นนี้ราบเรียบเดินสบาย
平常,今天他表现得很平常。,Today he seemed quite ordinary.,วันนี้เขาทำตัวเหมือนปกติทั่วไป
平常心,比赛时要保持平常心。,One should stay calm during a competition.,เวลาแข่งต้องรักษาใจให้เป็นปกติ
平方米,这套房子九十平方米。,This apartment is ninety square meters.,บ้านหลังนี้เก้าสิบตารางเมตร
平民,战争让许多平民受苦。,War made many ordinary people suffer.,สงครามทำให้ประชาชนธรรมดาต้องทุกข์ทรมานมากมาย
平稳,飞机平稳地降落了。,The plane landed smoothly.,เครื่องบินร่อนลงจอดอย่างนุ่มนวลราบรื่น
平等,人人都应享有平等权利。,Everyone should enjoy equal rights.,ทุกคนควรมีสิทธิ์เท่าเทียมกัน
年度,这是公司的年度报告。,This is the company's annual report.,นี่คือรายงานประจำปีของบริษัท
年画,奶奶家墙上贴着年画。,New Year pictures are pasted on grandma's wall.,ที่ผนังบ้านคุณย่าติดภาพปีใหม่จีนไว้
幸亏,幸亏你及时提醒了我。,"Fortunately, you reminded me in time.",โชคดีที่เธอเตือนฉันได้ทันเวลา
幸好,幸好雨没有下大。,"Fortunately, the rain wasn't heavy.",โชคดีที่ฝนไม่ตกหนัก
幻觉,他产生了一种奇怪的幻觉。,He experienced a strange hallucination.,เขาเกิดภาพหลอนแปลกๆ ขึ้นมา
幼儿园,妹妹在幼儿园上学。,My younger sister attends kindergarten.,น้องสาวเรียนอยู่ที่โรงเรียนอนุบาล
幼稚,这种想法未免太幼稚。,This idea is really too childish.,ความคิดแบบนี้ออกจะเด็กเกินไป
广场,很多人在广场上跳舞。,Many people are dancing in the square.,มีคนมากมายเต้นรำอยู่ที่ลานกว้าง
广阔,未来的发展前景广阔。,The prospects for future development are vast.,อนาคตของการพัฒนานั้นกว้างไกล
庆幸,他庆幸自己没有迟到。,He is glad that he did not arrive late.,เขาดีใจที่ตัวเองมาไม่สาย
庆祝,大家一起庆祝生日。,Everyone celebrated the birthday together.,ทุกคนฉลองวันเกิดด้วยกัน
序,请按顺序排好队。,Please line up in order.,ช่วยเข้าแถวให้เป็นระเบียบตามลำดับหน่อย
应对,我们要冷静应对困难。,We need to calmly deal with the difficulty.,เราต้องรับมือกับความยากลำบากอย่างใจเย็น
应当,学生应当尊敬老师。,Students should respect their teachers.,นักเรียนควรเคารพครู
应有尽有,超市里的商品应有尽有。,The supermarket has everything one could need.,สินค้าในซูเปอร์มาร์เก็ตมีครบทุกอย่าง
应邀,歌手应邀参加了晚会。,The singer attended the evening party by invitation.,นักร้องได้รับเชิญมาร่วมงานเลี้ยง
应酬,他晚上常常出去应酬。,He often goes out for social engagements at night.,ตอนกลางคืนเขามักออกไปสังสรรค์เข้าสังคมบ่อยๆ
底,钥匙掉在箱子底下了。,The key fell to the bottom of the box.,กุญแจตกลงไปอยู่ก้นกล่อง
底下,猫躲在桌子底下。,The cat is hiding under the table.,แมวซ่อนอยู่ใต้โต๊ะ
庙,村子附近有一座庙。,There is a temple near the village.,ใกล้ๆ หมู่บ้านมีวัดอยู่แห่งหนึ่ง
庙会,春节期间村里有庙会。,There's a temple fair in the village during Spring Festival.,ช่วงตรุษจีนในหมู่บ้านมีงานวัด
庞大,这是一支庞大的军队。,This is a huge army.,นี่คือกองทัพขนาดมหึมา
废墟,地震过后只剩下废墟。,"After the earthquake, only ruins remained.",หลังแผ่นดินไหวเหลือแต่ซากปรักหักพัง
废物,别把废物乱扔在路边。,Don't throw waste around by the roadside.,อย่าทิ้งขยะเกลื่อนกลาดข้างทาง
度假,他们去海边度假一周。,They went to the seaside for a week's vacation.,พวกเขาไปพักผ่อนที่ชายทะเลหนึ่งสัปดาห์
庸俗,这部电影的情节很庸俗。,The plot of this movie is very vulgar.,เนื้อเรื่องของหนังเรื่องนี้หยาบคายไร้รสนิยม
延伸,这条路一直延伸到海边。,This road extends all the way to the seaside.,ถนนเส้นนี้ทอดยาวไปจนถึงชายทะเล
延缓,这种药能延缓衰老。,This medicine can slow down aging.,ยาชนิดนี้ช่วยชะลอความแก่ได้
延长,会议延长了半小时。,The meeting was extended by half an hour.,การประชุมยืดเวลาออกไปอีกครึ่งชั่วโมง
建成,这座桥去年建成。,This bridge was completed last year.,สะพานแห่งนี้สร้างเสร็จเมื่อปีที่แล้ว
建筑师,他梦想成为建筑师。,He dreams of becoming an architect.,เขาฝันอยากเป็นสถาปนิก
建筑物,这座建筑物历史悠久。,This building has a long history.,อาคารหลังนี้มีประวัติศาสตร์ยาวนาน
开业,这家餐厅下周开业。,This restaurant opens for business next week.,ร้านอาหารร้านนี้จะเปิดกิจการสัปดาห์หน้า
开创,他为公司开创了新局面。,He opened up a new situation for the company.,เขาบุกเบิกสถานการณ์ใหม่ๆ ให้กับบริษัท
开口,他半天没开口说话。,He didn't open his mouth to speak for a long time.,เขาไม่ยอมเอ่ยปากพูดอยู่นาน
开启,这把钥匙能开启大门。,This key can open the gate.,กุญแจดอกนี้เปิดประตูใหญ่ได้
开头,故事的开头十分吸引人。,The beginning of the story is very engaging.,ตอนเปิดเรื่องของเรื่องนี้น่าสนใจมาก
开学,下周就要开学了。,School starts next week.,สัปดาห์หน้าก็จะเปิดเทอมแล้ว
开展,学校开展了阅读活动。,The school launched a reading activity.,โรงเรียนจัดกิจกรรมการอ่านขึ้น
开张,新店今天正式开张。,The new store officially opened today.,ร้านใหม่เปิดร้านอย่างเป็นทางการวันนี้
开拓,公司正在开拓新市场。,The company is opening up a new market.,บริษัทกำลังบุกเบิกตลาดใหม่
开支,这个月家里开支很大。,The household expenses this month are very large.,เดือนนี้ค่าใช้จ่ายในบ้านสูงมาก
开朗,她性格非常开朗。,She has a very cheerful personality.,เธอเป็นคนนิสัยร่าเริงแจ่มใสมาก
开水,请给我一杯开水。,Please give me a cup of boiled water.,ขอน้ำต้มสุกให้ฉันแก้วหนึ่ง
开设,学校新开设了一门课程。,The school newly offered a course.,โรงเรียนเปิดสอนวิชาใหม่วิชาหนึ่ง
开辟,政府计划开辟新航线。,The government plans to open a new route.,รัฐบาลวางแผนจะเปิดเส้นทางเดินเรือใหม่
开通,这条地铁线刚开通。,This subway line just opened.,รถไฟใต้ดินสายนี้เพิ่งเปิดให้บริการ
异常,这次考试成绩异常出色。,This exam result was exceptionally outstanding.,คะแนนสอบครั้งนี้ดีเยี่ยมผิดปกติ
异性,青春期孩子开始关注异性。,Teenagers begin to notice the opposite sex.,เด็กวัยรุ่นเริ่มสนใจเพศตรงข้าม
弊端,这项制度存在不少弊端。,This system has quite a few flaws.,ระบบนี้มีข้อเสียอยู่ไม่น้อย
式,这是一种新式设计。,This is a new type of design.,นี่คือดีไซน์แบบใหม่
引,他引起了大家的注意。,He attracted everyone's attention.,เขาดึงความสนใจของทุกคน
引人注目,她的裙子十分引人注目。,Her dress is very eye-catching.,กระโปรงของเธอสะดุดตามาก
引入,学校引入了新的教材。,The school introduced new textbooks.,โรงเรียนนำตำราเรียนใหม่เข้ามาใช้
引发,这句话引发了争议。,This remark triggered controversy.,ประโยคนี้ทำให้เกิดการโต้เถียง
引用,他在文章里引用了名言。,He quoted a famous saying in his article.,เขาอ้างคำคมมาใช้ในบทความ
引领,他引领着队伍向前走。,He leads the team forward.,เขานำทีมเดินไปข้างหน้า
弟子,他收了三个弟子。,He took on three disciples.,เขารับลูกศิษย์สามคน
弥漫,浓雾弥漫在山谷之中。,Thick fog fills the valley.,หมอกหนาปกคลุมไปทั่วหุบเขา
弥补,他努力弥补自己的过错。,He worked hard to make up for his mistake.,เขาพยายามชดเชยความผิดของตัวเอง
弯,这条路突然转了个弯。,This road suddenly took a turn.,ถนนสายนี้จู่ๆ ก็หักโค้ง
弯曲,这条山路十分弯曲。,This mountain road is very winding.,ทางบนภูเขาสายนี้คดเคี้ยวมาก
弱点,每个人都有自己的弱点。,Everyone has their own weaknesses.,ทุกคนล้วนมีจุดอ่อนของตัวเอง
弹,士兵带着子弹。,The soldier carries bullets.,ทหารพกกระสุนติดตัว
强制,学校强制要求穿校服。,The school mandates wearing uniforms.,โรงเรียนบังคับให้ใส่ชุดนักเรียน
强劲,这台发动机动力强劲。,This engine has powerful strength.,เครื่องยนต์ตัวนี้มีกำลังทรงพลัง
强化,我们需要强化训练。,We need to intensify our training.,เราต้องฝึกให้เข้มข้นขึ้น
归,他终于回归故乡。,He finally returned to his hometown.,ในที่สุดเขาก็ได้กลับคืนสู่บ้านเกิด
归根到底,归根到底还是钱的问题。,"In the final analysis, it is still a matter of money.",สุดท้ายแล้วก็เป็นเรื่องเงินอยู่ดี
归纳,老师帮我们归纳重点。,The teacher helped us summarize the key points.,ครูช่วยเราสรุปประเด็นสำคัญ
归还,请把借的书按时归还。,Please return the borrowed book on time.,กรุณาคืนหนังสือที่ยืมไปให้ตรงเวลา
当下,他当下就答应了请求。,He agreed to the request right then.,เขาตอบตกลงคำขอทันทีตอนนั้นเลย
当中,他站在人群当中。,He stood among the crowd.,เขายืนอยู่ท่ามกลางฝูงชน
当代,他是当代著名的作家。,He is a famous contemporary writer.,เขาเป็นนักเขียนชื่อดังร่วมสมัย
当场,小偷被当场抓住了。,The thief was caught on the spot.,ขโมยโดนจับได้คาที่เลย
当天,我们当天就出发了。,We set off that very day.,เราออกเดินทางในวันนั้นเลย
当年,他常常回忆当年的往事。,He often recalls the events of those years.,เขามักนึกถึงเรื่องราวในสมัยนั้น
当成,大家把他当成了自己人。,Everyone regarded him as one of their own.,ทุกคนถือว่าเขาเป็นพวกเดียวกัน
录,请把会议内容录下来。,Please record the content of the meeting.,กรุณาบันทึกเนื้อหาการประชุมไว้
录制,这首歌是昨天录制的。,This song was recorded yesterday.,เพลงนี้อัดเมื่อวานนี้
录音,老师让我们听一段录音。,The teacher had us listen to a recording.,ครูให้เราฟังเสียงที่อัดไว้ท่อนหนึ่ง
录音机,他买了一台旧录音机。,He bought an old tape recorder.,เขาซื้อเครื่องอัดเสียงเก่ามาเครื่องหนึ่ง
形态,这种植物形态奇特。,This plant has a peculiar shape.,พืชชนิดนี้มีรูปทรงแปลกประหลาด
彩票,他中了一张彩票大奖。,He won a big lottery ticket prize.,เขาถูกรางวัลใหญ่จากลอตเตอรี่
彩色,他画了一幅彩色的画。,He painted a colorful picture.,เขาวาดภาพระบายสีภาพหนึ่ง
影星,这位影星非常受欢迎。,This film star is very popular.,ดาราหนังคนนี้ได้รับความนิยมมาก
影片,这部影片很受欢迎。,This film is very popular.,ภาพยนตร์เรื่องนี้ได้รับความนิยมมาก
彼此,大家应该彼此帮助。,Everyone should help each other.,ทุกคนควรช่วยเหลือกันและกัน
往事,他常常想起童年往事。,He often recalls childhood memories.,เขามักนึกถึงเรื่องราวในวัยเด็ก
往后,往后你要多加小心。,From now on you must be more careful.,ต่อจากนี้เธอต้องระวังตัวให้มากขึ้น
往来,两国之间往来密切。,The two countries have close dealings with each other.,สองประเทศไปมาหาสู่กันอย่างใกล้ชิด
征,他决定踏上征途。,He decided to set out on his journey.,เขาตัดสินใจก้าวออกสู่เส้นทางการเดินทางไกล
征服,登山者征服了这座高峰。,The climbers conquered this high peak.,นักปีนเขาพิชิตยอดเขาสูงลูกนี้ได้สำเร็จ
征求,公司正在征求员工意见。,The company is seeking employees' opinions.,บริษัทกำลังขอความคิดเห็นจากพนักงาน
征集,公司正在征集新方案。,The company is collecting new proposals.,บริษัทกำลังเปิดรับข้อเสนอใหม่ๆ
待,他打算在这里多待几天。,He plans to stay here a few more days.,เขาตั้งใจจะอยู่ที่นี่อีกสองสามวัน
很难说,结果还很难说。,The outcome is still hard to say.,ผลลัพธ์ยังพูดยากอยู่
徐徐,晚风徐徐吹进窗户。,The evening breeze blows slowly through the window.,ลมยามค่ำพัดเอื่อยๆ เข้ามาทางหน้าต่าง
得以,问题终于得以解决。,The problem was finally able to be resolved.,สุดท้ายปัญหาก็แก้ไขได้สำเร็จ
得分,他在比赛中连续得分。,He scored points repeatedly in the game.,เขาทำแต้มได้ติดต่อกันในการแข่งขัน
得知,他得知了这个好消息。,He learned this good news.,เขาได้รู้ข่าวดีนี้
循序渐进,学习应该循序渐进。,Learning should proceed step by step.,การเรียนควรค่อยเป็นค่อยไปทีละขั้น
循环,血液在体内循环。,Blood circulates within the body.,เลือดไหลเวียนอยู่ในร่างกาย
微不足道,这点困难微不足道。,This bit of difficulty is negligible.,ความยากลำบากแค่นี้เล็กน้อยจนไม่ต้องพูดถึง
微妙,两人关系变得微妙起来。,The relationship between the two became subtle.,ความสัมพันธ์ของสองคนเริ่มละเอียดอ่อนขึ้น
心事,她好像有什么心事。,She seems to have something on her mind.,เธอดูเหมือนมีเรื่องกังวลใจอะไรบางอย่าง
心声,这首歌唱出了我的心声。,This song expresses my innermost feelings.,เพลงนี้ร้องแทนความในใจของฉัน
心思,他猜不透她的心思。,He couldn't figure out what she was thinking.,เขาเดาความคิดในใจของเธอไม่ออก
心愿,他终于实现了心愿。,He finally fulfilled his cherished wish.,ในที่สุดเขาก็ทำความปรารถนาให้เป็นจริงได้
心爱,这是他最心爱的礼物。,This is his most beloved gift.,นี่คือของขวัญชิ้นที่เขารักที่สุด
心疼,妈妈看着我很心疼。,Mom looked at me with heartfelt concern.,แม่มองฉันแล้วรู้สึกสงสารเป็นห่วง
心目,他在我心目中很伟大。,In my mind he is truly great.,ในใจของฉัน เขายิ่งใหญ่มาก
心胸,他的心胸十分宽广。,He has a very broad-minded heart.,จิตใจของเขากว้างขวางมาก
心脏病,爷爷患有严重的心脏病。,Grandpa suffers from serious heart disease.,คุณปู่เป็นโรคหัวใจขั้นรุนแรง
心酸,听完故事，大家都感到心酸。,"After hearing the story, everyone felt sad.",ฟังเรื่องราวจบ ทุกคนก็รู้สึกเศร้าใจ
心里,她心里一直想着家人。,She has been thinking of her family in her heart.,ในใจเธอคิดถึงครอบครัวมาตลอด
心里话,他终于说出了心里话。,He finally spoke his true feelings.,ในที่สุดเขาก็พูดความในใจออกมา
必不可少,水是生活必不可少的。,Water is indispensable to life.,น้ำเป็นสิ่งที่ขาดไม่ได้ในการดำรงชีวิต
必将,这个计划必将成功。,This plan will inevitably succeed.,แผนนี้จะต้องสำเร็จอย่างแน่นอน
必然,失败是成功的必然过程。,Failure is an inevitable part of success.,ความล้มเหลวเป็นขั้นตอนที่หลีกเลี่ยงไม่ได้ของความสำเร็จ
必要,没有必要为此担心。,There is no need to worry about this.,ไม่จำเป็นต้องกังวลเรื่องนี้
忍受,她默默忍受着痛苦。,She silently endures the pain.,เธอทนความเจ็บปวดอย่างเงียบๆ
忘掉,他很快就忘掉了。,He quickly forgot about it.,เขาลืมมันไปอย่างรวดเร็ว
忙碌,他每天都很忙碌。,He is busy every day.,เขายุ่งอยู่ทุกวัน
忠实,他是一位忠实的读者。,He is a loyal reader.,เขาเป็นผู้อ่านที่ซื่อสัตย์
忧虑,她对未来感到忧虑。,She feels anxious about the future.,เธอรู้สึกกังวลเกี่ยวกับอนาคต
忧郁,他最近情绪十分忧郁。,He has been feeling very depressed lately.,ช่วงนี้อารมณ์ของเขาหม่นหมองมาก
快递,我的快递今天到了。,My package arrived today.,พัสดุของฉันมาถึงวันนี้
快速,他快速跑了过去。,He ran over quickly.,เขาวิ่งไปอย่างรวดเร็ว
快餐,中午我们简单吃点快餐。,At noon we simply had some fast food.,ตอนเที่ยงเรากินอาหารจานด่วนง่ายๆ
念念不忘,他对故乡念念不忘。,He can never forget his hometown.,เขาคิดถึงบ้านเกิดไม่เคยลืมเลือน
忽然,天忽然下起雨来。,Suddenly it started to rain.,จู่ๆ ฝนก็ตกลงมา
怀念,我很怀念童年的生活。,I fondly miss my childhood life.,ฉันคิดถึงชีวิตในวัยเด็กมาก
怀抱,母亲把孩子搂进怀抱。,The mother pulled the child into her embrace.,แม่โอบลูกเข้าสู่อ้อมกอด
怀着,她怀着喜悦回到家乡。,She returned to her hometown filled with joy.,เธอกลับบ้านเกิดด้วยความยินดี
思念,她十分思念远方的家人。,She deeply misses her family far away.,เธอคิดถึงครอบครัวที่อยู่แสนไกลมาก
思索,他坐在窗前静静思索。,He sat by the window pondering quietly.,เขานั่งครุ่นคิดอย่างเงียบๆ อยู่หน้าต่าง
怠慢,请不要怠慢了客人。,Please don't neglect the guests.,กรุณาอย่าละเลยแขก
急于,他急于知道考试结果。,He was eager to know the exam results.,เขาร้อนใจอยากรู้ผลสอบ
急忙,他急忙跑出教室。,He hurried out of the classroom.,เขารีบวิ่งออกจากห้องเรียน
急性,医生说这是急性肠胃炎。,The doctor said it is acute gastroenteritis.,หมอบอกว่านี่คือลำไส้อักเสบเฉียบพลัน
急需,灾区急需大量物资。,The disaster area urgently needs a large amount of supplies.,พื้นที่ประสบภัยต้องการสิ่งของจำนวนมากอย่างเร่งด่วน
性价比,这款手机性价比很高。,This phone has a very good cost-performance ratio.,มือถือรุ่นนี้คุ้มค่าคุ้มราคามาก
性命,医生救了他的性命。,The doctor saved his life.,หมอช่วยชีวิตเขาไว้
性能,这辆车的性能十分出色。,This car's performance is outstanding.,สมรรถนะของรถคันนี้ยอดเยี่ยมมาก
性质,这两件事性质不同。,These two matters are different in nature.,สองเรื่องนี้มีลักษณะแตกต่างกัน
怨言,他从来没有过怨言。,He has never had any complaints.,เขาไม่เคยบ่นสักคำ
怪,这件事真奇怪。,This matter is really strange.,เรื่องนี้แปลกจริงๆ
怪异,他的行为十分怪异。,His behavior is very strange.,พฤติกรรมของเขาแปลกประหลาดมาก
总裁,他是这家公司的总裁。,He is the CEO of this company.,เขาเป็นประธานบริหารของบริษัทนี้
恋爱,他们已经恋爱三年了。,They have been in love for three years.,พวกเขาคบกันเป็นแฟนมาสามปีแล้ว
恍然大悟,听他解释后，我恍然大悟。,"After his explanation, I suddenly understood.",พอฟังเขาอธิบาย ฉันก็ถึงบางอ้อทันที
恐怖,这部电影十分恐怖。,This movie is very frightening.,หนังเรื่องนี้น่ากลัวมาก
恐慌,消息引发了市场恐慌。,The news triggered panic in the market.,ข่าวนี้ทำให้ตลาดตื่นตระหนก
恐龙,博物馆展出了恐龙化石。,The museum is exhibiting dinosaur fossils.,พิพิธภัณฑ์จัดแสดงฟอสซิลไดโนเสาร์
恭维,他不喜欢别人恭维自己。,He doesn't like others flattering him.,เขาไม่ชอบให้คนอื่นมาเยินยอตัวเอง
息息相关,健康与饮食息息相关。,Health is closely related to diet.,สุขภาพเกี่ยวข้องอย่างใกล้ชิดกับการกิน
恰巧,我出门时恰巧遇见了她。,I happened to run into her when I went out.,ตอนฉันออกไปข้างนอกก็บังเอิญเจอเธอพอดี
恰恰,这恰恰是我想要的答案。,This is exactly the answer I wanted.,นี่แหละคือคำตอบที่ฉันต้องการพอดี
恳求,他恳求老师再给一次机会。,He begged the teacher for one more chance.,เขาอ้อนวอนขอให้ครูให้โอกาสอีกครั้ง
恶劣,今天天气非常恶劣。,The weather is very bad today.,วันนี้อากาศเลวร้ายมาก
恶化,病情忽然开始恶化。,The condition suddenly began to worsen.,อาการป่วยจู่ๆ ก็เริ่มทรุดหนักลง
悠久,中国有着悠久的历史。,China has a long history.,จีนมีประวัติศาสตร์อันยาวนาน
悠闲,老人们过着悠闲的生活。,The elderly live a leisurely life.,เหล่าผู้สูงอายุใช้ชีวิตอย่างสบายๆ
悬,墙上悬着一幅古画。,An ancient painting hangs on the wall.,บนกำแพงแขวนภาพวาดโบราณอยู่ภาพหนึ่ง
悲剧,这是一场人生的悲剧。,This is a tragedy of life.,นี่คือโศกนาฏกรรมของชีวิต
悲哀,这个结局让人悲哀。,This ending makes people feel sorrowful.,ตอนจบแบบนี้ทำให้คนรู้สึกเศร้าโศก
悲痛,全家都感到十分悲痛。,The whole family felt deeply grieved.,ทั้งครอบครัวรู้สึกเศร้าโศกเสียใจอย่างมาก
情不自禁,看到美景他情不自禁地笑了。,"Seeing the beautiful scene, he couldn't help but smile.",พอเห็นวิวสวยๆ เขาก็อดยิ้มไม่ได้
情侣,公园里坐着不少情侣。,Quite a few couples are sitting in the park.,ในสวนสาธารณะมีคู่รักนั่งอยู่หลายคู่
情愿,他情愿加班也不愿迟到。,He would rather work overtime than be late.,เขายอมทำงานล่วงเวลาดีกว่ามาสาย
惊,这个消息让大家很惊讶。,This news startled everyone.,ข่าวนี้ทำให้ทุกคนตกใจ
惊人,这个消息真是惊人。,This news is truly astonishing.,ข่าวนี้น่าตกใจจริงๆ
惊叹,大家都为美景惊叹。,Everyone marveled at the beautiful scenery.,ทุกคนต่างอุทานชื่นชมวิวที่สวยงาม
惊喜,生日礼物给了她一个惊喜。,The birthday gift gave her a pleasant surprise.,ของขวัญวันเกิดสร้างความประหลาดใจดีๆ ให้เธอ
惊奇,孩子们惊奇地看着魔术。,The children watched the magic trick in amazement.,เด็กๆ มองมายากลด้วยความพิศวง
惊慌,火灾发生时大家很惊慌。,Everyone panicked when the fire broke out.,ตอนเกิดไฟไหม้ทุกคนตื่นตกใจกันมาก
惊慌失措,他吓得惊慌失措。,He was scared out of his wits.,เขาตกใจจนทำอะไรไม่ถูก
惊醒,一声巨响把我惊醒了。,A loud noise startled me awake.,เสียงดังสนั่นทำให้ฉันสะดุ้งตื่น
惩罚,犯错就应该受到惩罚。,"If you make a mistake, you should be punished.",ทำผิดก็ควรถูกลงโทษ
惯,他已经习惯了早起。,He has already gotten used to getting up early.,เขาชินกับการตื่นเช้าแล้ว
惯性,汽车靠惯性继续前进。,The car continues moving forward due to inertia.,รถเคลื่อนที่ต่อไปด้วยแรงเฉื่อย
想不到,真想不到你会来。,I really didn't expect you to come.,ไม่นึกเลยว่าเธอจะมา
想念,我非常想念家乡的味道。,I miss the taste of my hometown very much.,ฉันคิดถึงรสชาติของบ้านเกิดมาก
想方设法,他想方设法解决难题。,He tried every possible way to solve the problem.,เขาพยายามหาทุกวิถีทางเพื่อแก้ปัญหายากๆ
愁眉苦脸,他整天愁眉苦脸的。,He looks gloomy all day long.,เขาทำหน้าเศร้าหมองทั้งวัน
愈合,他的伤口正在愈合。,His wound is healing.,แผลของเขากำลังสมานตัว
意向,公司表达了合作意向。,The company expressed its intention to cooperate.,บริษัทแสดงความตั้งใจที่จะร่วมมือ
意想不到,结果让人意想不到。,The result was completely unexpected.,ผลลัพธ์คาดไม่ถึงเลย
意愿,请尊重孩子自己的意愿。,Please respect the child's own wishes.,กรุณาเคารพความต้องการของเด็กเอง
愚蠢,这个决定实在愚蠢。,This decision is really foolish.,การตัดสินใจนี้โง่เขลาจริงๆ
感叹,大家都感叹时间过得快。,Everyone sighed at how fast time passes.,ทุกคนต่างอุทานว่าเวลาผ่านไปเร็วเหลือเกิน
感性,她做事比较感性。,She tends to act on emotion.,เธอทำอะไรค่อนข้างใช้อารมณ์
感恩,我们应该学会感恩。,We should learn to be grateful.,เราควรเรียนรู้ที่จะสำนึกในบุญคุณ
感想,说说你的读后感想。,Tell me your thoughts after reading.,เล่าความรู้สึกหลังอ่านของเธอให้ฟังหน่อย
感慨,老人感慨地说起往事。,The old man spoke with deep feeling about the past.,ชายชราเล่าถึงอดีตด้วยความรู้สึกสะเทือนใจ
感染,伤口不小心感染了。,The wound got infected by accident.,แผลติดเชื้อโดยไม่ระวัง
感触,这部电影让我很有感触。,This movie left me with deep feelings.,หนังเรื่องนี้ทำให้ฉันรู้สึกสะเทือนใจมาก
愣,他听完愣住了。,He froze after hearing it.,เขาฟังจบแล้วก็ตะลึงไป
慌乱,她慌乱地找着钥匙。,She searched frantically for her keys.,เธอวุ่นวายหากุญแจอย่างลนลาน
慢性,他患有慢性咳嗽的毛病。,He suffers from a chronic cough.,เขาเป็นโรคไอเรื้อรัง
慷慨,他对朋友非常慷慨。,He is very generous to his friends.,เขาใจกว้างกับเพื่อนมาก
戏曲,奶奶特别喜欢看戏曲。,Grandma especially loves watching Chinese opera.,คุณย่าชอบดูงิ้วเป็นพิเศษ
成人,这部电影只限成人观看。,This movie is for adult viewing only.,หนังเรื่องนี้จำกัดเฉพาะผู้ใหญ่ดูเท่านั้น
成型,这批产品还没有成型。,This batch of products has not yet taken shape.,สินค้าล็อตนี้ยังไม่ขึ้นรูปเป็นรูปเป็นร่าง
成年,他已经成年可以工作了。,He is already an adult and can work.,เขาโตเป็นผู้ใหญ่แล้วสามารถทำงานได้
成效,这项改革已初见成效。,This reform has already begun to show results.,การปฏิรูปนี้เริ่มเห็นผลแล้ว
成本,这个项目成本很高。,This project's cost is very high.,โครงการนี้ต้นทุนสูงมาก
成果,这是大家努力的成果。,This is the result of everyone's hard work.,นี่คือผลงานจากความพยายามของทุกคน
或许,或许明天会下雨。,Perhaps it will rain tomorrow.,บางทีพรุ่งนี้อาจจะฝนตก
战争,没有人喜欢战争。,No one likes war.,ไม่มีใครชอบสงคราม
战场,士兵们奔赴战场。,The soldiers rushed to the battlefield.,เหล่าทหารมุ่งหน้าสู่สนามรบ
战斗,士兵们英勇地战斗着。,The soldiers fought bravely.,เหล่าทหารต่อสู้อย่างกล้าหาญ
截止,报名将于明天截止。,Registration will close tomorrow.,การรับสมัครจะปิดรับในวันพรุ่งนี้
戳,他不小心戳破了气球。,He accidentally poked the balloon and burst it.,เขาเผลอทิ่มลูกโป่งจนแตก
户,这个村子只有几十户人家。,This village has only a few dozen households.,หมู่บ้านนี้มีแค่ไม่กี่สิบหลังคาเรือน
房价,这个城市的房价很高。,House prices in this city are very high.,ราคาบ้านในเมืองนี้สูงมาก
房地产,叔叔从事房地产工作。,My uncle works in real estate.,คุณอาทำงานด้านอสังหาริมทรัพย์
所在,请告诉我车站的所在。,Please tell me where the station is located.,กรุณาบอกที่ตั้งของสถานีให้ฉันหน่อย
扁,这个盒子被压扁了。,This box got crushed flat.,กล่องใบนี้ถูกกดจนแบน
扇,她拿起扇子扇了扇风。,She picked up a fan and fanned herself.,เธอหยิบพัดขึ้นมาโบกพัดลม
扇子,奶奶手里拿着一把扇子。,Grandma is holding a fan in her hand.,คุณย่าถือพัดอยู่ในมือหนึ่งด้าม
手势,他用手势告诉我方向。,He used a gesture to tell me the direction.,เขาใช้ท่ามือบอกทิศทางให้ฉัน
手套,冬天我戴上手套出门。,I put on gloves before going out in winter.,หน้าหนาวฉันใส่ถุงมือออกไปข้างนอก
手工,这些饼干是手工做的。,These cookies are handmade.,คุกกี้พวกนี้ทำด้วยมือ
手帕,她用手帕擦干眼泪。,She wiped away her tears with a handkerchief.,เธอใช้ผ้าเช็ดหน้าซับน้ำตา
手术,他明天要做手术。,He will have surgery tomorrow.,พรุ่งนี้เขาต้องผ่าตัด
手续,办护照手续很麻烦。,Processing a passport is troublesome.,ขั้นตอนการทำพาสปอร์ตยุ่งยากมาก
手臂,医生检查了他的手臂。,The doctor examined his arm.,หมอตรวจแขนของเขา
才华,她的才华令人佩服。,Her talent is admirable.,พรสวรรค์ของเธอน่าชื่นชม
扎,小心别被针扎到手。,Be careful not to prick your hand with the needle.,ระวังอย่าให้เข็มทิ่มมือ
扎根,这种植物容易扎根生长。,This kind of plant takes root and grows easily.,พืชชนิดนี้หยั่งรากเติบโตได้ง่าย
扑,小猫扑向了那只蝴蝶。,The kitten pounced at the butterfly.,ลูกแมวกระโจนเข้าใส่ผีเสื้อตัวนั้น
打交道,他经常跟外国人打交道。,He often deals with foreigners.,เขาติดต่อคบหากับชาวต่างชาติบ่อยๆ
打仗,士兵们勇敢地打仗。,The soldiers fought bravely.,เหล่าทหารสู้รบอย่างกล้าหาญ
打倒,人民打倒了暴君。,The people overthrew the tyrant.,ประชาชนโค่นล้มทรราช
打击,失败给了他很大打击。,The failure was a huge blow to him.,ความล้มเหลวสร้างความกระทบกระเทือนครั้งใหญ่ให้เขา
打动,这个故事打动了我。,This story moved me.,เรื่องราวนี้ทำให้ฉันประทับใจ
打印机,打印机没墨了。,The printer is out of ink.,เครื่องพิมพ์หมึกหมดแล้ว
打听,他向路人打听方向。,He asked a passerby for directions.,เขาสอบถามทิศทางจากคนที่เดินผ่าน
打工,她假期在餐厅打工。,She works part-time at a restaurant during vacation.,ช่วงปิดเทอมเธอทำงานพิเศษที่ร้านอาหาร
打招呼,他向我打招呼。,He greeted me.,เขาทักทายฉัน
打断,请不要打断我说话。,Please don't interrupt me while I'm talking.,กรุณาอย่าขัดจังหวะตอนฉันพูด
打架,他们在操场上打架了。,They got into a fight on the playground.,พวกเขาชกต่อยกันที่สนาม
打猎,爷爷年轻时常打猎。,Grandpa often went hunting when he was young.,ตอนหนุ่มๆ ปู่ชอบไปล่าสัตว์บ่อยๆ
打通,我终于打通了电话。,I finally got through on the phone.,ในที่สุดฉันก็โทรติด
打造,公司努力打造品牌。,The company is working hard to build its brand.,บริษัทตั้งใจสร้างแบรนด์ของตัวเอง
打雷,外面又刮风又打雷。,It's windy and thundering outside.,ข้างนอกทั้งลมแรงทั้งฟ้าร้อง
托,她把脸托在手心上。,She rested her chin in her palm.,เธอเอามือรองหน้าไว้
执照,他终于拿到了驾驶执照。,He finally got his driver's license.,ในที่สุดเขาก็ได้ใบขับขี่
执着,他对梦想十分执着。,He is very dedicated to his dream.,เขามุ่งมั่นกับความฝันมาก
执行,我们必须严格执行规定。,We must strictly implement the regulations.,เราต้องปฏิบัติตามกฎอย่างเคร่งครัด
扩张,公司正在扩张海外市场。,The company is expanding its overseas market.,บริษัทกำลังขยายตลาดต่างประเทศ
扭,她笑着扭过头去。,"She turned her head away, smiling.",เธอหันหน้าหนีพร้อมกับยิ้ม
扭头,他听见喊声立刻扭头。,He immediately turned his head when he heard the shout.,พอได้ยินเสียงตะโกน เขาก็หันหัวทันที
扶,他扶着奶奶慢慢走路。,He supported his grandmother as she walked slowly.,เขาพยุงคุณย่าเดินช้าๆ
扶持,政府大力扶持小企业。,The government strongly supports small businesses.,รัฐบาลสนับสนุนธุรกิจเล็กๆ อย่างเต็มที่
批,校长批准了这个计划。,The principal approved this plan.,ครูใหญ่อนุมัติแผนนี้
批判,他批判了这种做法。,He criticized this practice.,เขาวิจารณ์วิธีทำแบบนี้
找出,警察终于找出了真相。,The police finally found out the truth.,ในที่สุดตำรวจก็หาความจริงเจอ
承包,他承包了这片鱼塘。,He contracted this fish pond.,เขารับเหมาบ่อปลานี้
承载,这座桥能承载很大重量。,This bridge can bear a very heavy load.,สะพานนี้รับน้ำหนักได้มาก
技艺,老师傅的技艺非常精湛。,The old master's craftsmanship is superb.,ฝีมือของช่างเก่าเยี่ยมมาก
抄写,学生认真抄写课文。,The student carefully copies the text.,นักเรียนตั้งใจคัดลอกบทเรียน
把手,门上的把手坏了。,The handle on the door is broken.,มือจับประตูพังแล้ว
抑郁,他最近心情十分抑郁。,He has been feeling very depressed recently.,ช่วงนี้เขารู้สึกหดหู่มาก
抑郁症,医生诊断她患了抑郁症。,The doctor diagnosed her with clinical depression.,หมอวินิจฉัยว่าเธอเป็นโรคซึมเศร้า
抓住,他一把抓住了绳子。,He grabbed the rope with one hand.,เขาคว้าเชือกไว้ได้ในมือเดียว
投,他用力把球投进篮筐。,He threw the ball hard into the basket.,เขาโยนลูกบอลลงห่วงอย่างแรง
投入,他把全部精力投入工作。,He devoted all his energy to work.,เขาทุ่มเทพลังทั้งหมดให้กับงาน
投机,他觉得两人很投机。,He feels the two of them get along very well.,เขารู้สึกว่าสองคนนี้เข้ากันได้ดีมาก
投票,大家举手投票表决。,Everyone raised their hands to vote.,ทุกคนยกมือโหวตลงคะแนน
抗争,他们勇敢地抗争到底。,They bravely fought to the end.,พวกเขาต่อสู้อย่างกล้าหาญจนถึงที่สุด
折叠,这张桌子可以折叠。,This table can be folded up.,โต๊ะตัวนี้พับได้
抚摸,她轻轻抚摸小猫的背。,She gently strokes the kitten's back.,เธอลูบหลังลูกแมวเบาๆ
抛,他把球抛向空中。,He threw the ball into the air.,เขาโยนลูกบอลขึ้นไปในอากาศ
抢,小偷抢了她的手机。,The thief snatched her phone.,ขโมยฉวยมือถือของเธอไป
抢救,医生正在全力抢救病人。,The doctors are working hard to save the patient.,หมอกำลังช่วยชีวิตคนไข้อย่างสุดกำลัง
护,母亲用心呵护孩子。,The mother lovingly cares for her child.,แม่ดูแลลูกอย่างเอาใจใส่
报告,他向老板报告了情况。,He reported the situation to his boss.,เขารายงานสถานการณ์ให้เจ้านายฟัง
报废,这辆旧车已经报废了。,This old car has already been scrapped.,รถเก่าคันนี้กลายเป็นซากรถไปแล้ว
报社,他在报社工作多年。,He has worked at the newspaper for many years.,เขาทำงานที่สำนักงานหนังสือพิมพ์มาหลายปี
抱负,他从小就有远大抱负。,He has had great ambitions since childhood.,เขามีความใฝ่ฝันอันยิ่งใหญ่มาตั้งแต่เด็ก
抵御,城墙能抵御敌人进攻。,The city wall can withstand enemy attacks.,กำแพงเมืองต้านทานการโจมตีของศัตรูได้
抵达,飞机准时抵达机场。,The plane arrived at the airport on time.,เครื่องบินมาถึงสนามบินตรงเวลา
抹,她用毛巾抹干桌子。,She wiped the table dry with a towel.,เธอใช้ผ้าเช็ดโต๊ะให้แห้ง
押,他把手表押给了当铺。,He pawned his watch at the pawnshop.,เขาเอานาฬิกาไปจำนำที่โรงรับจำนำ
押金,租房需要交押金。,Renting an apartment requires a deposit.,การเช่าบ้านต้องวางเงินมัดจำ
抽屉,钥匙放在抽屉里。,The key is in the drawer.,กุญแจอยู่ในลิ้นชัก
抽象,这幅画很抽象。,This painting is very abstract.,ภาพวาดนี้เป็นนามธรรมมาก
拄,老人拄着拐杖慢慢走。,"The old man walks slowly, leaning on a cane.",คนแก่ค่อยๆ เดินโดยใช้ไม้เท้ายัน
担保,朋友愿意为他担保贷款。,A friend is willing to guarantee his loan.,เพื่อนยินดีค้ำประกันเงินกู้ให้เขา
担忧,父母为他的健康担忧。,His parents worry about his health.,พ่อแม่เป็นห่วงสุขภาพของเขา
担负,他担负着一家人的生计。,He shoulders the livelihood of the whole family.,เขาแบกรับภาระเลี้ยงดูคนทั้งบ้าน
拆,工人正在拆旧房子。,Workers are demolishing the old house.,คนงานกำลังรื้อบ้านเก่า
拉,他用力拉门。,He pulled the door hard.,เขาดึงประตูอย่างแรง
拍照,游客们纷纷拍照留念。,The tourists took photos as souvenirs one after another.,นักท่องเที่ยวพากันถ่ายรูปไว้เป็นที่ระลึก
拐杖,爷爷走路要用拐杖。,Grandpa needs a crutch to walk.,ปู่ต้องใช้ไม้เท้าเวลาเดิน
拓展,公司想拓展海外市场。,The company wants to expand into overseas markets.,บริษัทอยากขยายตลาดต่างประเทศ
拔,他用力拔出了那颗钉子。,He pulled the nail out forcefully.,เขาออกแรงถอนตะปูตัวนั้นออกมา
拖延,他做事总是喜欢拖延。,He always likes to procrastinate when doing things.,เขาชอบผัดวันประกันพรุ่งเวลาทำอะไร
拘束,第一次见面她有点拘束。,She felt a bit reserved at their first meeting.,ครั้งแรกที่เจอกันเธอรู้สึกเกร็งๆ นิดหน่อย
招,公司正在招新员工。,The company is recruiting new employees.,บริษัทกำลังรับสมัครพนักงานใหม่
招待,主人热情招待客人。,The host warmly entertained the guests.,เจ้าบ้านต้อนรับแขกอย่างอบอุ่น
招收,学校今年招收新生。,The school is recruiting new students this year.,ปีนี้โรงเรียนรับนักเรียนใหม่
招牌,那家店的招牌很显眼。,That shop's sign is very eye-catching.,ป้ายร้านนั้นสะดุดตามาก
拜托,这件事就拜托你了。,"This matter is entrusted to you, please.",เรื่องนี้ก็ฝากเธอด้วยนะ
拜见,他专程去拜见老师。,He made a special trip to pay a formal visit to his teacher.,เขาตั้งใจเดินทางไปคารวะอาจารย์
拜访,明天我要去拜访老师。,Tomorrow I'm going to visit my teacher.,พรุ่งนี้ฉันจะไปเยี่ยมอาจารย์
拟,他正在拟一份计划书。,He is drafting a plan.,เขากำลังร่างแผนงานอยู่
拥抱,他们紧紧地拥抱在一起。,They hugged each other tightly.,พวกเขากอดกันแน่น
拦,警察拦住了那辆车。,The police stopped that car.,ตำรวจสกัดรถคันนั้นไว้
拧,她拧干毛巾擦桌子。,She wrung out the towel to wipe the table.,เธอบิดผ้าให้แห้งแล้วเช็ดโต๊ะ
拨打,请拨打这个电话号码。,Please dial this phone number.,กรุณากดหมายเลขโทรศัพท์นี้
拨通,她终于拨通了电话。,She finally got through on the phone.,ในที่สุดเธอก็โทรติด
拯救,医生拯救了病人的生命。,The doctor saved the patient's life.,หมอช่วยชีวิตคนไข้ไว้ได้
拼搏,运动员为梦想拼搏。,The athlete is fighting hard for his dream.,นักกีฬาสู้อย่างเต็มที่เพื่อความฝัน
拾,他弯腰拾起地上的钱。,He bent down to pick up the money on the ground.,เขาก้มลงเก็บเงินที่ตกอยู่บนพื้น
拿手,做饭是妈妈的拿手好戏。,Cooking is mom's specialty.,ทำอาหารคือของถนัดของแม่
拿走,请把垃圾拿走。,Please take the trash away.,ช่วยเอาขยะออกไปหน่อย
持,他手持一把伞。,He held an umbrella in his hand.,เขาถือร่มไว้ในมือ
持久,这种香味十分持久。,This fragrance is very long-lasting.,กลิ่นหอมนี้อยู่ได้นานมาก
挂号,我去医院挂号看病。,I went to the hospital to register and see a doctor.,ฉันไปโรงพยาบาลลงทะเบียนหาหมอ
指定,会议地点已经指定。,The meeting location has already been designated.,สถานที่ประชุมถูกกำหนดไว้แล้ว
指挥,警察在路口指挥交通。,The police officer directs traffic at the intersection.,ตำรวจคอยอำนวยการจราจรอยู่ที่สี่แยก
指数,今天的股票指数上涨了。,The stock index rose today.,วันนี้ดัชนีหุ้นปรับขึ้น
指标,今年的销售指标很高。,This year's sales target is high.,เป้าหมายยอดขายปีนี้สูงมาก
指着,他指着地图给我们介绍。,He pointed at the map and explained it to us.,เขาชี้ไปที่แผนที่แล้วอธิบายให้เราฟัง
指示,经理下达了明确指示。,The manager issued a clear instruction.,ผู้จัดการออกคำสั่งที่ชัดเจน
指责,他因迟到受到指责。,He was criticized for being late.,เขาถูกตำหนิเพราะมาสาย
挑,他仔细挑了一件衣服。,He carefully picked out a piece of clothing.,เขาเลือกเสื้อผ้าตัวหนึ่งอย่างพิถีพิถัน
挑剔,他对食物很挑剔。,He is very picky about food.,เขาช่างเลือกเรื่องอาหารมาก
挑选,她仔细挑选礼物送朋友。,She carefully chose a gift for her friend.,เธอเลือกของขวัญให้เพื่อนอย่างพิถีพิถัน
挖掘,考古学家挖掘出古墓。,Archaeologists excavated an ancient tomb.,นักโบราณคดีขุดพบสุสานโบราณ
挡,他站在门口挡住了路。,He stood in the doorway blocking the way.,เขายืนขวางทางอยู่ที่ประตู
挣钱,他每天努力挣钱。,He works hard every day to earn money.,เขาทำงานหาเงินอย่างหนักทุกวัน
挥,她挥手向我们告别。,She waved goodbye to us.,เธอโบกมือบอกลาเรา
挨,学生们挨个回答问题。,The students answered the questions one by one.,นักเรียนตอบคำถามทีละคน
振兴,大家齐心振兴家乡经济。,Everyone works together to revitalize the hometown economy.,ทุกคนร่วมใจกันฟื้นฟูเศรษฐกิจบ้านเกิด
振动,手机在口袋里不断振动。,The phone keeps vibrating in the pocket.,มือถือสั่นอยู่ในกระเป๋าไม่หยุด
挽回,他努力挽回她的信任。,He tried hard to win back her trust.,เขาพยายามเรียกความไว้ใจของเธอกลับคืนมา
捂,她害怕地捂住了眼睛。,She covered her eyes in fear.,เธอปิดตาด้วยความกลัว
捆,他把旧报纸捆成一堆。,He tied the old newspapers into a bundle.,เขามัดหนังสือพิมพ์เก่าเป็นมัด
捉,猫在院子里捉老鼠。,The cat is catching mice in the yard.,แมวกำลังจับหนูอยู่ในสนาม
捏,她轻轻捏了捏我的手。,She gently pinched my hand.,เธอบีบมือฉันเบาๆ
捐款,大家纷纷为灾区捐款。,People donated money to the disaster area one after another.,ทุกคนพากันบริจาคเงินให้พื้นที่ประสบภัย
损,台风损坏了很多房屋。,The typhoon damaged many houses.,พายุไต้ฝุ่นทำบ้านเรือนเสียหายไปมาก
换取,他用劳动换取报酬。,He exchanges labor for pay.,เขาใช้แรงงานแลกกับค่าตอบแทน
换言之,换言之他不同意这个计划。,"In other words, he disagrees with this plan.",พูดอีกอย่างก็คือเขาไม่เห็นด้วยกับแผนนี้
捧,她双手捧着一束花。,She holds a bouquet of flowers with both hands.,เธอประคองช่อดอกไม้ไว้ด้วยสองมือ
据悉,据悉比赛已经取消了。,It is reported that the match has been canceled.,ตามที่ทราบมา การแข่งขันถูกยกเลิกไปแล้ว
掀起,这本书掀起了一阵热潮。,This book set off a wave of enthusiasm.,หนังสือเล่มนี้จุดกระแสความนิยมขึ้นมา
授予,学校授予他荣誉学位。,The school conferred an honorary degree on him.,โรงเรียนมอบปริญญากิตติมศักดิ์ให้เขา
掉队,他因为受伤而掉队了。,He fell behind because he got injured.,เขาตกขบวนเพราะได้รับบาดเจ็บ
掌声,全场响起掌声。,Applause broke out throughout the venue.,เสียงปรบมือดังขึ้นทั่วทั้งงาน
掌管,他掌管公司的财务。,He is in charge of the company's finances.,เขาดูแลการเงินของบริษัท
掐,她轻轻掐了他一下。,She gave him a gentle pinch.,เธอหยิกเขาเบาๆ ที
排,大家排好队了。,Everyone lined up properly.,ทุกคนเข้าแถวเรียบร้อยแล้ว
排列,书按顺序排列整齐。,The books are arranged neatly in order.,หนังสือถูกจัดเรียงอย่างเป็นระเบียบตามลำดับ
排除,医生排除了癌症的可能。,The doctor ruled out the possibility of cancer.,หมอตัดความเป็นไปได้ที่จะเป็นมะเร็งออกไป
探,他把头探出窗外。,He stuck his head out the window.,เขาโผล่หัวออกไปนอกหน้าต่าง
探望,周末我去医院探望病人。,On the weekend I visited a patient at the hospital.,สุดสัปดาห์ฉันไปเยี่ยมคนไข้ที่โรงพยาบาล
探测,卫星正在探测这颗行星。,The satellite is probing this planet.,ดาวเทียมกำลังสำรวจดาวเคราะห์ดวงนี้
探索,科学家不断探索太空。,Scientists keep exploring outer space.,นักวิทยาศาสตร์สำรวจอวกาศอย่างไม่หยุดยั้ง
探讨,大家一起探讨这个问题。,Everyone discussed this problem together.,ทุกคนร่วมกันถกปัญหานี้
探险,他们去森林里探险。,They went exploring in the forest.,พวกเขาไปผจญภัยในป่า
接下来,接下来我们去哪里？,Where shall we go next?,ต่อไปเราจะไปไหนกันดี?
接听,他正在接听客户的电话。,He is answering a customer's phone call.,เขากำลังรับสายลูกค้าอยู่
接待,公司派人接待客户。,The company sent someone to receive the clients.,บริษัทส่งคนไปต้อนรับลูกค้า
推动,政府努力推动经济发展。,The government is working hard to promote economic development.,รัฐบาลพยายามผลักดันการพัฒนาเศรษฐกิจ
推广,政府大力推广新能源车。,The government is vigorously promoting new-energy cars.,รัฐบาลส่งเสริมรถพลังงานใหม่อย่างเต็มที่
推开,他推开了大门。,He pushed the gate open.,เขาผลักประตูใหญ่ให้เปิดออก
推断,警方推断凶手是熟人。,Police inferred the killer was an acquaintance.,ตำรวจสันนิษฐานว่าคนร้ายเป็นคนรู้จัก
推测,大家推测他明天会来。,Everyone speculates that he will come tomorrow.,ทุกคนคาดเดาว่าพรุ่งนี้เขาจะมา
推行,政府正在推行新政策。,The government is implementing a new policy.,รัฐบาลกำลังนำนโยบายใหม่มาใช้
推辞,他没有推辞这份工作。,He didn't decline this job.,เขาไม่ได้ปฏิเสธงานนี้
推进,双方决定推进合作项目。,Both sides decided to advance the cooperative project.,ทั้งสองฝ่ายตัดสินใจเดินหน้าโครงการความร่วมมือ
推销,他上门推销吸尘器。,He went door to door selling vacuum cleaners.,เขาไปเคาะประตูขายเครื่องดูดฝุ่นตามบ้าน
掩盖,他试图掩盖事情真相。,He tried to cover up the truth of the matter.,เขาพยายามปกปิดความจริงของเรื่องนี้
掩饰,她努力掩饰内心的紧张。,She tried hard to conceal her inner nervousness.,เธอพยายามกลบเกลื่อนความประหม่าในใจ
掰,他把面包掰成两半。,He broke the bread in half.,เขาหักขนมปังออกเป็นสองท่อน
揉,妈妈轻轻揉着我的肩膀。,Mom is gently massaging my shoulders.,แม่นวดไหล่ฉันเบาๆ
描述,请你描述一下事情经过。,Please describe how the incident happened.,ช่วยบรรยายเหตุการณ์ที่เกิดขึ้นหน่อย
提倡,学校提倡节约用水。,The school promotes saving water.,โรงเรียนรณรงค์ให้ประหยัดน้ำ
提到,他提到了这件事。,He mentioned this matter.,เขาพูดถึงเรื่องนี้
提拔,老板决定提拔他当经理。,The boss decided to promote him to manager.,เจ้านายตัดสินใจเลื่อนตำแหน่งเขาเป็นผู้จัดการ
提炼,工厂从矿石中提炼黄金。,The factory extracts gold from ore.,โรงงานสกัดทองคำจากแร่
提示,屏幕上出现了提示信息。,A reminder message appeared on the screen.,มีข้อความแจ้งเตือนขึ้นบนหน้าจอ
提起,别提起那件伤心事了。,Don't bring up that sad matter again.,อย่าพูดถึงเรื่องเศร้านั้นอีกเลย
提问,老师请学生举手提问。,The teacher asked students to raise their hands to ask questions.,คุณครูให้นักเรียนยกมือถามคำถาม
插,请把花插在花瓶里。,Please put the flowers in the vase.,ช่วยปักดอกไม้ลงในแจกัน
插嘴,别人说话时不要插嘴。,Don't interrupt when others are talking.,เวลาคนอื่นพูดอยู่อย่าพูดแทรก
插图,这本书的插图很精美。,The illustrations in this book are exquisite.,ภาพประกอบในหนังสือเล่มนี้สวยงามมาก
握,他紧紧握着我的手。,He held my hand tightly.,เขากำมือฉันไว้แน่น
揣摩,我仔细揣摩他的意思。,I carefully tried to figure out what he meant.,ฉันค่อยๆ ครุ่นคิดว่าเขาหมายความว่าอะไร
揭露,记者揭露了这起丑闻。,The reporter exposed this scandal.,นักข่าวเปิดโปงเรื่องอื้อฉาวนี้
搜寻,警方正在搜寻失踪儿童。,Police are searching for the missing child.,ตำรวจกำลังค้นหาเด็กที่หายตัวไป
搜集,他喜欢搜集老照片。,He likes collecting old photographs.,เขาชอบรวบรวมรูปถ่ายเก่าๆ
搞,别把事情搞得太复杂。,Don't make things too complicated.,อย่าทำเรื่องให้ยุ่งยากเกินไป
搞鬼,你是不是在背后搞鬼？,Are you playing tricks behind my back?,เธอกำลังเล่นตุกติกอยู่ลับหลังใช่ไหม
搬迁,这家工厂即将搬迁。,This factory is about to relocate.,โรงงานแห่งนี้กำลังจะย้ายที่
搭,他们在院子里搭了一个帐篷。,They set up a tent in the yard.,พวกเขากางเต็นท์ในสนาม
搭配,这件衣服颜色搭配得好。,The colors of this outfit are well matched.,เสื้อผ้าชุดนี้จับคู่สีได้เข้ากันดี
携带,乘客不能携带危险物品。,Passengers may not carry dangerous items.,ผู้โดยสารห้ามพกพาสิ่งของอันตราย
摄像机,他用摄像机拍摄婚礼。,He filmed the wedding with a video camera.,เขาใช้กล้องวิดีโอถ่ายงานแต่งงาน
摄影师,他是一名专业摄影师。,He is a professional photographer.,เขาเป็นช่างภาพมืออาชีพ
摆,她把花瓶摆在桌上。,She placed the vase on the table.,เธอวางแจกันไว้บนโต๊ะ
摆动,树枝在风中摆动。,The branches swayed in the wind.,กิ่งไม้แกว่งไกวไปมาในสายลม
摆脱,他终于摆脱了烦恼。,He finally freed himself from worry.,ในที่สุดเขาก็สลัดความกังวลทิ้งไปได้
摇头,老师摇头表示不同意。,The teacher shook her head to disagree.,คุณครูส่ายหัวแสดงว่าไม่เห็นด้วย
摇晃,船在海上摇晃得厉害。,The boat rocked violently at sea.,เรือโคลงเคลงอย่างหนักในทะเล
摇滚,他喜欢听摇滚音乐。,He likes listening to rock music.,เขาชอบฟังเพลงร็อก
摇篮,妈妈轻轻推着摇篮。,Mom is gently rocking the cradle.,แม่ค่อยๆ ไกวเปลอยู่
摔倒,小孩在路上摔倒了。,The child fell down on the road.,เด็กหกล้มบนถนน
摘,孩子们在果园里摘苹果。,The kids are picking apples in the orchard.,เด็กๆ กำลังเก็บแอปเปิลในสวนผลไม้
摩擦,两人因小事产生摩擦。,The two had friction over a small matter.,สองคนเกิดการกระทบกระทั่งกันเพราะเรื่องเล็กน้อย
摸索,他在黑暗中摸索前进。,He groped his way forward in the dark.,เขาคลำทางไปข้างหน้าในความมืด
撒,他随手把种子撒在地里。,He casually scattered seeds on the ground.,เขาหว่านเมล็ดพันธุ์ลงบนพื้นดินอย่างง่ายๆ
撕,他生气地撕掉了信。,He angrily tore up the letter.,เขาฉีกจดหมายทิ้งด้วยความโกรธ
撞击,两辆车发生了撞击。,The two cars collided.,รถสองคันชนกัน
撤,公司决定撤掉这个项目。,The company decided to scrap this project.,บริษัทตัดสินใจยกเลิกโครงการนี้
撰写,她正在撰写一篇论文。,She is writing a research paper.,เธอกำลังเขียนบทความวิจัยอยู่
操纵,他熟练地操纵着飞机。,He skillfully operates the airplane.,เขาบังคับเครื่องบินอย่างชำนาญ
攀,登山者努力向上攀登。,The climber worked hard to climb upward.,นักปีนเขาพยายามปีนขึ้นไปข้างบน
支,大家都支持这个决定。,Everyone supports this decision.,ทุกคนสนับสนุนการตัดสินใจนี้
支付,顾客可以用手机支付。,Customers can pay with their phones.,ลูกค้าจ่ายเงินด้วยมือถือได้
支出,这个月的支出超出预算。,This month's expenses exceeded the budget.,รายจ่ายเดือนนี้เกินงบประมาณ
支票,他开了一张支票。,He wrote a check.,เขาเขียนเช็คหนึ่งใบ
收回,公司决定收回这笔投资。,The company decided to withdraw this investment.,บริษัทตัดสินใจถอนเงินลงทุนก้อนนี้กลับคืน
收看,大家都在收看新闻。,Everyone is watching the news.,ทุกคนกำลังดูข่าวกันอยู่
收藏,他喜欢收藏古董。,He likes collecting antiques.,เขาชอบสะสมของเก่า
收视率,这部电视剧收视率很高。,This TV drama has very high ratings.,ละครเรื่องนี้มีเรตติ้งสูงมาก
收费,这个停车场不收费。,This parking lot doesn't charge a fee.,ที่จอดรถนี้ไม่เก็บค่าบริการ
收集,他喜欢收集邮票。,He likes collecting stamps.,เขาชอบสะสมแสตมป์
改动,这份合同不能随便改动。,This contract cannot be changed casually.,สัญญาฉบับนี้จะแก้ไขตามใจไม่ได้
改编,这部电影改编自小说。,This movie is adapted from a novel.,หนังเรื่องนี้ดัดแปลงมาจากนวนิยาย
改良,这种技术已经过改良。,This technology has already been improved.,เทคโนโลยีนี้ผ่านการปรับปรุงมาแล้ว
改造,政府计划改造老城区。,The government plans to redevelop the old district.,รัฐบาลวางแผนปรับปรุงย่านเมืองเก่า
改革,教育改革势在必行。,Education reform is imperative.,การปฏิรูปการศึกษาเป็นสิ่งที่ต้องทำ
攻,敌军突然发起进攻。,The enemy army suddenly launched an attack.,กองทัพศัตรูจู่ๆ ก็เปิดฉากโจมตี
攻击,敌人突然发起攻击。,The enemy suddenly launched an attack.,ศัตรูจู่ๆ ก็เปิดฉากโจมตี
放大,请把这张照片放大。,Please enlarge this photo.,ช่วยขยายรูปนี้ให้ใหญ่ขึ้นหน่อย
政府,政府发布了新政策。,The government issued a new policy.,รัฐบาลออกนโยบายใหม่
政治,他对政治很感兴趣。,He is very interested in politics.,เขาสนใจการเมืองมาก
政策,新政策鼓励年轻人创业。,The new policy encourages young people to start businesses.,นโยบายใหม่สนับสนุนให้คนหนุ่มสาวเริ่มทำธุรกิจ
效应,这个决定产生了连锁效应。,This decision triggered a chain reaction.,การตัดสินใจนี้ทำให้เกิดผลกระทบต่อเนื่องเป็นลูกโซ่
效益,公司今年经济效益很好。,The company had good economic returns this year.,ปีนี้บริษัทมีผลตอบแทนทางเศรษฐกิจดีมาก
敏捷,猴子的动作十分敏捷。,The monkey's movements are very agile.,ลิงเคลื่อนไหวคล่องแคล่วว่องไวมาก
敏锐,他有一双敏锐的眼睛。,He has a pair of sharp eyes.,เขามีดวงตาที่เฉียบคม
救援,消防队及时进行救援。,The fire brigade carried out the rescue in time.,หน่วยดับเพลิงเข้าช่วยเหลือได้ทันเวลา
教养,这个孩子很有教养。,This child is very well-mannered.,เด็กคนนี้มีมารยาทและได้รับการอบรมมาดี
教练,教练教我们打篮球。,The coach teaches us to play basketball.,โค้ชสอนพวกเราเล่นบาสเกตบอล
散,花瓣散落在地上。,The flower petals scattered on the ground.,กลีบดอกไม้ร่วงกระจายอยู่บนพื้น
散布,有人在网上散布谣言。,Someone spread rumors online.,มีคนกระจายข่าวลือทางอินเทอร์เน็ต
散文,这本书收录了他的散文。,This book collects his prose writings.,หนังสือเล่มนี้รวบรวมงานเขียนร้อยแก้วของเขา
敬,我们应该敬老爱幼。,We should respect the old and cherish the young.,เราควรเคารพผู้สูงอายุและรักเด็ก
敬业,她工作起来非常敬业。,She is very dedicated when she works.,เธอทำงานอย่างทุ่มเทมาก
敬礼,士兵向国旗敬礼。,The soldier saluted the flag.,ทหารทำความเคารพธงชาติ
敬而远之,大家对他敬而远之。,Everyone keeps a respectful distance from him.,ทุกคนต่างพากันหลีกห่างเขาด้วยความเกรงใจ
敬请,敬请各位准时到场。,Please kindly arrive on time.,ขอเรียนเชิญทุกท่านมาถึงตรงเวลา
敬酒,新郎向客人敬酒。,The groom toasted the guests.,เจ้าบ่าวยกแก้วดื่มอวยพรแขก
敬重,学生们都很敬重老师。,The students deeply respect their teacher.,นักเรียนทุกคนเคารพนับถือครูมาก
数目,参加人数的数目不小。,The number of participants isn't small.,จำนวนคนที่เข้าร่วมนั้นไม่น้อยเลย
敲门,有人在敲门。,Someone is knocking on the door.,มีคนเคาะประตูอยู่
整,他整整等了一个小时。,He waited for a whole hour.,เขารอตั้งหนึ่งชั่วโมงเต็มๆ
整体,这个方案整体上不错。,This plan is pretty good overall.,โดยรวมแล้วแผนนี้ใช้ได้เลย
整合,公司决定整合各部门资源。,The company decided to integrate resources across departments.,บริษัทตัดสินใจรวมทรัพยากรของแต่ละแผนกเข้าด้วยกัน
整天,他整天坐在电脑前。,He sits in front of the computer all day.,เขานั่งอยู่หน้าคอมพิวเตอร์ทั้งวัน
整洁,她的房间总是很整洁。,Her room is always very tidy.,ห้องของเธอสะอาดเป็นระเบียบเสมอ
整顿,学校决定整顿纪律。,The school decided to tighten up discipline.,โรงเรียนตัดสินใจจัดระเบียบวินัยเสียใหม่
整齐,桌上的书摆放得很整齐。,The books on the desk are arranged neatly.,หนังสือบนโต๊ะวางเรียงกันอย่างเป็นระเบียบ
文人,古代文人喜欢写诗。,Ancient scholars loved writing poetry.,ปราชญ์ในสมัยโบราณชอบแต่งบทกวี
文献,他查阅了很多文献。,He consulted a lot of reference materials.,เขาค้นคว้าเอกสารอ้างอิงมามากมาย
斗,两只公鸡在斗架。,The two roosters are fighting.,ไก่ตัวผู้สองตัวกำลังตีกัน
断定,医生断定他得了感冒。,The doctor concluded that he had a cold.,หมอสรุปว่าเขาเป็นหวัด
断断续续,雨断断续续下了一天。,It rained on and off all day.,ฝนตกๆ หยุดๆ อยู่ทั้งวัน
断裂,这根绳子突然断裂了。,This rope suddenly snapped.,เชือกเส้นนี้ขาดออกจากกันกะทันหัน
新人,公司来了新人。,A newcomer joined the company.,มีคนใหม่เข้ามาที่บริษัท
新型,公司推出了新型手机。,The company launched a new type of phone.,บริษัทเปิดตัวโทรศัพท์แบบใหม่
新房,他们搬进了新房。,They moved into their new house.,พวกเขาย้ายเข้าบ้านใหม่แล้ว
新款,这是今年的新款手机。,This is this year's new model phone.,นี่คือโทรศัพท์รุ่นใหม่ของปีนี้
新生,新生们正在报到。,The new students are registering.,นักศึกษาใหม่กำลังมารายงานตัว
新陈代谢,运动能加快新陈代谢。,Exercise can speed up metabolism.,การออกกำลังกายช่วยเร่งการเผาผลาญของร่างกาย
方,你知道正确的方向吗？,Do you know the correct direction?,คุณรู้ทิศทางที่ถูกต้องไหม
方向盘,司机紧握着方向盘。,The driver gripped the steering wheel tightly.,คนขับกำพวงมาลัยไว้แน่น
施行,新法律下个月起施行。,The new law will be put into practice next month.,กฎหมายใหม่จะเริ่มบังคับใช้เดือนหน้า
旁,他坐在我的旁边。,He sat down beside me.,เขานั่งอยู่ข้างๆ ฉัน
旅客,机场里挤满了旅客。,The airport was packed with travelers.,สนามบินเต็มไปด้วยผู้โดยสาร
旅程,这次旅程让我难忘。,This journey was unforgettable for me.,การเดินทางครั้งนี้ทำให้ฉันประทับใจไม่รู้ลืม
旅行社,我们通过旅行社订票。,We booked tickets through a travel agency.,เราจองตั๋วผ่านบริษัททัวร์
旋律,这首歌的旋律很动听。,This song's melody is very pleasant.,ทำนองของเพลงนี้ไพเราะมาก
旗帜,广场上飘扬着旗帜。,Flags flutter in the square.,ธงโบกสะบัดอยู่กลางลานกว้าง
无不,大家听了无不感动。,Everyone who heard it was moved.,ทุกคนที่ได้ฟังต่างก็ซาบซึ้งใจไปตามๆ กัน
无偿,他无偿捐献了骨髓。,He donated bone marrow free of charge.,เขาบริจาคไขกระดูกโดยไม่คิดเงิน
无关紧要,这件小事无关紧要。,This small matter is insignificant.,เรื่องเล็กน้อยนี้ไม่สำคัญอะไร
无形,压力是一种无形的负担。,Pressure is an invisible burden.,ความเครียดเป็นภาระที่มองไม่เห็น
无形中,他无形中影响了我们。,He influenced us imperceptibly.,เขาส่งผลต่อเราโดยไม่รู้ตัว
无忧无虑,孩子们过着无忧无虑的生活。,The children live a carefree life.,เด็กๆ ใช้ชีวิตอย่างไร้กังวล
无恶不作,这个坏人无恶不作。,This bad person will stop at nothing evil.,คนชั่วคนนี้ทำเลวได้ทุกอย่าง
无意,我无意伤害你的感情。,I didn't mean to hurt your feelings.,ฉันไม่ได้ตั้งใจจะทำร้ายความรู้สึกของเธอ
无所作为,他整天无所作为。,He achieves nothing all day long.,เขาเอาแต่อยู่ไปวันๆ ไม่ทำอะไรเป็นชิ้นเป็นอัน
无所谓,他对结果无所谓。,He doesn't care about the result.,เขาไม่แคร์ผลลัพธ์เลย
无比,这里的风景无比美丽。,The scenery here is incomparably beautiful.,ทิวทัศน์ที่นี่สวยงามอย่างหาที่เปรียบไม่ได้
无疑,这无疑是个好消息。,This is undoubtedly good news.,นี่เป็นข่าวดีอย่างไม่ต้องสงสัย
无知,他的话显得很无知。,His words sound very ignorant.,คำพูดของเขาฟังดูไม่มีความรู้เอาเสียเลย
无私,她无私地帮助大家。,She selflessly helps everyone.,เธอช่วยเหลือทุกคนอย่างไม่เห็นแก่ตัว
无穷,大海蕴藏着无穷的力量。,The sea holds endless power.,ท้องทะเลซ่อนพลังอันไม่มีที่สิ้นสุดเอาไว้
无线,家里安装了无线网络。,Wireless internet was installed at home.,ที่บ้านติดตั้งเครือข่ายไร้สายไว้
无能,他因无能被解雇了。,He was fired for incompetence.,เขาถูกไล่ออกเพราะไร้ความสามารถ
无能为力,面对失败他无能为力。,Faced with failure he was powerless.,เมื่อเจอความล้มเหลวเขาก็ทำอะไรไม่ได้เลย
无足轻重,这个职位无足轻重。,This position is insignificant.,ตำแหน่งนี้ไม่ได้มีบทบาทสำคัญอะไรเลย
无限,宇宙的可能性近乎无限。,The universe's possibilities are nearly unlimited.,ความเป็นไปได้ของจักรวาลแทบจะไร้ขีดจำกัด
日前,日前他刚回国。,He just returned home the other day.,เมื่อไม่กี่วันก่อนเขาเพิ่งกลับประเทศ
日后,日后我们再见面。,We'll meet again someday.,ไว้วันหลังเราค่อยเจอกันใหม่
日夜,工人们日夜赶工。,The workers rushed the job day and night.,คนงานเร่งงานกันทั้งวันทั้งคืน
日常,这是我们的日常工作。,This is our daily work.,นี่คืองานประจำวันของเรา
日期,请确认出发日期。,Please confirm the departure date.,กรุณายืนยันวันที่ออกเดินทาง
日益,城市交通日益拥堵。,Urban traffic is getting more congested day by day.,การจราจรในเมืองติดขัดมากขึ้นทุกวัน
日程,会议日程已经安排好了。,The meeting schedule has already been arranged.,กำหนดการประชุมจัดเรียบร้อยแล้ว
旨在,这项政策旨在减少污染。,This policy is aimed at reducing pollution.,นโยบายนี้มีเป้าหมายเพื่อลดมลพิษ
早就,我早就想去旅行了。,I've long wanted to go traveling.,ฉันอยากไปเที่ยวมาตั้งนานแล้ว
早年,他早年在国外生活过。,In his early years he lived abroad.,เมื่อก่อนตอนหนุ่มๆ เขาเคยใช้ชีวิตอยู่ต่างประเทศ
早日,祝你早日康复。,I wish you a speedy recovery.,ขอให้หายป่วยไวๆ นะ
早晚,他早晚会明白真相。,He will understand the truth sooner or later.,ไม่ช้าก็เร็วเขาต้องเข้าใจความจริง
早晨,我每天早晨去跑步。,I go running every morning.,ฉันไปวิ่งทุกเช้า
早餐,我每天七点吃早餐。,I eat breakfast at seven every day.,ฉันกินอาหารเช้าตอนเจ็ดโมงทุกวัน
早饭,他每天都吃早饭。,He eats breakfast every day.,เขากินข้าวเช้าทุกวัน
旱,今年夏天发生了大旱。,There was a severe drought this summer.,หน้าร้อนปีนี้เกิดภัยแล้งครั้งใหญ่
时常,他时常去图书馆看书。,He often goes to the library to read.,เขาไปอ่านหนังสือที่ห้องสมุดอยู่บ่อยๆ
时时,他时时想起故乡。,He often thinks of his hometown.,เขานึกถึงบ้านเกิดอยู่เสมอ
时机,现在不是投资的好时机。,Now is not a good time to invest.,ตอนนี้ไม่ใช่จังหวะที่ดีในการลงทุน
时段,这个时段很拥挤。,This time period is very crowded.,ช่วงเวลานี้คนเยอะมาก
时空,这部电影探讨了时空穿梭的奥秘。,This movie explores the mystery of time travel.,หนังเรื่องนี้พูดถึงความลี้ลับของการเดินทางข้ามเวลาและมิติ
时节,清明时节雨水较多。,There's more rain during the Qingming season.,ช่วงเทศกาลเช็งเม้งมักมีฝนตกค่อนข้างมาก
时装,她喜欢看时装杂志。,She likes reading fashion magazines.,เธอชอบอ่านนิตยสารแฟชั่น
昂贵,这件外套价格昂贵。,This coat is very expensive.,เสื้อโค้ตตัวนี้ราคาแพงมาก
昆虫,花园里生活着很多种昆虫。,Many kinds of insects live in the garden.,ในสวนมีแมลงอาศัยอยู่หลายชนิด
明亮,教室里灯光很明亮。,The classroom lights are very bright.,แสงไฟในห้องเรียนสว่างมาก
明日,明日天气将会转晴。,Tomorrow's weather will turn clear.,พรุ่งนี้อากาศจะเปลี่ยนเป็นแจ่มใส
明星,她是一位电影明星。,She is a movie star.,เธอเป็นดาราภาพยนตร์
明智,这是一个明智的选择。,This is a wise choice.,นี่เป็นทางเลือกที่ชาญฉลาด
昏迷,他因车祸陷入昏迷。,He fell into a coma from the car accident.,เขาหมดสติเพราะอุบัติเหตุรถชน
是非,他从不参与是非。,He never gets involved in disputes.,เขาไม่เคยเข้าไปยุ่งกับเรื่องผิดถูกวุ่นวาย
昼夜,工厂昼夜不停地生产。,The factory produces around the clock.,โรงงานเดินเครื่องผลิตไม่หยุดทั้งกลางวันและกลางคืน
显出,他脸上显出担心的表情。,His face showed a worried expression.,ใบหน้าของเขาแสดงสีหน้ากังวลออกมา
显眼,这个广告牌很显眼。,This billboard is very eye-catching.,ป้ายโฆษณานี้สะดุดตามาก
显而易见,结果显而易见。,The result is obvious.,ผลลัพธ์เห็นได้ชัดอยู่แล้ว
显著,治疗效果十分显著。,The treatment's effect is very notable.,ผลการรักษาดีขึ้นอย่างเห็นได้ชัด
晒,妈妈把衣服拿去晒。,Mom took the clothes out to dry in the sun.,แม่เอาเสื้อผ้าไปตากแดด
晕,她突然感到有点晕。,She suddenly felt a bit dizzy.,จู่ๆ เธอก็รู้สึกเวียนหัวนิดหน่อย
晕倒,她在路上突然晕倒了。,She suddenly fainted on the road.,เธอเป็นลมล้มลงกลางถนนกะทันหัน
晚报,爸爸每天都看晚报。,Dad reads the evening paper every day.,พ่ออ่านหนังสือพิมพ์ตอนเย็นทุกวัน
晚期,他被诊断为癌症晚期。,He was diagnosed with late-stage cancer.,เขาถูกวินิจฉัยว่าเป็นมะเร็งระยะสุดท้าย
晚点,飞机晚点了两小时。,The flight was delayed by two hours.,เครื่องบินดีเลย์ไปสองชั่วโมง
普及,智能手机已经普及了。,Smartphones have already become widespread.,สมาร์ทโฟนแพร่หลายไปทั่วแล้ว
普通人,他只是个普通人。,He is just an ordinary person.,เขาก็แค่คนธรรมดาคนหนึ่ง
景区,这个景区门票很贵。,The tickets for this scenic area are expensive.,ค่าเข้าแหล่งท่องเที่ยวนี้แพงมาก
景点,这座城市有很多景点。,This city has many tourist attractions.,เมืองนี้มีสถานที่ท่องเที่ยวเยอะมาก
景观,公园的景观十分优美。,The park's scenery is very beautiful.,ทิวทัศน์ของสวนสาธารณะสวยงามมาก
晶莹,露珠晶莹剔透。,The dewdrop is sparkling and clear.,หยดน้ำค้างใสแวววาว
智能,这款手机很智能。,This phone is very smart.,โทรศัพท์รุ่นนี้ฉลาดมาก
暂,请大家暂时安静。,"Please be quiet for now, everyone.",ขอให้ทุกคนเงียบไว้ชั่วคราวก่อน
暂停,比赛因下雨暂停了。,The match was suspended because of rain.,การแข่งขันถูกพักชั่วคราวเพราะฝนตก
暑期,暑期他去打工挣钱。,During summer vacation he worked a part-time job to earn money.,ช่วงปิดเทอมหน้าร้อนเขาไปทำงานหาเงิน
暖,春天的阳光很暖。,The spring sunshine is very warm.,แสงแดดในฤดูใบไม้ผลิอบอุ่นมาก
暗示,他的话暗示了一些问题。,His words hinted at some problems.,คำพูดของเขาบอกเป็นนัยถึงปัญหาบางอย่าง
暴雨,昨晚下了一场暴雨。,There was a rainstorm last night.,เมื่อคืนฝนตกหนักมาก
暴露,这个错误暴露了问题。,This mistake exposed the problem.,ความผิดพลาดนี้เผยให้เห็นปัญหา
暴风雨,一场暴风雨即将来临。,A rainstorm is about to arrive.,พายุฝนกำลังจะมาถึง
曲折,这条山路十分曲折。,This mountain road is very winding.,ทางภูเขาเส้นนี้คดเคี้ยวมาก
更新,手机系统需要更新。,The phone system needs an update.,ระบบโทรศัพท์ต้องอัปเดต
曾经,我曾经去过北京。,I have been to Beijing before.,ฉันเคยไปปักกิ่งมาก่อน
替代,机器无法完全替代人。,Machines cannot fully replace humans.,เครื่องจักรไม่สามารถแทนที่คนได้อย่างสมบูรณ์
替换,请替换损坏的零件。,Please replace the damaged part.,กรุณาเปลี่ยนอะไหล่ที่เสียหายออก
月份,现在是什么月份？,What month is it now?,ตอนนี้เดือนอะไรแล้ว
月初,房租要在月初交。,Rent must be paid at the start of the month.,ค่าเช่าบ้านต้องจ่ายตอนต้นเดือน
月球,人类登上了月球。,Humans landed on the moon.,มนุษย์ได้ขึ้นไปเหยียบดวงจันทร์แล้ว
有利,这个决定对我们有利。,This decision is beneficial for us.,การตัดสินใจนี้เป็นประโยชน์ต่อเรา
有力,他的发言非常有力。,His speech was very powerful.,คำพูดของเขาหนักแน่นมาก
有望,这个项目有望成功。,This project is expected to succeed.,โครงการนี้มีความหวังว่าจะสำเร็จ
有毒,这种蘑菇有毒不能吃。,This kind of mushroom is poisonous and inedible.,เห็ดชนิดนี้มีพิษกินไม่ได้
有的是,这里有的是时间。,There's plenty of time here.,ที่นี่มีเวลาเหลือเฟือ
服从,士兵必须服从命令。,Soldiers must obey orders.,ทหารต้องปฏิบัติตามคำสั่ง
服饰,这家店卖传统服饰。,This shop sells traditional clothing.,ร้านนี้ขายเครื่องแต่งกายแบบดั้งเดิม
朝代,唐朝是一个繁荣的朝代。,The Tang dynasty was a prosperous era.,ราชวงศ์ถังเป็นราชวงศ์ที่รุ่งเรือง
朝气蓬勃,年轻人朝气蓬勃。,Young people are full of youthful energy.,คนหนุ่มสาวเต็มไปด้วยพลังและความสดใส
期待,大家都期待假期到来。,Everyone looks forward to the vacation.,ทุกคนต่างเฝ้ารอวันหยุดมาถึง
期望,父母对他期望很高。,His parents have high expectations of him.,พ่อแม่คาดหวังกับเขาสูงมาก
期限,这份合同有期限。,This contract has a time limit.,สัญญาฉบับนี้มีกำหนดระยะเวลา
木匠,他的父亲是一位木匠。,His father is a carpenter.,พ่อของเขาเป็นช่างไม้
木材,这栋房子用了很多木材。,This house used a lot of wood.,บ้านหลังนี้ใช้ไม้เยอะมาก
木板,工人在钉木板。,The worker is nailing a wooden board.,คนงานกำลังตอกแผ่นไม้
末,这是本世纪末的重大事件。,This is a major event at the end of this century.,นี่เป็นเหตุการณ์สำคัญในช่วงปลายศตวรรษนี้
本事,他真有本事解决这个难题。,He really has the ability to solve this hard problem.,เขามีความสามารถจริงๆ ที่แก้ปัญหายากๆ นี้ได้
本人,这封信是他本人写的。,This letter was written by him personally.,จดหมายฉบับนี้เขาเขียนเองกับมือ
朴实,他的衣着十分朴实。,His clothing is very plain and simple.,การแต่งตัวของเขาเรียบง่ายมาก
朴素,她的穿着很朴素。,Her clothing is very simple.,เธอแต่งกายอย่างเรียบง่ายไม่หรูหรา
朵,她买了一朵花。,She bought a flower.,เธอซื้อดอกไม้มาหนึ่งดอก
机智,他机智地解决了难题。,He cleverly solved the difficult problem.,เขาแก้ปัญหายากได้อย่างมีไหวพริบ
机灵,这只小狗非常机灵。,This little dog is very clever.,ลูกสุนัขตัวนี้ฉลาดแสนรู้มาก
机遇,这是难得的发展机遇。,This is a rare opportunity for development.,นี่เป็นโอกาสในการพัฒนาที่หาได้ยาก
杀,士兵不能随意杀人。,Soldiers must not kill people at will.,ทหารจะฆ่าคนตามอำเภอใจไม่ได้
杀手,电影里的杀手很冷酷。,The killer in the movie is very cold-blooded.,มือสังหารในหนังเย็นชามาก
权威,他是这个领域的权威。,He is an authority in this field.,เขาถือเป็นผู้เชี่ยวชาญระดับผู้นำในวงการนี้
杆,旗杆上挂着国旗。,A national flag hangs on the flagpole.,บนเสาธงมีธงชาติแขวนอยู่
村,他出生在一个小村。,He was born in a small village.,เขาเกิดในหมู่บ้านเล็กๆ
村庄,这个村庄风景很美。,This village has beautiful scenery.,หมู่บ้านแห่งนี้ทิวทัศน์สวยงามมาก
杜绝,学校要杜绝浪费现象。,The school must put an end to wastefulness.,โรงเรียนต้องกำจัดพฤติกรรมสิ้นเปลืองให้หมดสิ้น
束,她送了我一束鲜花。,She gave me a bunch of fresh flowers.,เธอให้ช่อดอกไม้สดฉันหนึ่งช่อ
束缚,传统观念束缚着她。,Traditional ideas held her back.,ความคิดเก่าๆ คอยพันธนาการเธอเอาไว้
来临,春天的脚步已经来临。,Spring has already arrived.,ย่างก้าวของฤดูใบไม้ผลิมาถึงแล้ว
来信,我收到了朋友的来信。,I received a letter from my friend.,ฉันได้รับจดหมายจากเพื่อน
来往,两家一直有来往。,The two families have always kept in touch.,สองครอบครัวไปมาหาสู่กันมาโดยตลอด
来源于,这个故事来源于真实事件。,This story originates from a true event.,เรื่องนี้มีที่มาจากเหตุการณ์จริง
杰出,他是一位杰出的科学家。,He is an outstanding scientist.,เขาเป็นนักวิทยาศาสตร์ที่โดดเด่น
松,他终于松了一口气。,He finally breathed a sigh of relief.,ในที่สุดเขาก็ถอนหายใจโล่งอก
极为,这件事极为重要。,This matter is extremely important.,เรื่องนี้สำคัญอย่างยิ่ง
极力,他极力反对这个方案。,He strongly opposed this plan.,เขาคัดค้านแผนนี้อย่างสุดกำลัง
极度,他现在感到极度疲惫。,He feels extremely exhausted right now.,ตอนนี้เขารู้สึกเหนื่อยล้าอย่างที่สุด
极端,他的想法太极端了。,His idea is too extreme.,ความคิดของเขาสุดโต่งเกินไป
极限,他挑战了自己的极限。,He challenged his own limits.,เขาท้าทายขีดจำกัดของตัวเอง
构思,作者花了两年构思这本书。,The author spent two years conceiving this book.,ผู้เขียนใช้เวลาสองปีในการคิดโครงเรื่องหนังสือเล่มนี้
构想,他提出了一个新构想。,He proposed a new concept.,เขาเสนอแนวคิดใหม่
构造,这座建筑的构造非常复杂。,This building's structure is very complex.,โครงสร้างของอาคารหลังนี้ซับซ้อนมาก
果园,秋天果园里挂满了苹果。,In autumn the orchard is full of apples.,ในฤดูใบไม้ร่วงสวนผลไม้เต็มไปด้วยแอปเปิล
果断,领导做事非常果断。,The leader is very decisive in handling matters.,หัวหน้าทำงานเด็ดขาดมาก
果然,他果然来了。,"Sure enough, he came.",เขามาจริงๆ ด้วย
枪,警察举起了枪。,The police officer raised his gun.,ตำรวจยกปืนขึ้น
架,书架上摆满了新书。,The bookshelf is filled with new books.,บนชั้นวางหนังสือเต็มไปด้วยหนังสือใหม่
柔软,这条毛毯摸起来很柔软。,This blanket feels very soft to the touch.,ผ้าห่มผืนนี้จับดูแล้วนุ่มมาก
柜台,顾客在柜台前排队。,Customers are lining up in front of the counter.,ลูกค้าต่อแถวอยู่หน้าเคาน์เตอร์
柜子,衣服放在柜子里。,The clothes are in the cupboard.,เสื้อผ้าอยู่ในตู้
查找,他在网上查找资料。,He searched for materials online.,เขาค้นหาข้อมูลบนอินเทอร์เน็ต
查明,警方正在查明真相。,Police are investigating to find out the truth.,ตำรวจกำลังสืบหาความจริง
柱子,大厅中央立着柱子。,A pillar stands in the center of the hall.,ตรงกลางห้องโถงมีเสาตั้งอยู่
标,请标出重点。,Please mark the key points.,กรุณาทำเครื่องหมายจุดสำคัญไว้
标志,这座塔是城市的标志。,This tower is a landmark of the city.,หอคอยนี้เป็นสัญลักษณ์ของเมือง
栏目,这个电视栏目很受欢迎。,This TV program segment is very popular.,รายการโทรทัศน์ช่วงนี้ได้รับความนิยมมาก
树叶,秋天树叶都黄了。,"In autumn, the leaves all turn yellow.",พอถึงฤดูใบไม้ร่วงใบไม้ก็เปลี่ยนเป็นสีเหลืองหมด
树木,公园里种满了树木。,The park is full of trees.,ในสวนสาธารณะปลูกต้นไม้ไว้เต็มไปหมด
树林,孩子们在树林里玩。,The children are playing in the woods.,เด็กๆ เล่นกันอยู่ในป่า
株,院子里种着一株梅花。,A plum tree is planted in the yard.,ในสนามปลูกต้นเหมยไว้หนึ่งต้น
核对,请仔细核对数据。,Please carefully verify the data.,กรุณาตรวจสอบข้อมูลอย่างละเอียด
根基,良好的根基很重要。,A solid foundation is very important.,รากฐานที่ดีสำคัญมาก
根源,找到问题的根源很重要。,It's important to find the root of the problem.,การหาต้นตอของปัญหาเป็นเรื่องสำคัญ
格局,这场比赛的格局变了。,The pattern of this match has changed.,รูปแบบของการแข่งขันนัดนี้เปลี่ยนไปแล้ว
格式,请按照要求调整格式。,Please adjust the format as required.,ช่วยปรับรูปแบบให้ตรงตามที่กำหนดด้วย
栽,爷爷在院子里栽了一棵树。,Grandpa planted a tree in the yard.,ปู่ปลูกต้นไม้ไว้ต้นหนึ่งในสวน
栽培,农民精心栽培果树。,The farmer carefully cultivates fruit trees.,ชาวนาเพาะปลูกดูแลต้นไม้ผลอย่างพิถีพิถัน
框,这幅画配了木框。,This painting has a wooden frame.,ภาพวาดนี้ใส่กรอบไม้
桩,这是一桩大事。,This is a major matter.,นี่เป็นเรื่องใหญ่เรื่องหนึ่ง
桶,他提着一桶水走来。,He walked over carrying a bucket of water.,เขาถือน้ำถังหนึ่งเดินเข้ามา
梦想,每个人都有自己的梦想。,Everyone has their own dream.,ทุกคนต่างก็มีความฝันของตัวเอง
梦见,昨晚我梦见了你。,Last night I dreamed about you.,เมื่อคืนฉันฝันถึงเธอ
梯子,他爬上梯子修屋顶。,He climbed up the ladder to fix the roof.,เขาปีนบันไดขึ้นไปซ่อมหลังคา
梳,她用梳子梳头发。,She combs her hair with a comb.,เธอใช้หวีหวีผม
检讨,他写了一份检讨。,He wrote a self-criticism.,เขาเขียนคำวิจารณ์ตัวเองมาฉบับหนึ่ง
检验,产品出厂前要检验。,Products must be inspected before leaving the factory.,สินค้าต้องผ่านการตรวจสอบก่อนออกจากโรงงาน
棉花,这床被子用棉花做成。,This quilt is made of cotton.,ผ้าห่มผืนนี้ทำจากฝ้าย
棍,他手里拿着一根棍子。,He was holding a stick in his hand.,เขาถือไม้ท่อนหนึ่งอยู่ในมือ
棒,你打得真棒。,You played really well.,เธอเล่นได้เก่งจริงๆ เลย
椰子,海边长满了高大的椰子树。,Tall coconut palms grow all along the beach.,ชายหาดเต็มไปด้วยต้นมะพร้าวสูงใหญ่
楼,我家住在五楼。,My family lives on the fifth floor.,บ้านฉันอยู่ชั้นห้า
楼房,这里新建了很多楼房。,Many new buildings have been built here.,ที่นี่สร้างตึกใหม่ขึ้นมาหลายหลัง
概括,请用一句话概括内容。,Please summarize the content in one sentence.,ช่วยสรุปเนื้อหาด้วยประโยคเดียว
概率,这件事发生的概率很低。,The probability of this happening is very low.,โอกาสที่เรื่องนี้จะเกิดขึ้นมีน้อยมาก
榜样,他是我们学习的榜样。,He is a role model for us to learn from.,เขาเป็นแบบอย่างให้พวกเราเรียนรู้
榨,妈妈用橙子榨果汁。,Mom presses oranges to make juice.,แม่ใช้ส้มคั้นเป็นน้ำผลไม้
模式,这种教学模式很有效。,This teaching model is very effective.,รูปแบบการสอนแบบนี้ได้ผลดีมาก
模样,她小时候的模样很可爱。,She looked very cute when she was little.,หน้าตาตอนเด็กๆ ของเธอน่ารักมาก
横,请画一条横线。,Please draw a horizontal line.,ช่วยลากเส้นแนวนอนเส้นหนึ่ง
橘子,我喜欢吃橘子。,I like eating tangerines.,ฉันชอบกินส้ม
欠,他还欠我一百块钱。,He still owes me a hundred yuan.,เขายังติดเงินฉันอยู่ร้อยหนึ่ง
次数,他迟到的次数太多了。,He has been late too many times.,เขามาสายหลายครั้งเกินไปแล้ว
欢乐,节日充满了欢乐气氛。,The festival is full of joyful atmosphere.,เทศกาลเต็มไปด้วยบรรยากาศรื่นเริงยินดี
欣慰,看到孩子成功，他感到欣慰。,"Seeing his child succeed, he felt gratified.",เห็นลูกประสบความสำเร็จ เขาก็รู้สึกปลื้มใจ
欣欣向荣,这座城市欣欣向荣。,This city is thriving.,เมืองนี้เจริญรุ่งเรือง
欲望,他对成功充满欲望。,He is full of desire for success.,เขาเต็มไปด้วยความปรารถนาที่จะประสบความสำเร็จ
款式,这件衣服的款式很新。,This piece of clothing has a very new style.,ดีไซน์ของเสื้อตัวนี้ใหม่มาก
歇,我们走累了歇一会儿。,"We're tired from walking, let's rest a while.",เราเดินจนเหนื่อยแล้ว พักสักครู่กันเถอะ
歌唱,孩子们在舞台上歌唱。,The children are singing on stage.,เด็กๆ ร้องเพลงอยู่บนเวที
歌声,她的歌声非常动听。,Her singing voice is very lovely.,เสียงร้องเพลงของเธอไพเราะมาก
歌手,她是一位有名的歌手。,She is a famous singer.,เธอเป็นนักร้องที่มีชื่อเสียง
歌曲,这首歌曲很好听。,This song sounds very nice.,เพลงนี้เพราะมาก
歌颂,这首诗歌颂了母爱。,This poem praises a mother's love.,บทกวีนี้สรรเสริญความรักของแม่
止,医生让他停止吸烟。,The doctor told him to stop smoking.,หมอให้เขาหยุดสูบบุหรี่
止步,请游客止步。,"Please, visitors go no further.",ขอให้นักท่องเที่ยวหยุดแค่ตรงนี้
正义,法律代表着社会正义。,The law represents social justice.,กฎหมายเป็นตัวแทนของความยุติธรรมในสังคม
正如,正如老师所说的那样。,Just as the teacher said.,เป็นอย่างที่คุณครูพูดไว้เลย
正宗,这家店的川菜很正宗。,This restaurant's Sichuan food is very authentic.,อาหารเสฉวนของร้านนี้รสชาติต้นตำรับมาก
正当,这是正当的要求。,This is a legitimate request.,นี่เป็นข้อเรียกร้องที่ชอบธรรม
正规,这是一家正规医院。,This is a properly licensed hospital.,นี่เป็นโรงพยาบาลที่ได้มาตรฐานถูกต้องตามกฎหมาย
正视,我们必须正视问题。,We must face the problem squarely.,เราต้องกล้าเผชิญหน้ากับปัญหาอย่างตรงไปตรงมา
正面,请从正面拍照。,Please take the photo from the front.,ช่วยถ่ายรูปจากด้านหน้าด้วย
此前,此前他从未去过中国。,"Before this, he had never been to China.",ก่อนหน้านี้เขาไม่เคยไปเมืองจีนมาก่อน
此后,此后他再也没回来。,"After that, he never came back.",หลังจากนั้นเขาก็ไม่เคยกลับมาอีกเลย
此处,此处禁止停车。,Parking is prohibited here.,ห้ามจอดรถตรงนี้
此时,此时窗外正下着大雨。,"At this moment, it's raining heavily outside.",ตอนนี้ข้างนอกหน้าต่างฝนกำลังตกหนัก
此次,此次旅行很愉快。,This trip was very pleasant.,การเดินทางครั้งนี้สนุกมาก
步骤,请按步骤操作机器。,Please operate the machine according to the steps.,กรุณาใช้งานเครื่องตามขั้นตอน
武器,士兵放下了武器。,The soldier put down his weapon.,ทหารวางอาวุธลง
武术,他从小学习中国武术。,He has practiced Chinese martial arts since childhood.,เขาเรียนศิลปะการต่อสู้ของจีนมาตั้งแต่เด็ก
歪,这幅画挂歪了。,This painting is hung crooked.,ภาพนี้แขวนเอียง
歪曲,媒体歪曲了事实。,The media distorted the facts.,สื่อบิดเบือนข้อเท็จจริง
死亡,车祸导致三人死亡。,The car accident caused three deaths.,อุบัติเหตุรถชนทำให้มีคนเสียชีวิตสามคน
歼灭,军队歼灭了敌军。,The army wiped out the enemy troops.,กองทัพกวาดล้างกองกำลังของศัตรูจนหมด
殷勤,服务员对客人十分殷勤。,The waiter was very attentive to the guests.,พนักงานเสิร์ฟดูแลเอาใจใส่ลูกค้าเป็นอย่างดี
殿堂,这座殿堂十分庄严。,This hall is very solemn.,ห้องโถงแห่งนี้ดูสง่างามมาก
毁,大火毁了整栋房子。,The fire destroyed the entire house.,ไฟไหม้ทำลายบ้านทั้งหลัง
毅力,学好中文需要毅力。,Learning Chinese well requires perseverance.,การเรียนภาษาจีนให้เก่งต้องใช้ความมานะอดทน
毅然,他毅然辞去了工作。,He resolutely quit his job.,เขาตัดสินใจลาออกจากงานอย่างเด็ดเดี่ยว
母子,母子俩相处融洽。,The mother and child get along harmoniously.,สองแม่ลูกอยู่ด้วยกันอย่างกลมเกลียว
毒,这种蘑菇有毒。,This kind of mushroom is poisonous.,เห็ดชนิดนี้มีพิษ
比不上,我的水平比不上他。,My level can't compare with his.,ระดับฝีมือของฉันสู้เขาไม่ได้
比分,现在比分是二比一。,The score is now two to one.,ตอนนี้สกอร์เป็นสองต่อหนึ่ง
比比皆是,这种错误比比皆是。,This kind of mistake can be found everywhere.,ความผิดพลาดแบบนี้มีให้เห็นเต็มไปหมด
比起,比起以前，他进步很大。,"Compared to before, he has made great progress.",เทียบกับเมื่อก่อน เขาก้าวหน้าขึ้นมาก
毕业生,今年的毕业生很多。,There are many graduates this year.,บัณฑิตจบใหม่ปีนี้มีเยอะมาก
毛,这只猫毛很软。,This cat's fur is very soft.,ขนของแมวตัวนี้นุ่มมาก
毛衣,妈妈织了一件毛衣。,Mom knitted a sweater.,แม่ถักเสื้อไหมพรมให้ตัวหนึ่ง
毫不,他毫不犹豫地答应了。,He agreed without the slightest hesitation.,เขาตอบตกลงโดยไม่ลังเลเลยสักนิด
毫不犹豫,他毫不犹豫地答应了。,He agreed without any hesitation.,เขาตอบตกลงโดยไม่ลังเลเลย
毫升,这瓶水有五百毫升。,This bottle of water is five hundred milliliters.,น้ำขวดนี้มีห้าร้อยมิลลิลิตร
毫无,他对此事毫无兴趣。,He has no interest in this at all.,เขาไม่มีความสนใจในเรื่องนี้เลยแม้แต่น้อย
毫米,这块手表的厚度只有几毫米。,This watch is only a few millimeters thick.,นาฬิกาเรือนนี้หนาแค่ไม่กี่มิลลิเมตร
民歌,奶奶会唱很多民歌。,Grandma can sing many folk songs.,คุณยายร้องเพลงพื้นบ้านได้หลายเพลง
气体,这种气体没有颜色。,This gas is colorless.,ก๊าซชนิดนี้ไม่มีสี
气势,这座建筑气势宏伟。,This building has a grand and imposing air.,อาคารหลังนี้ดูยิ่งใหญ่อลังการ
气愤,大家对此感到气愤。,Everyone felt indignant about this.,ทุกคนรู้สึกโกรธแค้นกับเรื่องนี้
气象,气象部门发布了预警。,The meteorological department issued a warning.,กรมอุตุนิยมวิทยาออกประกาศเตือนภัย
气馁,失败了也不要气馁。,Don't get discouraged even after failing.,ถึงจะล้มเหลวก็อย่าท้อแท้
氛围,教室里的氛围很轻松。,The atmosphere in the classroom is relaxed.,บรรยากาศในห้องเรียนผ่อนคลายมาก
水域,这片水域禁止游泳。,Swimming is prohibited in this body of water.,ห้ามว่ายน้ำในบริเวณน้ำแห่งนี้
水手,他年轻时当过水手。,He was a sailor when he was young.,ตอนหนุ่มๆ เขาเคยเป็นกะลาสีเรือ
水面,树叶漂浮在水面上。,Leaves float on the surface of the water.,ใบไม้ลอยอยู่บนผิวน้ำ
永不,我们永不放弃。,We will never give up.,พวกเราจะไม่มีวันยอมแพ้
永久,他们许下了永久的诺言。,They made an everlasting promise.,พวกเขาให้คำมั่นสัญญาที่ยืนยาวชั่วนิรันดร์
求,他求我帮他一个忙。,He asked me for a favor.,เขาขอให้ฉันช่วยเขาหน่อย
求助,他向朋友求助。,He asked a friend for help.,เขาขอความช่วยเหลือจากเพื่อน
求婚,他向她求婚了。,He proposed to her.,เขาขอเธอแต่งงาน
求救,他大声呼喊求救。,He shouted loudly for help.,เขาตะโกนขอความช่วยเหลือเสียงดัง
求职,他正在网上求职。,He is job hunting online.,เขากำลังหางานอยู่ทางออนไลน์
汇合,两条河流在此汇合。,The two rivers converge here.,แม่น้ำสองสายมาบรรจบกันที่นี่
汗,他跑得满头是汗。,He ran until his head was covered in sweat.,เขาวิ่งจนเหงื่อท่วมหัว
汗水,他的额头上满是汗水。,His forehead was covered in sweat.,หน้าผากของเขาเต็มไปด้วยเหงื่อ
江,长江是中国最长的河流。,The Yangtze is the longest river in China.,แม่น้ำแยงซีเป็นแม่น้ำที่ยาวที่สุดในจีน
汹涌,海浪汹涌，十分危险。,The waves surge violently and are very dangerous.,คลื่นทะเลเชี่ยวกรากรุนแรง อันตรายมาก
汽油,汽车没油了要加汽油。,"The car is out of fuel, needs gasoline.",รถหมดน้ำมันแล้วต้องเติมน้ำมันเบนซิน
沉思,他坐在窗前沉思。,"He sat by the window, deep in thought.",เขานั่งครุ่นคิดอยู่หน้าต่าง
沉甸甸,这个包裹沉甸甸的。,This package is quite heavy.,พัสดุห่อนี้หนักอึ้ง
沉着,遇到危险要保持沉着。,"When facing danger, stay calm.",เมื่อเจออันตรายต้องสงบนิ่งใจเย็น
沉重,他的心情十分沉重。,His mood was very heavy.,จิตใจของเขาหนักอึ้ง
沉闷,会议的气氛十分沉闷。,The atmosphere of the meeting was very oppressive.,บรรยากาศของการประชุมอึดอัดมาก
沉默,他一直保持沉默。,He kept silent the whole time.,เขาเงียบเฉยมาตลอด
沙滩,孩子们在沙滩上玩耍。,The children are playing on the beach.,เด็กๆ เล่นกันอยู่บนหาดทราย
沟,路边有一条水沟。,There is a ditch by the roadside.,ริมถนนมีร่องน้ำอยู่ร่องหนึ่ง
没意思,这部电影真没意思。,This movie is really boring.,หนังเรื่องนี้น่าเบื่อจริงๆ
没收,老师没收了他的手机。,The teacher confiscated his phone.,คุณครูยึดโทรศัพท์ของเขาไป
没用,这个工具一点没用。,This tool is completely useless.,เครื่องมือชิ้นนี้ไม่มีประโยชน์เลย
沮丧,考试失利让他很沮丧。,Doing poorly on the exam made him feel dejected.,การทำข้อสอบได้ไม่ดีทำให้เขารู้สึกหดหู่
河流,这条河流很长。,This river is very long.,แม่น้ำสายนี้ยาวมาก
沸腾,锅里的水已经沸腾了。,The water in the pot is already boiling.,น้ำในหม้อเดือดแล้ว
治,地方官员负责治理此地。,Local officials are responsible for governing this area.,เจ้าหน้าที่ท้องถิ่นรับผิดชอบปกครองดูแลพื้นที่นี้
治愈,这种病可以完全治愈。,This disease can be completely cured.,โรคนี้สามารถรักษาให้หายขาดได้
治理,政府正在治理污染。,The government is tackling pollution.,รัฐบาลกำลังจัดการแก้ไขปัญหามลพิษ
沾,他的衣服沾了油漆。,His clothes got stained with paint.,เสื้อของเขาเปื้อนสี
沿,我们沿着河边散步。,We walked along the riverside.,พวกเราเดินเล่นไปตามริมแม่น้ำ
沿途,沿途的风景十分美丽。,The scenery along the way is very beautiful.,วิวทิวทัศน์ตลอดทางสวยงามมาก
泉,山上有一眼清泉。,There is a clear spring on the mountain.,บนภูเขามีน้ำพุใสอยู่แห่งหนึ่ง
法规,公司必须遵守法规。,The company must comply with regulations.,บริษัทต้องปฏิบัติตามกฎระเบียบ
法院,他明天要去法院。,He has to go to court tomorrow.,พรุ่งนี้เขาต้องไปศาล
泡,他的脚上起了一个泡。,He got a blister on his foot.,เท้าของเขาเป็นตุ่มพองขึ้นมาเม็ดหนึ่ง
泡沫,杯子里冒出许多泡沫。,Lots of foam rose up in the cup.,ในแก้วมีฟองปุดขึ้นมาเยอะแยะ
波澜,他的话激起了波澜。,His words stirred up quite a commotion.,คำพูดของเขาก่อให้เกิดกระแสฮือฮา
泥,他的鞋上沾满了泥。,His shoes were covered in mud.,รองเท้าของเขาเปื้อนโคลนไปหมด
泥土,他的鞋子沾满了泥土。,His shoes were covered in mud.,รองเท้าของเขาเปื้อนดินโคลนไปหมด
注,大家都很关注此事。,Everyone is paying close attention to this matter.,ทุกคนต่างให้ความสนใจเรื่องนี้เป็นอย่างมาก
注册,新生需要在网上注册。,New students need to register online.,นักศึกษาใหม่ต้องลงทะเบียนทางออนไลน์
注定,这段感情注定失败。,This relationship was destined to fail.,ความรักครั้งนี้ถูกลิขิตให้ล้มเหลว
注视,他静静地注视着远方。,He gazed quietly into the distance.,เขาจ้องมองไปยังที่ไกลๆ อย่างเงียบๆ
泪,她忍不住流下了泪。,She couldn't help shedding tears.,เธอกลั้นไม่อยู่จนน้ำตาไหลออกมา
泻,洪水从山上倾泻而下。,The floodwater poured down from the mountain.,น้ำท่วมไหลบ่าลงมาจากภูเขา
泼,小心别把水泼出来。,Be careful not to spill the water.,ระวังอย่าทำน้ำสาดออกมา
津津有味,他吃得津津有味。,He is eating with great relish.,เขากินอย่างเอร็ดอร่อย
活儿,今天的活儿还没干完。,Today's work isn't finished yet.,งานของวันนี้ยังทำไม่เสร็จเลย
活跃,她在班里表现很活跃。,She is very active in class.,เธอกระตือรือร้นมากในห้องเรียน
派出,公司派出代表参加会议。,The company sent a representative to the meeting.,บริษัทส่งตัวแทนไปร่วมประชุม
流,河水缓缓向东流去。,The river flows slowly toward the east.,น้ำในแม่น้ำค่อยๆ ไหลไปทางทิศตะวันออก
流动,河水缓缓流动。,The river flows slowly.,น้ำในแม่น้ำค่อยๆ ไหลเอื่อย
流向,河水流向大海。,The river flows towards the sea.,น้ำในแม่น้ำไหลลงสู่ทะเล
流域,长江流域雨水充沛。,The Yangtze River basin has abundant rainfall.,ลุ่มแม่น้ำแยงซีมีฝนตกชุก
流失,过度砍伐导致水土流失。,Excessive logging caused soil erosion.,การตัดไม้มากเกินไปทำให้หน้าดินถูกชะล้างพังทลาย
流水,门前有一条流水。,There is a stream of flowing water in front of the door.,หน้าประตูมีธารน้ำไหลอยู่สายหนึ่ง
流泪,她感动得流泪了。,She was moved to tears.,เธอซาบซึ้งจนน้ำตาไหล
流畅,他的英语说得很流畅。,He speaks English very fluently.,เขาพูดภาษาอังกฤษได้อย่างคล่องแคล่ว
流程,请按照流程办理手续。,Please handle the procedure according to the process.,กรุณาดำเนินการตามขั้นตอน
流血,他的伤口一直流血。,His wound keeps bleeding.,บาดแผลของเขาเลือดไหลไม่หยุด
流通,这种货币在市场上流通。,This currency circulates in the market.,เงินสกุลนี้หมุนเวียนอยู่ในตลาด
浅,这条小河水很浅。,This small river is shallow.,แม่น้ำสายเล็กสายนี้น้ำตื้นมาก
测定,科学家测定了岩石的年龄。,Scientists determined the age of the rock.,นักวิทยาศาสตร์ตรวจวัดหาอายุของหิน
测试,明天要进行一次测试。,There will be a test tomorrow.,พรุ่งนี้จะมีการทดสอบครั้งหนึ่ง
测量,工人正在测量土地。,Workers are surveying the land.,คนงานกำลังรังวัดที่ดิน
浑身,他跑完步后浑身都是汗。,After running,หลังวิ่งเสร็จ ตัวเขาเปียกเหงื่อไปทั้งตัว
浓,妈妈煮的汤味道很浓。,The soup mom cooked has a strong flavor.,ซุปที่แม่ต้มรสชาติเข้มข้นมาก
浓缩,这瓶果汁是浓缩的。,This bottle of juice is concentrated.,น้ำผลไม้ขวดนี้เป็นแบบเข้มข้น
浓郁,咖啡的香味十分浓郁。,The coffee's aroma is very rich.,กลิ่นหอมของกาแฟหอมกรุ่นเข้มข้นมาก
浪,海边的浪很大。,The waves at the seaside are big.,คลื่นริมทะเลลูกใหญ่มาก
浮力,木头在水中受到浮力。,Wood experiences buoyancy in water.,ไม้ได้รับแรงพยุงเมื่ออยู่ในน้ำ
海关,他在海关被检查了行李。,His luggage was checked at customs.,สัมภาระของเขาถูกตรวจที่ด่านศุลกากร
海拔,这座山的海拔很高。,This mountain's elevation is very high.,ภูเขาลูกนี้สูงจากระดับน้ำทะเลมาก
海浪,海浪拍打着礁石。,The sea waves crash against the rocks.,คลื่นทะเลซัดเข้าใส่โขดหิน
海绵,她用海绵擦洗桌子。,She used a sponge to wipe the table.,เธอใช้ฟองน้ำเช็ดถูโต๊ะ
海面,海面上漂着一艘船。,A ship floats on the sea surface.,มีเรือลำหนึ่งลอยอยู่บนผิวทะเล
涂,她在脸上涂了防晒霜。,She applied sunscreen on her face.,เธอทาครีมกันแดดที่ใบหน้า
消,他的怒气渐渐消了。,His anger gradually subsided.,ความโกรธของเขาค่อยๆ จางหายไป
消灭,士兵们决心消灭敌人。,The soldiers were determined to wipe out the enemy.,เหล่าทหารมุ่งมั่นที่จะกำจัดศัตรูให้สิ้น
消防,消防员及时赶到现场。,The firefighters arrived at the scene in time.,นักดับเพลิงมาถึงที่เกิดเหตุได้ทันเวลา
涉及,这个问题涉及很多方面。,This issue involves many aspects.,ปัญหานี้เกี่ยวข้องกับหลายด้าน
涌,人群涌向了出口。,The crowd rushed toward the exit.,ฝูงชนหลั่งไหลไปยังทางออก
涨,最近物价一直在涨。,Prices have been rising recently.,ช่วงนี้ราคาสินค้าขึ้นมาตลอด
淘,妈妈正在淘米做饭。,Mom is rinsing rice to cook.,แม่กำลังซาวข้าวเพื่อหุงข้าว
淘气,这个孩子特别淘气。,This child is especially naughty.,เด็กคนนี้ซนเป็นพิเศษ
淘汰,他在比赛中被淘汰了。,He was eliminated in the competition.,เขาถูกคัดออกจากการแข่งขัน
淡,这杯茶味道太淡了。,This cup of tea tastes too weak.,ชาถ้วยนี้รสจืดเกินไป
深入,他深入研究这个课题。,He studied this topic in depth.,เขาศึกษาหัวข้อนี้อย่างลึกซึ้ง
深入人心,这个观念已经深入人心。,This idea has already won people's hearts.,แนวคิดนี้ซึมลึกเข้าไปในใจผู้คนแล้ว
深厚,他们感情深厚。,Their feelings for each other run deep.,ความผูกพันของพวกเขาลึกซึ้งแน่นแฟ้น
深夜,他工作到深夜才睡。,He worked until late at night before sleeping.,เขาทำงานจนดึกดื่นถึงค่อยไปนอน
深度,这篇文章缺乏思考的深度。,This article lacks depth of thought.,บทความนี้ขาดความลึกซึ้งทางความคิด
深思,这个问题值得深思。,This question is worth pondering deeply.,ปัญหานี้ควรค่าแก่การครุ่นคิดให้ลึกซึ้ง
深远,这项决定影响深远。,This decision has far-reaching effects.,การตัดสินใจครั้งนี้ส่งผลกระทบอย่างลึกซึ้งกว้างไกล
混乱,会场秩序一片混乱。,The venue was in complete chaos.,ระเบียบในที่ประชุมวุ่นวายไปหมด
混合,把两种颜色混合起来。,Mix the two colors together.,เอาสองสีนี้ผสมเข้าด้วยกัน
混淆,这两个概念很容易被混淆。,These two concepts are easily confused.,สองแนวคิดนี้สับสนปนเปกันได้ง่าย
添,请给我添点米饭。,Please add a bit more rice for me.,ช่วยเติมข้าวให้ฉันหน่อย
添加,这道菜可以添加一些盐。,You can add a bit of salt to this dish.,อาหารจานนี้เติมเกลือเพิ่มได้อีกนิดหน่อย
清明,清明节人们扫墓祭祖。,"On Qingming Festival, people sweep tombs and honor ancestors.",วันเช็งเม้งผู้คนไปกวาดสุสานไหว้บรรพบุรุษ
清晨,他习惯清晨跑步。,He is used to running in the early morning.,เขาชอบวิ่งตอนเช้าตรู่จนเป็นนิสัย
清晰,照片拍得非常清晰。,The photo was taken very clearly.,รูปถ่ายออกมาชัดเจนมาก
清洁,请保持环境清洁。,Please keep the environment clean.,กรุณารักษาสิ่งแวดล้อมให้สะอาด
清洗,他仔细清洗了蔬菜。,He carefully washed the vegetables.,เขาล้างผักอย่างพิถีพิถัน
清理,请帮忙清理房间。,Please help clean up the room.,ช่วยจัดการทำความสะอาดห้องหน่อย
清醒,喝了咖啡他变得清醒。,"After drinking coffee, he became more alert.",พอดื่มกาแฟเข้าไปเขาก็รู้สึกตื่นตัวขึ้น
清除,工人清除了路上的积雪。,Workers cleared the snow from the road.,คนงานกำจัดหิมะที่ทับถมบนถนนออกไป
渠道,公司拓展了销售渠道。,The company expanded its sales channels.,บริษัทขยายช่องทางการขาย
渡过,他们成功渡过了难关。,They successfully got through the difficulty.,พวกเขาผ่านช่วงเวลายากลำบากมาได้สำเร็จ
温和,她说话的语气很温和。,She speaks in a gentle tone.,น้ำเสียงที่เธอพูดนุ่มนวลมาก
温柔,她说话的语气总是很温柔。,Her tone of voice is always gentle.,น้ำเสียงที่เธอพูดอ่อนโยนเสมอ
温泉,冬天泡温泉是一种享受。,Soaking in a hot spring in winter is a real treat.,การแช่น้ำพุร้อนในหน้าหนาวเป็นความสุขอย่างหนึ่ง
游人,公园里挤满了游人。,The park was crowded with tourists.,ในสวนเต็มไปด้วยนักท่องเที่ยว
游玩,我们去公园游玩。,We went to the park to have fun.,เราไปเที่ยวเล่นที่สวนสาธารณะ
游览,我们打算游览故宫。,We plan to visit the Forbidden City.,เราตั้งใจจะไปเที่ยวชมพระราชวังต้องห้าม
渺小,在宇宙中人类十分渺小。,Humans are tiny within the universe.,ในจักรวาลมนุษย์นั้นเล็กจิ๋วมาก
湖泊,这个地区有很多湖泊。,This region has many lakes.,พื้นที่แถบนี้มีทะเลสาบเยอะมาก
湿,外面下雨衣服都湿了。,It's raining outside so the clothes are all wet.,ข้างนอกฝนตกเสื้อผ้าเปียกหมดเลย
湿度,今天的湿度非常高。,Today's humidity is very high.,วันนี้ความชื้นสูงมาก
源于,这个习俗源于古代传说。,This custom originates from an ancient legend.,ธรรมเนียมนี้มีต้นกำเนิดมาจากตำนานโบราณ
溶解,糖在水中很快溶解。,Sugar dissolves quickly in water.,น้ำตาลละลายในน้ำได้เร็วมาก
滑,地面很滑，小心点。,"The ground is slippery, be careful.",พื้นลื่นมาก ระวังหน่อยนะ
滑冰,冬天孩子们喜欢滑冰。,Children like skating in winter.,หน้าหนาวเด็กๆ ชอบเล่นสเก็ตน้ำแข็ง
滔滔不绝,他讲起故事滔滔不绝。,"Once he starts telling stories, he never stops talking.",พอเขาเริ่มเล่าเรื่อง ก็พูดไม่หยุดเลย
滚,水已经滚了可以下面条。,"The water is boiling, you can put in the noodles.",น้ำเดือดแล้ว ใส่เส้นได้เลย
滚动,球从桌上滚动下来。,The ball rolled off the table.,ลูกบอลกลิ้งตกลงมาจากโต๊ะ
满怀,他满怀希望地出发了。,He set off filled with hope.,เขาออกเดินทางไปด้วยหัวใจที่เต็มไปด้วยความหวัง
滴,水龙头一直在滴水。,The faucet keeps dripping water.,ก๊อกน้ำหยดน้ำตลอดเลย
漂,树叶在水面漂着。,The leaves are floating on the water.,ใบไม้ลอยอยู่บนผิวน้ำ
漏,屋顶下雨天会漏水。,The roof leaks when it rains.,หลังคารั่วเวลาฝนตก
演习,学校举行了消防演习。,The school held a fire drill.,โรงเรียนจัดการซ้อมดับเพลิง
演奏,她将在音乐厅演奏钢琴。,She will perform on the piano at the concert hall.,เธอจะบรรเลงเปียโนที่หอแสดงดนตรี
演绎,这部电影演绎了一段爱情。,This movie portrays a love story.,หนังเรื่องนี้ถ่ายทอดเรื่องราวความรัก
演讲,他在台上认真演讲。,He gave a serious speech on stage.,เขากล่าวสุนทรพจน์อย่างตั้งใจบนเวที
漫长,这是一段漫长的旅程。,This is a long journey.,นี่เป็นการเดินทางที่ยาวนาน
潇洒,他的动作十分潇洒。,His movements are very graceful and relaxed.,ท่าทางของเขาดูเท่และมีสไตล์มาก
潜力,这个孩子很有潜力。,This child has a lot of potential.,เด็กคนนี้มีศักยภาพมาก
潜在,这个市场有很大潜在价值。,This market has great potential value.,ตลาดนี้มีมูลค่าแฝงอยู่มหาศาล
潮,海边的潮已经退了。,The tide by the sea has already gone out.,น้ำทะเลที่ชายหาดลงแล้ว
潮流,她穿衣打扮很赶潮流。,Her outfits really keep up with trends.,การแต่งตัวของเธอตามเทรนด์มาก
潮湿,地下室很潮湿。,The basement is very damp.,ห้องใต้ดินชื้นมาก
激情,他对音乐充满激情。,He is full of passion for music.,เขาเต็มไปด้วยความหลงใหลในดนตรี
激活,请输入密码激活账户。,Please enter the password to activate the account.,กรุณาใส่รหัสผ่านเพื่อเปิดใช้งานบัญชี
激起,这个消息激起了大家的愤怒。,This news aroused everyone's anger.,ข่าวนี้จุดชนวนความโกรธของทุกคน
瀑布,这条瀑布非常壮观。,This waterfall is very spectacular.,น้ำตกแห่งนี้ตระการตามาก
灌溉,农民用河水灌溉农田。,Farmers irrigate the fields with river water.,ชาวนาใช้น้ำจากแม่น้ำทดน้ำเข้าไร่นา
火候,炒菜要掌握好火候。,Stir-frying requires good heat control.,การผัดกับข้าวต้องคุมไฟให้ดี
火灾,这场火灾造成了巨大损失。,This fire caused enormous losses.,ไฟไหม้ครั้งนี้สร้างความเสียหายมหาศาล
火焰,蜡烛的火焰在摇曳。,The candle's flame is flickering.,เปลวเทียนกำลังลุกไหว
火箭,这枚火箭成功发射了。,This rocket was launched successfully.,จรวดลำนี้ปล่อยตัวสำเร็จ
火花,电线冒出了火花。,Sparks flew from the wire.,สายไฟเกิดประกายไฟ
火辣辣,夏天的太阳火辣辣的。,The summer sun is scorching hot.,แดดหน้าร้อนร้อนแผดเผา
灭,大家一起把火灭了。,Everyone worked together to put out the fire.,ทุกคนช่วยกันดับไฟ
灭亡,那个古老王朝已灭亡。,That ancient dynasty has perished.,ราชวงศ์เก่าแก่นั้นล่มสลายไปแล้ว
灭绝,恐龙早已灭绝了。,Dinosaurs became extinct long ago.,ไดโนเสาร์สูญพันธุ์ไปนานแล้ว
灯笼,春节家家挂灯笼。,During Spring Festival every household hangs lanterns.,ช่วงตรุษจีนบ้านทุกหลังแขวนโคมไฟ
灵巧,她的双手非常灵巧。,Her hands are very nimble.,มือทั้งสองของเธอคล่องแคล่วมาก
灵魂,音乐能触动人的灵魂。,Music can touch a person's soul.,ดนตรีสามารถสัมผัสจิตวิญญาณของคนเราได้
灾区,志愿者赶往灾区救援。,Volunteers rushed to the disaster area to help.,อาสาสมัครรีบไปช่วยเหลือที่พื้นที่ประสบภัย
灾害,地震是一种自然灾害。,An earthquake is a kind of natural disaster.,แผ่นดินไหวเป็นภัยพิบัติทางธรรมชาติอย่างหนึ่ง
灾难,地震是一场可怕的灾难。,An earthquake is a terrible disaster.,แผ่นดินไหวเป็นหายนะที่น่ากลัว
炉子,厨房里有一个炉子。,There is a stove in the kitchen.,ในครัวมีเตาอยู่หนึ่งเตา
炎热,夏天天气非常炎热。,The weather is extremely hot in summer.,อากาศหน้าร้อนร้อนอบอ้าวมาก
炒,妈妈在厨房炒青菜。,Mom is stir-frying vegetables in the kitchen.,แม่กำลังผัดผักอยู่ในครัว
炫耀,他喜欢向朋友炫耀新车。,He likes to show off his new car to friends.,เขาชอบอวดรถใหม่ให้เพื่อนดู
炸药,工人们用炸药炸开了岩石。,The workers used explosives to blast open the rock.,คนงานใช้ระเบิดระเบิดหินออก
点火,他划了根火柴点火。,He struck a match to light a fire.,เขาจุดไม้ขีดเพื่อจุดไฟ
点缀,花朵点缀着整个花园。,Flowers adorn the entire garden.,ดอกไม้ประดับตกแต่งทั่วทั้งสวน
点评,老师对作文做了点评。,The teacher gave comments on the essay.,คุณครูให้ความเห็นเกี่ยวกับเรียงความ
炼,工厂用高温炼铁。,The factory smelts iron at high temperature.,โรงงานหลอมเหล็กด้วยความร้อนสูง
烂,这个苹果已经烂了。,This apple has already gone bad.,แอปเปิลลูกนี้เน่าแล้ว
烟,房间里全是烟味。,The room is full of the smell of smoke.,ในห้องมีแต่กลิ่นควัน
烟花,除夕夜到处都有烟花。,On New Year's Eve there are fireworks everywhere.,คืนส่งท้ายปีเก่ามีพลุอยู่ทุกที่
烤鸭,北京烤鸭非常有名。,Beijing roast duck is very famous.,เป็ดปักกิ่งขึ้นชื่อมาก
烦,这件事让他很烦。,This matter is really annoying him.,เรื่องนี้ทำให้เขารำคาญมาก
烦躁,天气太热让人烦躁。,The hot weather makes people irritable.,อากาศร้อนเกินไปทำให้คนหงุดหงิด
烫,小心别烫伤了手。,Be careful not to scald your hand.,ระวังอย่าให้มือลวกนะ
热带,这种植物生长在热带。,This plant grows in the tropics.,พืชชนิดนี้เติบโตในเขตร้อน
热点,这是最近的社会热点。,This is a recent hot topic in society.,นี่เป็นประเด็นร้อนในสังคมช่วงนี้
热门,这是今年最热门的话题。,This is the hottest topic this year.,นี่เป็นหัวข้อที่ฮอตที่สุดในปีนี้
焦点,这件事成了大家的焦点。,This matter became everyone's focus.,เรื่องนี้กลายเป็นจุดสนใจของทุกคน
焦虑,考试前他感到很焦虑。,He felt very anxious before the exam.,ก่อนสอบเขารู้สึกกังวลมาก
焦躁,等待结果让他很焦躁。,Waiting for the result made him restless.,การรอผลทำให้เขากระวนกระวายใจ
焰火,广场上放起了焰火。,Fireworks went off in the square.,มีการจุดพลุที่ลานกว้าง
煤,工厂需要大量的煤。,The factory needs a large amount of coal.,โรงงานต้องการถ่านหินจำนวนมาก
煤炭,这个地区盛产煤炭。,This region is rich in coal.,พื้นที่แถบนี้อุดมไปด้วยถ่านหิน
照料,她每天照料生病的母亲。,She takes care of her sick mother every day.,เธอดูแลแม่ที่ป่วยทุกวัน
照明,这条街道的照明设备很老旧。,The lighting equipment on this street is very old.,อุปกรณ์ให้แสงสว่างบนถนนสายนี้เก่ามาก
照耀,阳光照耀着大地。,Sunlight shines upon the earth.,แสงอาทิตย์ส่องสว่างทั่วผืนแผ่นดิน
熊,森林里有一只熊。,There is a bear in the forest.,ในป่ามีหมีอยู่ตัวหนึ่ง
熏陶,他从小受艺术熏陶。,He was influenced by art since childhood.,เขาซึมซับศิลปะมาตั้งแต่เด็ก
熟,苹果已经熟了。,The apple is already ripe.,แอปเปิลสุกแล้ว
熟练,他操作机器非常熟练。,He operates the machine very skillfully.,เขาใช้งานเครื่องจักรได้อย่างชำนาญมาก
燃料,汽车需要加满燃料。,The car needs to be filled up with fuel.,รถยนต์ต้องเติมเชื้อเพลิงให้เต็ม
爆,气球突然爆了。,The balloon suddenly burst.,ลูกโป่งระเบิดขึ้นมาทันที
爆发,战争突然爆发了。,War suddenly broke out.,สงครามปะทุขึ้นอย่างกะทันหัน
爆炸,厨房突然发生了爆炸。,An explosion suddenly occurred in the kitchen.,จู่ๆ ก็เกิดระเบิดขึ้นในครัว
爪子,猫用爪子抓门。,The cat scratches the door with its claw.,แมวใช้อุ้งเล็บข่วนประตู
爱不释手,他对这本书爱不释手。,He loves this book so much he can't put it down.,เขาชอบหนังสือเล่มนี้มากจนวางไม่ลง
爱心,他常常向灾区捐赠爱心物资。,He often donates charity supplies to disaster areas.,เขามักบริจาคสิ่งของด้วยน้ำใจให้พื้นที่ประสบภัย
爱惜,我们要爱惜粮食。,We should cherish food.,เราควรเห็นคุณค่าของอาหาร
爱护,我们要爱护公共设施。,We should take care of public facilities.,เราต้องช่วยกันดูแลรักษาสิ่งของสาธารณะ
爱面子,他非常爱面子。,He cares a lot about saving face.,เขาเป็นคนรักษาหน้ามาก
父女,这对父女很亲密。,This father and daughter are very close.,พ่อลูกคู่นี้สนิทกันมาก
爽快,他做事很爽快。,He acts in a straightforward way.,เขาทำอะไรฉับไวเด็ดขาด
片面,他的看法有点片面。,His view is a bit one-sided.,มุมมองของเขาค่อนข้างมองด้านเดียว
牌子,门口挂着一块牌子。,A sign hangs at the doorway.,ที่หน้าประตูมีป้ายแขวนอยู่
牙齿,医生检查了他的牙齿。,The doctor examined his teeth.,หมอตรวจฟันของเขา
牛,农场里养着牛。,Cows are raised on the farm.,ในฟาร์มเลี้ยงวัวไว้
牛仔裤,她穿了一条牛仔裤。,She wore a pair of jeans.,เธอใส่กางเกงยีนส์หนึ่งตัว
牡丹,公园里种满牡丹。,The park is full of peonies.,ในสวนปลูกดอกโบตั๋นเต็มไปหมด
牢,门锁得很牢。,The door is locked very firmly.,ประตูล็อกแน่นหนามาก
牢固,这座桥非常牢固。,This bridge is very sturdy.,สะพานนี้แข็งแรงมั่นคงมาก
牧场,羊群在牧场上吃草。,The sheep graze on the pasture.,ฝูงแกะกินหญ้าอยู่ในทุ่งเลี้ยงสัตว์
物品,请检查随身物品。,Please check your personal belongings.,กรุณาตรวจสอบสัมภาระติดตัว
物资,救援物资已经送到灾区。,Relief supplies have already been delivered to the disaster area.,สิ่งของบรรเทาทุกข์ถูกส่งไปยังพื้นที่ประสบภัยแล้ว
牵,妈妈牵着孩子的手。,Mom holds her child's hand.,แม่จูงมือลูก
特产,这是本地的特产。,This is a local specialty.,นี่เป็นของขึ้นชื่อประจำท้องถิ่น
特制,这是厨师特制的酱料。,This is a sauce specially made by the chef.,นี่เป็นซอสที่เชฟทำขึ้นเป็นพิเศษ
特地,我特地来看你。,I came specially to see you.,ฉันตั้งใจมาหาเธอโดยเฉพาะ
特定,这是特定的场合。,This is a specific occasion.,นี่เป็นโอกาสเฉพาะ
特征,这种鸟有明显的特征。,This bird has obvious distinguishing traits.,นกชนิดนี้มีลักษณะเด่นชัดเจน
特性,每种材料都有特性。,Every material has its own properties.,วัสดุแต่ละชนิดล้วนมีคุณสมบัติเฉพาะตัว
特有,这是熊猫特有的特征。,This is a characteristic unique to pandas.,นี่เป็นลักษณะเฉพาะที่มีแต่ในแพนด้า
特长,唱歌是她的特长。,Singing is her special talent.,การร้องเพลงเป็นความถนัดพิเศษของเธอ
牺牲,他为国家牺牲了。,He sacrificed himself for the country.,เขาเสียสละชีวิตเพื่อชาติ
犯,他不小心犯了错误。,He accidentally made a mistake.,เขาเผลอทำผิดพลาด
犯规,那名球员犯规了。,That player committed a foul.,นักกีฬาคนนั้นทำฟาวล์
状元,他是今年的状元。,He is this year's top scorer.,เขาเป็นผู้สอบได้ที่หนึ่งของปีนี้
犹豫不决,他做决定总是犹豫不决。,He is always hesitant when making decisions.,เวลาตัดสินใจเขาลังเลไม่กล้าตัดสินใจเสมอ
狂欢,大家彻夜狂欢。,Everyone partied all night.,ทุกคนสนุกสุดเหวี่ยงกันทั้งคืน
独一无二,每个人都是独一无二的。,Everyone is unique.,ทุกคนล้วนมีหนึ่งเดียวไม่เหมือนใคร
独立自主,国家实现了独立自主。,The country achieved independence and self-reliance.,ประเทศบรรลุความเป็นเอกราชและพึ่งพาตนเอง
独自,她独自一人去旅行。,She traveled alone.,เธอไปเที่ยวคนเดียวตามลำพัง
狭小,这个房间十分狭小。,This room is very narrow and small.,ห้องนี้เล็กคับแคบมาก
狭窄,这条街道十分狭窄。,This street is very narrow.,ถนนสายนี้แคบมาก
狭隘,他的想法很狭隘。,His thinking is very narrow-minded.,ความคิดของเขาคับแคบมาก
猎人,猎人在森林里追踪野兽。,The hunter tracked the beast through the forest.,นายพรานตามล่าสัตว์ป่าในป่า
猛,风突然刮得很猛。,The wind suddenly blew fiercely.,จู่ๆ ลมก็พัดแรงมาก
猛烈,双方展开猛烈进攻。,Both sides launched a fierce attack.,ทั้งสองฝ่ายเปิดฉากโจมตีอย่างดุเดือด
猛然,他猛然想起一件事。,He suddenly remembered something.,จู่ๆ เขาก็นึกขึ้นได้เรื่องหนึ่ง
率,这次考试通过率很高。,The pass rate for this exam is very high.,อัตราการสอบผ่านครั้งนี้สูงมาก
率先,他率先举手发言。,He was the first to raise his hand to speak.,เขาเป็นคนแรกที่ยกมือขึ้นพูด
率领,队长率领大家前进。,The captain led everyone forward.,หัวหน้าทีมนำทุกคนเดินหน้าไป
玉,她戴着一块漂亮的玉。,She was wearing a beautiful piece of jade.,เธอสวมหยกสวยๆ ชิ้นหนึ่ง
王后,王后穿着华丽的长裙。,The queen wore a gorgeous long dress.,ราชินีสวมชุดกระโปรงยาวหรูหรา
王国,这是一个古老的王国。,This is an ancient kingdom.,นี่เป็นอาณาจักรเก่าแก่
王子,王子骑马进城了。,The prince rode into the city on horseback.,เจ้าชายขี่ม้าเข้าเมือง
环绕,群山环绕着小镇。,Mountains surround the small town.,ภูเขาล้อมรอบเมืองเล็กๆ
现场,警察赶到了现场。,The police arrived at the scene.,ตำรวจรีบไปถึงที่เกิดเหตุ
现有,我们只能用现有的材料。,We can only use the materials we currently have.,เราใช้ได้แค่วัสดุที่มีอยู่ตอนนี้
现状,他对现状很不满意。,He is very dissatisfied with the current situation.,เขาไม่พอใจกับสภาพปัจจุบันมาก
现金,这家店只收现金。,This shop only accepts cash.,ร้านนี้รับแต่เงินสด
玻璃,小心别打碎玻璃。,Be careful not to break the glass.,ระวังอย่าทำกระจกแตก
珍珠,她戴着一串珍珠项链。,She wore a pearl necklace.,เธอสวมสร้อยคอไข่มุก
班长,她当上了班长。,She became the class monitor.,เธอได้เป็นหัวหน้าห้อง
球场,孩子们在球场上踢球。,The children are playing football on the field.,เด็กๆ เตะบอลอยู่ในสนาม
球迷,他是资深球迷。,He is a diehard fan.,เขาเป็นแฟนบอลตัวยง
球队,我们的球队赢了比赛。,Our team won the match.,ทีมของเราชนะการแข่งขัน
理性,遇事要保持理性。,One should stay rational when facing problems.,เวลาเจอปัญหาต้องมีเหตุผล
理所当然,他觉得这是理所当然的。,He thinks this is only natural.,เขารู้สึกว่านี่เป็นเรื่องธรรมดาที่ควรจะเป็นอยู่แล้ว
理智,遇事要保持理智。,One should stay rational when facing problems.,เวลาเจอปัญหาต้องรักษาสติ
理睬,他没有理睬我。,He didn't pay any attention to me.,เขาไม่สนใจฉันเลย
琴,她每天练习弹琴。,She practices playing the instrument every day.,เธอฝึกเล่นเครื่องดนตรีทุกวัน
瓷器,这些瓷器很珍贵。,This porcelain is very precious.,เครื่องกระเบื้องเหล่านี้มีค่ามาก
甜美,她的笑容十分甜美。,Her smile is very sweet.,รอยยิ้มของเธอหวานมาก
甜蜜,他们过着甜蜜的生活。,They live a sweet life.,พวกเขาใช้ชีวิตอย่างหวานชื่น
生动,老师讲课非常生动。,The teacher's lectures are very vivid.,คุณครูสอนได้มีชีวิตชีวามาก
生态,我们要保护生态环境。,We must protect the ecological environment.,เราต้องปกป้องสภาพแวดล้อมทางระบบนิเวศ
生怕,她生怕迟到了。,She was afraid of being late.,เธอกลัวเหลือเกินว่าจะไปสาย
生成,系统自动生成报告。,The system automatically generates the report.,ระบบสร้างรายงานขึ้นมาโดยอัตโนมัติ
生机,春天充满了生机。,Spring is full of vitality.,ฤดูใบไม้ผลิเต็มไปด้วยชีวิตชีวา
生硬,他的态度显得很生硬。,His attitude seemed very stiff.,ท่าทีของเขาดูแข็งกระด้างมาก
生育,她计划明年生育。,She plans to have a baby next year.,เธอวางแผนจะมีลูกปีหน้า
用不着,你用不着担心。,You don't need to worry.,เธอไม่จำเป็นต้องกังวลหรอก
用人,公司用人非常谨慎。,The company is very careful about hiring people.,บริษัทระมัดระวังมากในการรับคนเข้าทำงาน
用处,这个工具很有用处。,This tool is very useful.,เครื่องมือนี้มีประโยชน์มาก
用得着,这些工具以后用得着。,These tools will be useful later.,เครื่องมือพวกนี้ไว้ใช้ประโยชน์ได้ในภายหลัง
用心,他做事一向很用心。,He always does things attentively.,เขาทำอะไรตั้งใจใส่ใจเสมอ
用意,我明白你的用意。,I understand your intention.,ฉันเข้าใจเจตนาของเธอ
用户,这个软件有很多用户。,This software has many users.,ซอฟต์แวร์นี้มีผู้ใช้เยอะมาก
用法,请说明这个词的用法。,Please explain the usage of this word.,กรุณาอธิบายวิธีใช้ของคำนี้
用餐,请大家准时用餐。,Please everyone eat on time.,ขอให้ทุกคนรับประทานอาหารให้ตรงเวลา
甩,他生气地甩上了门。,He angrily slammed the door.,เขากระแทกประตูปิดอย่างโกรธเกรี้ยว
田径,他擅长田径运动。,He excels at track and field.,เขาเก่งกีฬากรีฑา
由此可见,由此可见他非常努力。,"From this, it's clear he works very hard.",จากตรงนี้จะเห็นได้ว่าเขาขยันมาก
甲,他在考试中获得甲等。,He received a grade A on the exam.,เขาได้เกรดเอในการสอบ
电台,他在电台工作多年。,He has worked at the radio station for years.,เขาทำงานที่สถานีวิทยุมาหลายปี
电视剧,她喜欢看电视剧。,She likes watching TV dramas.,เธอชอบดูละครโทรทัศน์
电视台,他在电视台工作。,He works at a TV station.,เขาทำงานที่สถานีโทรทัศน์
电视机,客厅里放着一台电视机。,A television set sits in the living room.,ในห้องนั่งเล่นมีโทรทัศน์วางอยู่หนึ่งเครื่อง
男士,这件外套是为男士设计的。,This jacket is designed for men.,เสื้อโค้ตตัวนี้ออกแบบมาสำหรับผู้ชาย
男生,班上有十个男生。,There are ten boys in the class.,ในห้องมีเด็กผู้ชายสิบคน
畅销,这本书非常畅销。,This book sells extremely well.,หนังสือเล่มนี้ขายดีมาก
界限,两国划定了界限。,The two countries set a boundary.,สองประเทศกำหนดเส้นแบ่งเขตแดน
留恋,我很留恋这里的生活。,I am reluctant to leave the life here.,ฉันอาลัยอาวรณ์ชีวิตที่นี่มาก
留言,他在本子上留言。,He left a message in the notebook.,เขาเขียนข้อความทิ้งไว้ในสมุด
略,味道略有些咸。,The taste is slightly salty.,รสชาติเค็มไปนิดหน่อย
略微,这个价格略微贵了点。,This price is a bit expensive.,ราคานี้แพงไปนิดหน่อย
番,他费了一番功夫。,He put in quite an effort.,เขาลงแรงไปไม่น้อย
番茄,妈妈买了几个新鲜番茄。,Mom bought a few fresh tomatoes.,แม่ซื้อมะเขือเทศสดมาสองสามลูก
疑惑,他脸上露出疑惑的表情。,A puzzled expression appeared on his face.,บนใบหน้าของเขาปรากฏสีหน้าฉงนสงสัย
疑问,这件事还有很多疑问。,There are still many doubts about this matter.,เรื่องนี้ยังมีข้อสงสัยอีกมาก
疗效,这种药疗效很好。,This medicine is very effective.,ยาชนิดนี้ได้ผลในการรักษาดีมาก
疯,他因为压力大快疯了。,He's almost going crazy from the pressure.,เขาเกือบจะบ้าเพราะเครียดมาก
疯狂,他疯狂地爱上了她。,He fell madly in love with her.,เขาตกหลุมรักเธออย่างบ้าคลั่ง
疲倦,长途旅行让他很疲倦。,The long journey left him exhausted.,การเดินทางไกลทำให้เขาเหนื่อยล้ามาก
疲惫,长途旅行让她很疲惫。,The long trip left her exhausted.,การเดินทางไกลทำให้เธอเหนื่อยมาก
疲惫不堪,工作一天他疲惫不堪。,After a day of work he was utterly exhausted.,ทำงานทั้งวันเขาเหนื่อยจนแทบขาดใจ
病症,医生检查出了病症。,The doctor diagnosed the illness.,หมอตรวจเจออาการป่วยแล้ว
痒,我的手臂被蚊子咬痒了。,My arm itches from a mosquito bite.,แขนฉันคันเพราะโดนยุงกัด
痕迹,墙上留下了雨水痕迹。,The wall was left with rainwater marks.,บนผนังมีร่องรอยคราบน้ำฝนทิ้งไว้
痛,他的胃突然一阵剧痛。,His stomach suddenly had a sharp pain.,จู่ๆ ท้องเขาก็ปวดขึ้นมาอย่างรุนแรง
痛快,大家玩得非常痛快。,Everyone had a really great time.,ทุกคนเล่นกันอย่างสนุกสุดเหวี่ยง
痰,请不要随地吐痰。,Please don't spit phlegm on the ground.,กรุณาอย่าบ้วนเสมหะลงพื้น
癌,他被诊断出患癌。,He was diagnosed with cancer.,เขาถูกวินิจฉัยว่าเป็นมะเร็ง
登,我们计划登上山顶。,We plan to climb to the mountain top.,เราวางแผนจะปีนขึ้นไปถึงยอดเขา
登机,乘客正在登机。,Passengers are boarding the plane.,ผู้โดยสารกำลังขึ้นเครื่อง
登记,请在这里登记姓名。,Please register your name here.,กรุณาลงทะเบียนชื่อตรงนี้
皆,大家皆知这个消息。,Everyone knows this news.,ทุกคนต่างรู้ข่าวนี้กันหมด
皇后,皇后住在这座宫殿。,The empress lives in this palace.,พระราชินีประทับอยู่ในวังแห่งนี้
皇室,他出身皇室家庭。,He was born into a royal family.,เขาเกิดในครอบครัวราชวงศ์
皇宫,游客们排队参观皇宫。,Tourists lined up to visit the imperial palace.,นักท่องเที่ยวเข้าแถวรอชมพระราชวัง
皱,她的衣服皱了。,Her clothes are wrinkled.,เสื้อผ้าของเธอยับ
盆,她端来一盆水洗脸。,She brought a basin of water to wash her face.,เธอยกน้ำมาหนึ่งกะละมังเพื่อล้างหน้า
益处,运动对身体有益处。,Exercise has benefits for the body.,การออกกำลังกายมีประโยชน์ต่อร่างกาย
盏,桌上点着一盏灯。,A lamp is lit on the table.,บนโต๊ะมีตะเกียงจุดอยู่ดวงหนึ่ง
监督,工程需要严格监督。,The project needs strict supervision.,งานก่อสร้างต้องมีการควบคุมดูแลอย่างเข้มงวด
监视,摄像头正在监视大门。,The camera is monitoring the gate.,กล้องกำลังเฝ้าจับตาดูประตูอยู่
盒,桌上有一个盒子。,There is a box on the table.,บนโต๊ะมีกล่องอยู่ใบหนึ่ง
盛,春天花开得很盛。,The flowers bloom abundantly in spring.,ฤดูใบไม้ผลิดอกไม้บานสะพรั่ง
盛开,春天花朵到处盛开。,"In spring, flowers bloom everywhere.",ฤดูใบไม้ผลิดอกไม้บานไปทั่วทุกที่
盛行,这种风格曾经盛行。,This style was once popular.,สไตล์แบบนี้เคยได้รับความนิยมมาก่อน
目光,她的目光十分坚定。,Her gaze was very firm.,สายตาของเธอมุ่งมั่นมาก
盲目,不要盲目相信广告。,Don't blindly trust advertisements.,อย่าเชื่อโฆษณาอย่างงมงาย
直,这条路很直。,This road is very straight.,ถนนเส้นนี้ตรงมาก
直奔,他下车后直奔机场。,"After getting off, he headed straight to the airport.",พอลงจากรถเขาก็ตรงดิ่งไปสนามบิน
直径,这个圆的直径是十米。,The diameter of this circle is ten meters.,วงกลมนี้มีเส้นผ่านศูนย์กลางสิบเมตร
直至,他工作直至深夜。,He worked until late at night.,เขาทำงานจนถึงดึกดื่น
直观,这张图表非常直观。,This chart is very intuitive.,แผนภูมินี้เข้าใจง่ายมาก
相传,相传这座桥有百年历史。,Legend has it that this bridge is a hundred years old.,เล่าสืบต่อกันมาว่าสะพานนี้มีอายุร้อยปี
相伴,他们一生相伴。,They accompanied each other for a lifetime.,พวกเขาอยู่เคียงข้างกันตลอดชีวิต
相声,他从小就喜欢听相声。,He has loved listening to comic dialogue since childhood.,เขาชอบฟังการแสดงตลกโต้ตอบมาตั้งแต่เด็ก
相差,两人的年龄相差不大。,The two of them are close in age.,อายุของสองคนต่างกันไม่มาก
相应,请采取相应的措施。,Please take corresponding measures.,กรุณาใช้มาตรการที่สอดคล้องกัน
相当,这道题相当难。,This question is quite difficult.,ข้อนี้ยากพอสมควร
相当于,一公里相当于两里。,One kilometer is equivalent to two li.,หนึ่งกิโลเมตรเท่ากับสองลี้
相比之下,相比之下这个更便宜。,"By comparison, this one is cheaper.",เมื่อเทียบกันแล้วอันนี้ถูกกว่า
相等,两条边的长度相等。,The two sides are equal in length.,ด้านทั้งสองยาวเท่ากัน
相约,我们相约明天见面。,We agreed to meet tomorrow.,เรานัดกันว่าจะเจอกันพรุ่งนี้
相识,我们在大学相识。,We got to know each other in college.,เรารู้จักกันตอนเรียนมหาวิทยาลัย
相连,两座城市由铁路相连。,The two cities are connected by railway.,สองเมืองเชื่อมต่อกันด้วยทางรถไฟ
相通,这两条河相通。,These two rivers are connected.,แม่น้ำสองสายนี้เชื่อมถึงกัน
相遇,我们在旅途中相遇。,We met each other during the trip.,เราพบกันระหว่างการเดินทาง
省事,网上购物比较省事。,Online shopping is more convenient.,ช้อปปิ้งออนไลน์สะดวกกว่า
眉开眼笑,听到好消息他眉开眼笑。,"Hearing the good news, he beamed with joy.",พอได้ยินข่าวดีเขาก็ยิ้มแก้มปริ
看不起,他从不看不起穷人。,He never looks down on poor people.,เขาไม่เคยดูถูกคนจน
看中,她看中了一条裙子。,She took a liking to a dress.,เธอถูกใจกระโปรงตัวหนึ่ง
看似,这道题看似简单其实很难。,This question seems simple but is actually hard.,ข้อนี้ดูเหมือนง่ายแต่จริงๆ ยากมาก
看作,大家把他看作英雄。,Everyone regards him as a hero.,ทุกคนมองเขาเป็นฮีโร่
看好,妈妈让我看好弟弟。,Mom told me to keep an eye on my little brother.,แม่ให้ฉันคอยดูน้องชายให้ดี
看成,他把我看成朋友。,He regards me as a friend.,เขามองฉันเป็นเพื่อน
看样子,看样子要下雨了。,It looks like it's going to rain.,ดูท่าทางฝนจะตกแล้ว
看重,老板很看重他的能力。,The boss values his ability highly.,เจ้านายให้ความสำคัญกับความสามารถของเขามาก
真假,没人分得清真假。,No one could tell what was real or fake.,ไม่มีใครแยกออกว่าอันไหนจริงอันไหนปลอม
真挚,他的感情十分真挚。,His feelings are very sincere.,ความรู้สึกของเขาจริงใจมาก
真相,大家想知道真相。,Everyone wants to know the truth.,ทุกคนอยากรู้ความจริง
真诚,他态度真诚地道歉。,He apologized with sincere attitude.,เขาขอโทษด้วยท่าทีจริงใจ
眼下,眼下最重要的是安全。,"Right now, safety is most important.",ตอนนี้สิ่งที่สำคัญที่สุดคือความปลอดภัย
眼光,她挑选衣服很有眼光。,She has a good eye for picking clothes.,เธอมีสายตาในการเลือกเสื้อผ้า
眼界,旅行开阔了我的眼界。,Traveling has broadened my horizons.,การเดินทางเปิดโลกทัศน์ของฉันให้กว้างขึ้น
眼神,她的眼神充满期待。,Her eyes were full of expectation.,แววตาของเธอเต็มไปด้วยความคาดหวัง
眼色,他给我使了个眼色。,He gave me a meaningful look.,เขาส่งสายตาเป็นนัยให้ฉัน
着火,厨房突然着火了。,The kitchen suddenly caught fire.,จู่ๆ ครัวก็เกิดไฟไหม้
着眼,我们要着眼未来。,We must focus on the future.,เราต้องมองไปที่อนาคต
着眼于,计划着眼于长远发展。,The plan focuses on long-term development.,แผนนี้มุ่งเน้นไปที่การพัฒนาระยะยาว
督促,老师督促学生复习。,The teacher urges students to review.,คุณครูคอยกระตุ้นให้นักเรียนทบทวนบทเรียน
瞧,你瞧那边的风景多美。,"Look, the scenery over there is so beautiful.",ดูสิ วิวตรงนั้นสวยจังเลย
瞪,他生气地瞪着我。,He glared at me angrily.,เขาจ้องเขม็งมาที่ฉันอย่างโกรธเคือง
瞬间,那一瞬间他明白了真相。,"In that instant, he understood the truth.",ในวินาทีนั้นเขาก็เข้าใจความจริง
知觉,他的手臂失去知觉。,His arm lost feeling.,แขนของเขาหมดความรู้สึก
短处,每个人都有短处。,Everyone has shortcomings.,ทุกคนต่างก็มีจุดด้อย
短期,这是一个短期计划。,This is a short-term plan.,นี่เป็นแผนระยะสั้น
短缺,这个地区水资源短缺。,This region suffers from a water shortage.,พื้นที่นี้ขาดแคลนทรัพยากรน้ำ
矮小,那棵树长得很矮小。,That tree is short and small.,ต้นไม้ต้นนั้นเตี้ยและเล็ก
石油,这个国家出口大量石油。,This country exports a large amount of oil.,ประเทศนี้ส่งออกน้ำมันปริมาณมาก
矿藏,这里矿藏十分丰富。,The mineral resources here are very rich.,ที่นี่มีแร่ธาตุอุดมสมบูรณ์มาก
码头,船停靠在码头。,The ship docked at the wharf.,เรือจอดเทียบท่า
砍,他用斧头砍树。,He chopped the tree with an axe.,เขาใช้ขวานฟันต้นไม้
研发,公司投入大量资金研发新药。,The company invested heavily in R&D for a new drug.,บริษัททุ่มเงินจำนวนมากเพื่อวิจัยและพัฒนายาตัวใหม่
破产,那家公司已经破产。,That company has already gone bankrupt.,บริษัทนั้นล้มละลายไปแล้ว
破灭,他的梦想最终破灭了。,His dream was ultimately shattered.,ในที่สุดความฝันของเขาก็พังทลาย
破碎,花瓶掉在地上破碎了。,The vase fell to the ground and shattered.,แจกันตกลงพื้นแตกกระจาย
破裂,双方的谈判最终破裂了。,The negotiations between the two sides ultimately broke down.,ในที่สุดการเจรจาของทั้งสองฝ่ายก็ล่มลง
砸,他不小心砸碎了花瓶。,He accidentally smashed the vase.,เขาเผลอทุบแจกันจนแตก
硕果,他的研究结出硕果。,His research bore great fruit.,งานวิจัยของเขาออกดอกออกผลอย่างงดงาม
硬件,这台电脑硬件不错。,This computer has good hardware.,คอมพิวเตอร์เครื่องนี้ฮาร์ดแวร์ดี
碑,广场上立着一块碑。,There is a stone tablet standing in the square.,กลางลานมีแผ่นศิลาจารึกตั้งอยู่
碰到,我在路上碰到老师。,I ran into my teacher on the way.,ฉันบังเอิญเจอคุณครูระหว่างทาง
碰撞,两辆车发生了碰撞。,The two cars collided.,รถสองคันชนกัน
碳,钻石是纯碳组成的。,Diamonds are made of pure carbon.,เพชรประกอบขึ้นจากคาร์บอนบริสุทธิ์
磕,他不小心磕了头。,He accidentally bumped his head.,เขาเผลอเอาหัวไปโขก
磨难,他经历过很多磨难。,He has gone through many hardships.,เขาผ่านความยากลำบากมามากมาย
示意,老师示意我坐下。,The teacher gestured for me to sit down.,คุณครูส่งสัญญาณให้ฉันนั่งลง
礼,过年时大家互相送礼。,During Chinese New Year everyone exchanges gifts.,ช่วงตรุษจีนทุกคนต่างมอบของขวัญให้กัน
礼品,这是给你的礼品。,This is a gift for you.,นี่เป็นของขวัญสำหรับคุณ
礼拜,他们每周做礼拜。,They attend religious service every week.,พวกเขาไปประกอบพิธีทางศาสนาทุกสัปดาห์
社,他加入了报社。,He joined the newspaper agency.,เขาเข้าทำงานที่สำนักงานหนังสือพิมพ์
祖先,我们要记住祖先的历史。,We should remember our ancestors' history.,เราควรจดจำประวัติศาสตร์ของบรรพบุรุษ
祖父,我祖父今年八十岁。,My grandfather is eighty years old this year.,ปีนี้ปู่ของฉันอายุแปดสิบปี
祖籍,他的祖籍在广东。,His ancestral home is in Guangdong.,บ้านเกิดบรรพบุรุษของเขาอยู่ที่กวางตุ้ง
祝福,送上我最真诚的祝福。,Sending my most sincere blessings.,ขอส่งคำอวยพรที่จริงใจที่สุดของฉัน
神仙,传说中神仙住在天上。,Legend says immortals live in the sky.,ตามตำนานเล่าว่าเทวดาอาศัยอยู่บนสวรรค์
神圣,婚礼是神圣的时刻。,A wedding is a sacred moment.,งานแต่งงานเป็นช่วงเวลาอันศักดิ์สิทธิ์
神态,他的神态十分镇定。,His demeanor was very calm.,ท่าทางของเขาสงบนิ่งมาก
神秘,这个故事非常神秘。,This story is very mysterious.,เรื่องนี้ลึกลับมาก
神经,他的神经太紧张了。,His nerves are too tense.,ประสาทของเขาตึงเครียดเกินไป
福,祝你新年有福。,Wishing you good fortune in the new year.,ขอให้เธอมีโชควาสนาดีในปีใหม่
福利,公司为员工提供各种福利。,The company provides various benefits for employees.,บริษัทมอบสวัสดิการต่างๆ ให้พนักงาน
福气,能吃能睡是福气。,Being able to eat and sleep well is a blessing.,การกินได้นอนหลับก็นับเป็นบุญวาสนาแล้ว
离奇,这个故事情节离奇。,The plot of this story is bizarre.,โครงเรื่องของนิทานเรื่องนี้พิลึกพิลั่น
离婚,他们去年离婚了。,They got divorced last year.,พวกเขาหย่ากันเมื่อปีที่แล้ว
私自,他私自离开了岗位。,He left his post without permission.,เขาละทิ้งหน้าที่โดยพลการ
种种,他遇到了种种困难。,He encountered all kinds of difficulties.,เขาเจอกับความยากลำบากสารพัด
科,他学的是理科。,He studies science.,เขาเรียนสายวิทยาศาสตร์
秘诀,成功没有秘诀。,There is no secret to success.,ความสำเร็จไม่มีเคล็ดลับ
租金,这里的租金很贵。,The rent here is very expensive.,ค่าเช่าที่นี่แพงมาก
秩序,大家要维护公共秩序。,Everyone should maintain public order.,ทุกคนต้องรักษาความเป็นระเบียบเรียบร้อยของส่วนรวม
积,他多年积累了经验。,He accumulated experience over many years.,เขาสั่งสมประสบการณ์มาหลายปี
积蓄,他花光了所有积蓄。,He spent all his savings.,เขาใช้เงินเก็บจนหมดเกลี้ยง
称呼,你怎么称呼他？,What do you call him?,คุณเรียกเขาว่าอะไร?
移,请把桌子往左移一点。,Please move the table a little to the left.,ช่วยขยับโต๊ะไปทางซ้ายอีกนิด
移植,医生成功完成了器官移植。,The doctor successfully completed an organ transplant.,หมอผ่าตัดปลูกถ่ายอวัยวะสำเร็จ
移民,他们全家移民到了加拿大。,Their whole family immigrated to Canada.,ทั้งครอบครัวของพวกเขาอพยพไปอยู่แคนาดา
稀少,这个地区人口非常稀少。,This region's population is very sparse.,พื้นที่นี้มีประชากรเบาบางมาก
程序,这个申请程序很复杂。,This application procedure is very complicated.,ขั้นตอนการสมัครนี้ซับซ้อนมาก
稍后,我们稍后再谈。,Let's talk again in a little while.,เดี๋ยวเราค่อยคุยกันอีกที
稳,他走路很稳。,He walks steadily.,เขาเดินได้มั่นคง
稳妥,这个方案比较稳妥。,This plan is relatively safe and sound.,แผนนี้ค่อนข้างรัดกุมปลอดภัย
穷人,政府帮助穷人脱贫。,The government helps the poor escape poverty.,รัฐบาลช่วยคนจนให้หลุดพ้นจากความยากจน
空地,小区中间有一块空地。,There's a vacant lot in the middle of the neighborhood.,กลางหมู่บ้านมีที่ว่างอยู่ผืนหนึ่ง
空想,别只顾空想不去行动。,Don't just daydream without taking action.,อย่าเอาแต่เพ้อฝันโดยไม่ลงมือทำ
空虚,她心里感到十分空虚。,She felt utterly empty inside.,ในใจเธอรู้สึกว่างเปล่าอย่างที่สุด
空隙,门缝里有一道细小的空隙。,There is a tiny gap in the door crack.,ตรงขอบประตูมีช่องว่างเล็กๆ อยู่
穿着,她今天的穿着很得体。,Her outfit today is very appropriate.,การแต่งกายของเธอวันนี้เหมาะสมมาก
穿越,火车穿越了隧道。,The train passed through the tunnel.,รถไฟลอดผ่านอุโมงค์
穿过,我们穿过一片森林。,We passed through a forest.,เราเดินผ่านป่าผืนหนึ่ง
突如其来,突如其来的暴雨打湿了衣服。,The sudden downpour soaked our clothes.,ฝนที่เทลงมาอย่างกะทันหันทำให้เสื้อผ้าเปียก
窗子,请把窗子打开。,Please open the window.,ช่วยเปิดหน้าต่างหน่อย
窘迫,他的处境十分窘迫。,His situation was very awkward and difficult.,สถานการณ์ของเขาลำบากและกระอักกระอ่วนมาก
窝,小鸟在树上筑了一个窝。,A bird built a nest in the tree.,นกน้อยสร้างรังอยู่บนต้นไม้
立场,他坚持自己的立场。,He stuck to his own position.,เขายืนหยัดในจุดยืนของตัวเอง
立方,这是一个立方体。,This is a cube.,นี่คือทรงลูกบาศก์
竖,请把木牌竖起来。,Please stand the wooden sign up.,ช่วยตั้งป้ายไม้ให้ตรง
站立,病人已经能够独自站立了。,The patient is now able to stand up on his own.,ตอนนี้ผู้ป่วยยืนได้ด้วยตัวเองแล้ว
竞技,这是一项竞技运动。,This is a competitive sport.,นี่เป็นกีฬาประเภทแข่งขัน
竞赛,学生们参加数学竞赛。,The students took part in a math competition.,นักเรียนเข้าร่วมการแข่งขันคณิตศาสตร์
竟敢,他竟敢当面撒谎。,He actually dared to lie to my face.,เขากล้าดีมาโกหกซึ่งหน้า
章,这本书共十章。,This book has ten chapters in total.,หนังสือเล่มนี้มีทั้งหมดสิบบท
童年,他的童年很快乐。,His childhood was very happy.,วัยเด็กของเขามีความสุขมาก
童话,妈妈给我讲童话故事。,Mom told me fairy tale stories.,แม่เล่านิทานเทพนิยายให้ฉันฟัง
端,他站在桥的另一端。,He stood at the other end of the bridge.,เขายืนอยู่ที่ปลายอีกด้านหนึ่งของสะพาน
端午节,端午节我们一起吃粽子。,We eat zongzi together on Dragon Boat Festival.,ในเทศกาลไหว้บ๊ะจ่างเรากินบ๊ะจ่างด้วยกัน
竹子,熊猫喜欢吃竹子。,Pandas like to eat bamboo.,แพนด้าชอบกินต้นไผ่
笑声,教室里传来阵阵笑声。,Bursts of laughter came from the classroom.,เสียงหัวเราะดังมาเป็นระยะจากในห้องเรียน
笔试,明天要进行笔试。,Tomorrow there will be a written exam.,พรุ่งนี้จะมีการสอบข้อเขียน
符号,数学里有很多符号。,There are many symbols in mathematics.,ในวิชาคณิตศาสตร์มีสัญลักษณ์มากมาย
笨蛋,别把自己当笨蛋。,Don't treat yourself like a fool.,อย่ามองว่าตัวเองเป็นคนโง่
笼子,鸟被关在笼子里。,The bird is kept in a cage.,นกถูกขังอยู่ในกรง
筐,她提着一个大筐。,She carried a big basket.,เธอหิ้วตะกร้าใบใหญ่
答,他很快就答对了。,He quickly answered correctly.,เขาตอบถูกได้อย่างรวดเร็ว
筛选,我们筛选出了合适人选。,We filtered out the suitable candidates.,เราคัดกรองผู้สมัครที่เหมาะสมออกมาได้
筹划,他们正在筹划婚礼。,They are planning a wedding.,พวกเขากำลังวางแผนจัดงานแต่งงาน
签,请在这里签名。,Please sign your name here.,กรุณาเซ็นชื่อตรงนี้
签字,请在这里签字确认。,Please sign here to confirm.,กรุณาเซ็นตรงนี้เพื่อยืนยัน
简历,请把你的简历发给我。,Please send me your resume.,ช่วยส่งประวัติย่อของคุณมาให้ฉัน
简易,这是一个简易的方法。,This is a simple method.,นี่เป็นวิธีที่ง่ายๆ
简洁,他的语言简洁明了。,His language is concise and clear.,ภาษาของเขากระชับและชัดเจน
简直,这道题简直太难了。,This problem is simply too hard.,ข้อนี้มันยากเกินไปจริงๆ
简短,他说得很简短。,He spoke very briefly.,เขาพูดสั้นๆ กระชับ
简陋,他们住在简陋的小屋里。,They live in a crude little hut.,พวกเขาอาศัยอยู่ในกระท่อมหลังเล็กที่เรียบง่ายทรุดโทรม
算了,算了，别再想了。,"Forget it, don't think about it anymore.",ช่างมันเถอะ อย่าไปคิดมันอีกเลย
算是,这算是不错的结果。,This can be considered a pretty good result.,นี่ก็ถือว่าเป็นผลลัพธ์ที่ดีทีเดียว
管,这件事归他管。,This matter is under his management.,เรื่องนี้เป็นหน้าที่เขาดูแล
管用,这个方法很管用。,This method is very effective.,วิธีนี้ได้ผลดีมาก
箭,他一箭射中了靶心。,He hit the bullseye with one arrow.,เขายิงธนูดอกเดียวเข้าเป้ากลาง
类型,这是一种新的类型。,This is a new type.,นี่เป็นประเภทใหม่แบบหนึ่ง
粒,桌上掉了一粒米。,A grain of rice fell on the table.,มีข้าวเม็ดหนึ่งหล่นอยู่บนโต๊ะ
粗,这根绳子很粗。,This rope is very thick.,เชือกเส้นนี้หนามาก
粘,胶水能粘东西。,Glue can stick things together.,กาวใช้ติดของเข้าด้วยกันได้
精,这是这本书的精华。,This is the essence of the book.,นี่คือแก่นสำคัญของหนังสือเล่มนี้
精品,这家店只卖精品。,This shop only sells premium goods.,ร้านนี้ขายแต่สินค้าคุณภาพดี
精心,妈妈精心准备了晚餐。,Mom carefully prepared dinner.,แม่ตั้งใจเตรียมอาหารเย็นอย่างพิถีพิถัน
精益求精,他做事总是精益求精。,He always strives for perfection in his work.,เขาทำงานโดยพยายามพัฒนาให้ดียิ่งขึ้นเสมอ
精简,公司精简了机构。,The company streamlined its structure.,บริษัทปรับลดโครงสร้างองค์กรให้กระชับขึ้น
糖尿病,他患有糖尿病。,He has diabetes.,เขาเป็นโรคเบาหวาน
糖果,孩子们喜欢吃糖果。,Children like eating candy.,เด็กๆ ชอบกินลูกอม
糟,今天的天气真糟糕。,Today's weather is really terrible.,อากาศวันนี้แย่จริงๆ
紊乱,他的作息很紊乱。,His daily routine is very disordered.,กิจวัตรประจำวันของเขาปั่นป่วนไปหมด
素材,他在收集写作素材。,He is gathering material for writing.,เขากำลังรวบรวมวัตถุดิบสำหรับการเขียน
紧密,两国关系十分紧密。,The relations between the two countries are very close.,ความสัมพันธ์ของสองประเทศแนบแน่นมาก
紧急,这是一个紧急情况。,This is an emergency situation.,นี่เป็นสถานการณ์ฉุกเฉิน
紧紧,她紧紧抱住了孩子。,She held the child tightly.,เธอกอดลูกไว้แน่น
繁忙,城市的交通十分繁忙。,The city's traffic is extremely busy.,การจราจรในเมืองคับคั่งมาก
繁殖,兔子繁殖得很快。,Rabbits breed very quickly.,กระต่ายขยายพันธุ์เร็วมาก
繁荣,这座城市非常繁荣。,This city is very prosperous.,เมืองนี้เจริญรุ่งเรืองมาก
纠纷,邻里之间发生了纠纷。,A dispute arose between the neighbors.,เกิดข้อพิพาทขึ้นระหว่างเพื่อนบ้าน
纤维,这种布料富含天然纤维。,This fabric is rich in natural fiber.,ผ้าชนิดนี้มีเส้นใยธรรมชาติอยู่เยอะ
约定,我们约定明天见面。,We agreed to meet tomorrow.,เรานัดกันว่าพรุ่งนี้จะเจอกัน
约束,规则约束着大家的行为。,Rules constrain everyone's behavior.,กฎช่วยควบคุมพฤติกรรมของทุกคน
级别,这个职位级别很高。,This position has a high rank.,ตำแหน่งนี้มีระดับสูงมาก
纪录,他打破了世界纪录。,He broke the world record.,เขาทำลายสถิติโลก
纪念,我们要纪念这个日子。,We should commemorate this day.,เราควรระลึกถึงวันนี้
纪念日,今天是他们的结婚纪念日。,Today is their wedding anniversary.,วันนี้เป็นวันครบรอบแต่งงานของพวกเขา
纯,这条项链是纯金的。,This necklace is pure gold.,สร้อยเส้นนี้เป็นทองคำบริสุทธิ์
纯洁,孩子的心灵十分纯洁。,A child's heart is very pure.,จิตใจของเด็กบริสุทธิ์มาก
纳入,这个项目已纳入计划。,This project has been included in the plan.,โครงการนี้ถูกรวมเข้าไปในแผนแล้ว
纳闷儿,他心里十分纳闷儿。,He felt very puzzled inside.,ในใจเขางงมาก
线条,这幅画线条流畅。,The lines in this painting are smooth.,เส้นสายในภาพวาดนี้ลื่นไหล
组,老师把学生分成四组。,The teacher divided the students into four groups.,คุณครูแบ่งนักเรียนออกเป็นสี่กลุ่ม
组合,这两种颜色组合得很好。,These two colors combine really well.,สีสองสีนี้เข้ากันได้ดีมาก
组长,他被选为小组长。,He was elected group leader.,เขาได้รับเลือกเป็นหัวหน้ากลุ่ม
细微,他注意到了对方细微的变化。,He noticed the subtle change in the other person.,เขาสังเกตเห็นความเปลี่ยนแปลงเล็กๆ น้อยๆ ของอีกฝ่าย
细心,护士照顾得很细心。,The nurse took care of them meticulously.,พยาบาลดูแลอย่างละเอียดรอบคอบ
细胞,人体由许多细胞组成。,The human body is made up of many cells.,ร่างกายมนุษย์ประกอบด้วยเซลล์มากมาย
细腻,她的皮肤十分细腻。,Her skin is very smooth and delicate.,ผิวของเธอเนียนละเอียดมาก
终止,双方终止了合作。,Both sides ended the cooperation.,ทั้งสองฝ่ายยุติความร่วมมือ
终点,他第一个跑到终点。,He was the first to reach the finish line.,เขาวิ่งถึงเส้นชัยเป็นคนแรก
终生,他终生从事教育事业。,He devoted his whole life to education.,เขาทำงานด้านการศึกษามาทั้งชีวิต
经典,这本书是文学经典。,This book is a literary classic.,หนังสือเล่มนี้เป็นวรรณกรรมคลาสสิก
经商,他很早就开始经商。,He started doing business very early.,เขาเริ่มทำธุรกิจตั้งแต่เนิ่นๆ
经度,这里的经度是多少？,What is the longitude here?,ที่นี่เส้นแวงเท่าไหร่?
经费,学校经费十分有限。,The school's funds are very limited.,งบประมาณของโรงเรียนมีจำกัดมาก
绑,他把绳子绑紧了。,He tied the rope tightly.,เขามัดเชือกให้แน่น
结,会议终于结束了。,The meeting has finally concluded.,ในที่สุดการประชุมก็จบลง
结冰,湖面已经结冰了。,The lake has already frozen over.,ผิวน้ำในทะเลสาบจับตัวเป็นน้ำแข็งแล้ว
结合,理论要和实践结合。,Theory should be combined with practice.,ทฤษฎีต้องผสานเข้ากับการปฏิบัติ
结局,电影的结局很感人。,The movie's ending was very moving.,ตอนจบของหนังซึ้งมาก
绕,我们绕道回家了。,We took a detour home.,เราอ้อมทางกลับบ้าน
络绎不绝,游客络绎不绝地到来。,Tourists arrived in an endless stream.,นักท่องเที่ยวเดินทางมากันไม่ขาดสาย
绝,这种动物已经绝种。,This animal has already gone extinct.,สัตว์ชนิดนี้สูญพันธุ์ไปแล้ว
绝大多数,绝大多数人支持这个决定。,The vast majority of people support this decision.,คนส่วนใหญ่อย่างท่วมท้นสนับสนุนการตัดสินใจนี้
绝缘,这种材料能绝缘。,This material can insulate.,วัสดุชนิดนี้เป็นฉนวนได้
绞,绳子绞在了一起。,The ropes got twisted together.,เชือกพันกันยุ่งไปหมด
统计,老师统计了学生人数。,The teacher counted the number of students.,คุณครูนับจำนวนนักเรียน
绣,奶奶擅长绣花。,Grandma is good at embroidery.,คุณย่าเก่งเรื่องปักผ้า
继,儿子继父业开了工厂。,The son carried on his father's business and opened a factory.,ลูกชายสานต่อกิจการของพ่อและเปิดโรงงาน
续,服务员给我们续了一壶茶。,The waiter refilled our pot of tea.,พนักงานเติมชาให้เราอีกกา
维护,我们要维护公共秩序。,We must maintain public order.,เราต้องรักษาความเป็นระเบียบของส่วนรวม
维持,他努力维持家庭生活。,He works hard to maintain the family's livelihood.,เขาพยายามประคับประคองครอบครัวไว้
绽放,樱花在春天绽放。,Cherry blossoms bloom in spring.,ดอกซากุระบานในฤดูใบไม้ผลิ
绿地,小区新增一片绿地。,The neighborhood added a green area.,หมู่บ้านเพิ่มพื้นที่สีเขียวขึ้นมาใหม่
缓,老人走路的步伐很缓。,The old man's walking pace is slow.,ก้าวเดินของคุณตาช้ามาก
缓和,两人的关系逐渐缓和。,The relationship between the two gradually eased.,ความสัมพันธ์ของทั้งสองค่อยๆ ผ่อนคลายลง
缓慢,老人走路速度缓慢。,The old man walks slowly.,คุณตาเดินช้าๆ
编写,他负责编写教材。,He is responsible for compiling the textbook.,เขารับผิดชอบเรียบเรียงหนังสือเรียน
缘故,因为天气的缘故延期了。,It was postponed due to the weather.,ต้องเลื่อนออกไปเพราะสาเหตุเรื่องอากาศ
缩小,差距正在逐渐缩小。,The gap is gradually narrowing.,ช่องว่างกำลังค่อยๆ แคบลง
缩短,新技术缩短了生产周期。,The new technology shortened the production cycle.,เทคโนโลยีใหม่ช่วยย่นระยะเวลาการผลิต
缴纳,请按时缴纳学费。,Please pay tuition on time.,กรุณาชำระค่าเทอมให้ตรงเวลา
网,渔夫撒下了网。,The fisherman cast the net.,ชาวประมงเหวี่ยงแหออกไป
网友,他和网友约好见面。,He arranged to meet an online friend.,เขานัดเจอกับเพื่อนออนไลน์
网址,请输入正确网址。,Please enter the correct web address.,กรุณากรอกที่อยู่เว็บให้ถูกต้อง
网页,这个网页打不开。,This web page won't open.,หน้าเว็บนี้เปิดไม่ได้
罗,他四处搜罗资料。,He gathers materials from everywhere.,เขาเที่ยวรวบรวมข้อมูลจากทุกที่
罚款,他因违章被罚款了。,He was fined for violating the rules.,เขาโดนปรับเพราะทำผิดกฎ
罢了,这只是个玩笑罢了。,"This is just a joke, that's all.",ก็แค่เรื่องล้อเล่นเท่านั้นเอง
罪犯,警察抓住了罪犯。,The police caught the criminal.,ตำรวจจับตัวคนร้ายได้
罪魁祸首,他就是这次事故的罪魁祸首。,He is the chief culprit of this accident.,เขานี่แหละคือต้นเหตุของอุบัติเหตุครั้งนี้
置,他把书桌置于窗边。,He placed the desk by the window.,เขาวางโต๊ะหนังสือไว้ริมหน้าต่าง
美味,这道菜非常美味。,This dish is very delicious.,อาหารจานนี้อร่อยมาก
美女,大家都夸她是美女。,Everyone praises her as a beauty.,ใครๆ ก็ชมว่าเธอเป็นสาวสวย
美容,她每周都去做美容护理。,She goes for beauty treatments every week.,เธอไปทำทรีตเมนต์ความงามทุกสัปดาห์
美德,诚实是一种美德。,Honesty is a virtue.,ความซื่อสัตย์เป็นคุณธรรมอย่างหนึ่ง
美景,这里的美景令人陶醉。,The beautiful scenery here is intoxicating.,วิวสวยๆ ที่นี่ทำให้หลงใหล
美满,他们家庭生活美满。,Their family life is happy and complete.,ชีวิตครอบครัวของพวกเขามีความสุขสมบูรณ์
美观,这件家具十分美观。,This piece of furniture is very good-looking.,เฟอร์นิเจอร์ชิ้นนี้สวยงามมาก
群,一群孩子在公园玩耍。,A group of children are playing in the park.,เด็กๆ กลุ่มหนึ่งกำลังเล่นอยู่ในสวน
群体,老人是需要关心的群体。,The elderly are a group that needs care.,ผู้สูงอายุเป็นกลุ่มคนที่ต้องการการดูแลเอาใจใส่
翻,请把这一页翻过去。,Please turn this page over.,ช่วยพลิกหน้านี้ไปหน่อย
翻天覆地,家乡发生了翻天覆地的变化。,Sweeping changes happened to my hometown.,บ้านเกิดของฉันเปลี่ยนไปแบบพลิกหน้ามือเป็นหลังมือ
老化,这台机器已经老化了。,This machine has already become outdated.,เครื่องนี้เก่าและเสื่อมสภาพไปแล้ว
老头儿,那个老头儿很和蔼。,That old man is very kind.,ตาแก่คนนั้นใจดีมาก
老实,他是个老实的人。,He is an honest person.,เขาเป็นคนซื่อ
老百姓,政策要惠及老百姓。,The policy should benefit ordinary people.,นโยบายควรเป็นประโยชน์ต่อประชาชนทั่วไป
考核,员工每年接受考核。,Employees undergo assessment every year.,พนักงานต้องเข้ารับการประเมินทุกปี
考量,这个决定经过了慎重考量。,This decision was made after careful consideration.,การตัดสินใจนี้ผ่านการพิจารณาอย่างรอบคอบ
考验,这次困难是一次考验。,This difficulty is a test.,ความยากลำบากครั้งนี้เป็นบททดสอบ
耍,别耍小聪明骗老师。,Don't play tricks to fool the teacher.,อย่าเล่นเล่ห์หลอกครูนะ
耐,这种材料很耐用。,This material is very durable.,วัสดุชนิดนี้ทนทานมาก
耐人寻味,这句话耐人寻味。,This sentence is thought-provoking.,ประโยคนี้ชวนให้ขบคิด
耗,这个项目耗费了不少钱。,This project consumed a lot of money.,โครงการนี้ใช้เงินไปไม่น้อย
耗费,这项工程耗费巨资。,This project consumed huge funds.,โครงการนี้สิ้นเปลืองเงินทุนมหาศาล
耳机,他戴上了耳机。,He put on his headphones.,เขาสวมหูฟัง
耳目一新,新的设计让人耳目一新。,The new design gives people a refreshing feeling.,ดีไซน์ใหม่ให้ความรู้สึกสดชื่นแปลกใหม่
耽搁,这件事不能再耽搁了。,This matter cannot be delayed any longer.,เรื่องนี้ปล่อยให้ล่าช้าไปกว่านี้ไม่ได้แล้ว
职位,他晋升到了新职位。,He was promoted to a new position.,เขาได้เลื่อนขึ้นสู่ตำแหน่งใหม่
职工,工厂职工都放假了。,The factory workers are all on vacation.,พนักงานโรงงานหยุดพักกันหมดแล้ว
职责,保护环境是每个人的职责。,Protecting the environment is everyone's responsibility.,การปกป้องสิ่งแวดล้อมเป็นหน้าที่ของทุกคน
联合国,他在联合国工作。,He works at the United Nations.,เขาทำงานอยู่ที่สหประชาชาติ
聘用,公司决定聘用他。,The company decided to hire him.,บริษัทตัดสินใจจ้างเขา
聚集,人群聚集在广场上。,A crowd gathered in the square.,ฝูงชนมารวมตัวกันที่ลานกว้าง
股票,他最近在研究股票。,He's been studying stocks lately.,ช่วงนี้เขากำลังศึกษาเรื่องหุ้น
肢体,演员用肢体表达情感。,The actor expresses emotion through body movement.,นักแสดงถ่ายทอดอารมณ์ผ่านการเคลื่อนไหวร่างกาย
肥,这块地土壤很肥。,This land's soil is very fertile.,ดินผืนนี้อุดมสมบูรณ์มาก
肥料,农民正在施肥料。,The farmer is applying fertilizer.,ชาวนากำลังใส่ปุ๋ย
肥胖,肥胖影响身体健康。,Obesity affects physical health.,ความอ้วนส่งผลต่อสุขภาพร่างกาย
肩,他把包背在肩上。,He carried the bag on his shoulder.,เขาสะพายกระเป๋าไว้บนบ่า
肩膀,医生检查了他的肩膀。,The doctor examined his shoulder.,หมอตรวจไหล่ของเขา
胃口,今天我胃口不好。,I don't have much appetite today.,วันนี้ฉันไม่ค่อยเจริญอาหาร
胆子,他胆子很小怕黑。,He has little courage and is afraid of the dark.,เขาไม่ค่อยกล้าและกลัวความมืด
胆怯,面对困难他从不胆怯。,He is never timid in the face of difficulty.,เมื่อเจอความยากลำบาก เขาไม่เคยขลาดกลัวเลย
背诵,请背诵这首古诗。,Please recite this ancient poem.,ช่วยท่องบทกวีโบราณบทนี้หน่อย
胎,这是她的第一胎。,This is her first pregnancy.,นี่เป็นท้องแรกของเธอ
胖子,他从小就是个胖子。,He has been a chubby person since childhood.,เขาเป็นคนอ้วนมาตั้งแต่เด็ก
胜,我们队最终获胜了。,Our team finally won.,ในที่สุดทีมเราก็ชนะ
胜任,他完全胜任这份工作。,He is fully qualified for this job.,เขาเหมาะกับงานนี้มาก
胶片,老相机用的是胶片。,The old camera uses film.,กล้องเก่าใช้ฟิล์ม
胸部,他感到胸部疼痛。,He felt pain in his chest.,เขารู้สึกเจ็บที่หน้าอก
能否,我不知道能否成功。,I don't know whether it will succeed.,ฉันไม่รู้ว่าจะสำเร็จได้ไหม
能量,太阳释放巨大能量。,The sun releases enormous energy.,ดวงอาทิตย์ปล่อยพลังงานมหาศาล
脂肪,运动可以减少脂肪。,Exercise can reduce fat.,การออกกำลังกายช่วยลดไขมันได้
脆,这块饼干很脆。,This cookie is very crispy.,คุกกี้ชิ้นนี้กรอบมาก
脆弱,玻璃的材质十分脆弱。,Glass is a very fragile material.,แก้วเป็นวัสดุที่เปราะบางมาก
脑子,他脑子转得很快。,His mind works very fast.,หัวของเขาแล่นเร็วมาก
脑海,这件事浮现在脑海。,This matter surfaced in my mind.,เรื่องนี้ผุดขึ้นมาในหัว
脑筋,这道题很费脑筋。,This problem really taxes the brain.,โจทย์ข้อนี้ต้องใช้สมองมาก
脑袋,他挠了挠脑袋。,He scratched his head.,เขาเกาหัว
脚步,她听见楼梯上传来脚步声。,She heard footsteps coming from the stairs.,เธอได้ยินเสียงฝีเท้าดังมาจากบันได
脱,进屋前请脱鞋。,Please take off your shoes before entering.,กรุณาถอดรองเท้าก่อนเข้าบ้าน
脱口而出,他脱口而出说了实话。,He blurted out the truth.,เขาหลุดปากพูดความจริงออกมา
脱身,他想尽办法从麻烦中脱身。,He tried every way to extricate himself from the trouble.,เขาพยายามทุกวิถีทางเพื่อปลีกตัวออกจากปัญหา
腐蚀,铁容易被雨水腐蚀。,Iron easily corrodes from rainwater.,เหล็กถูกน้ำฝนกัดกร่อนได้ง่าย
腐败,政府严厉打击腐败。,The government cracks down harshly on corruption.,รัฐบาลปราบปรามการทุจริตอย่างเข้มงวด
腰,他弯腰捡起钥匙。,He bent down to pick up the key.,เขาก้มเอวลงเก็บกุญแจ
腹部,他腹部感到疼痛。,He felt pain in his abdomen.,เขารู้สึกปวดที่ช่องท้อง
膜,手机屏幕上贴着一层膜。,A film is applied on the phone screen.,หน้าจอมือถือติดฟิล์มไว้ชั้นหนึ่ง
膨胀,气球受热会膨胀。,Balloons expand when heated.,ลูกโป่งจะพองตัวเมื่อโดนความร้อน
自主,学生可以自主选课。,Students can choose courses independently.,นักเรียนสามารถเลือกวิชาเรียนได้ด้วยตัวเอง
自从,自从毕业后他很忙。,He's been busy since graduating.,ตั้งแต่เรียนจบมาเขาก็ยุ่งมาก
自以为是,他总是自以为是。,He always thinks he's right.,เขาชอบคิดว่าตัวเองถูกอยู่เสมอ
自信心,这次成功增强了他的自信心。,This success boosted his self-confidence.,ความสำเร็จครั้งนี้ช่วยเพิ่มความมั่นใจในตัวเองให้เขา
自助,这是一家自助餐厅。,This is a self-service restaurant.,ที่นี่เป็นร้านอาหารแบบบริการตัวเอง
自卫,他学会了自卫技巧。,He learned self-defense skills.,เขาเรียนรู้ทักษะการป้องกันตัว
自发,大家自发组织了活动。,Everyone spontaneously organized the event.,ทุกคนรวมตัวกันจัดกิจกรรมขึ้นเอง
自学,他靠自学考上了大学。,He got into university through self-study.,เขาสอบเข้ามหาวิทยาลัยได้ด้วยการเรียนด้วยตัวเอง
自愿,他自愿参加了志愿活动。,He voluntarily joined the volunteer activity.,เขาสมัครใจเข้าร่วมกิจกรรมอาสา
自杀,他企图自杀未遂。,He attempted suicide but failed.,เขาพยายามฆ่าตัวตายแต่ไม่สำเร็จ
自然界,自然界的规律很奇妙。,The laws of nature are marvelous.,กฎของธรรมชาติช่างน่าอัศจรรย์
自然而然,时间久了，感情自然而然就变深了。,"As time passes, feelings naturally deepen.",พอเวลาผ่านไปนานๆ ความรู้สึกก็ลึกซึ้งขึ้นเองตามธรรมชาติ
自由自在,小鸟自由自在地飞翔。,The bird flies freely and joyfully.,นกน้อยบินไปอย่างอิสระเสรี
自私,他这样做太自私了。,It's too selfish of him to do that.,เขาทำแบบนี้เห็นแก่ตัวเกินไป
自立,他很小就学会自立。,He learned to be self-reliant at a young age.,เขาเรียนรู้ที่จะพึ่งพาตัวเองตั้งแต่ยังเล็ก
自豪,父母为他感到自豪。,His parents are proud of him.,พ่อแม่รู้สึกภูมิใจในตัวเขา
至关重要,健康至关重要。,Health is of vital importance.,สุขภาพเป็นสิ่งที่สำคัญอย่างยิ่ง
致,事故是疲劳驾驶所致。,The accident was caused by fatigued driving.,อุบัติเหตุเกิดจากการขับรถขณะเหนื่อยล้า
致使,大雨致使道路被淹。,The heavy rain caused the road to flood.,ฝนตกหนักทำให้ถนนถูกน้ำท่วม
致力于,他致力于环境保护工作。,He is dedicated to environmental protection work.,เขาทุ่มเทให้กับงานอนุรักษ์สิ่งแวดล้อม
致富,村民靠种茶致富了。,The villagers grew rich by growing tea.,ชาวบ้านร่ำรวยขึ้นจากการปลูกชา
舌头,他不小心咬到了舌头。,He accidentally bit his tongue.,เขาเผลอกัดลิ้นตัวเอง
航行,轮船正在海上航行。,The ship is sailing on the sea.,เรือกำลังแล่นอยู่กลางทะเล
航运,这座城市航运业发达。,This city has a well-developed shipping industry.,เมืองนี้มีอุตสาหกรรมการขนส่งทางเรือที่เจริญมาก
舱,乘客都进了船舱。,The passengers all entered the cabin.,ผู้โดยสารเข้าไปในห้องโดยสารของเรือกันหมดแล้ว
船舶,港口停靠许多船舶。,Many ships dock at the port.,มีเรือหลายลำจอดเทียบท่าอยู่ที่ท่าเรือ
艘,港口停着一艘大船。,A large ship is docked at the port.,มีเรือใหญ่ลำหนึ่งจอดอยู่ที่ท่าเรือ
良性,这次改革是良性的。,This reform is beneficial.,การปฏิรูปครั้งนี้เป็นไปในทางที่ดี
艰辛,创业的过程十分艰辛。,Starting a business is extremely arduous.,เส้นทางการเริ่มต้นธุรกิจนั้นยากลำบากมาก
艳丽,花朵颜色十分艳丽。,The flowers are very brightly colored.,สีของดอกไม้สดใสฉูดฉาดมาก
艺人,他是有名的艺人。,He is a well-known entertainer.,เขาเป็นศิลปินที่มีชื่อเสียง
节假日,节假日商场人特别多。,There are especially many people at the mall on public holidays.,ช่วงวันหยุดเทศกาล ห้างสรรพสินค้าคนเยอะเป็นพิเศษ
节奏,这首歌的节奏很快。,This song has a fast rhythm.,เพลงนี้จังหวะเร็วมาก
节气,立春是一个节气。,Start of Spring is a solar term.,ลี่ชุนเป็นหนึ่งใน 24 ฤดูกาลย่อยตามปฏิทินจีน
节省,我们应该节省用水。,We should conserve water.,เราควรประหยัดน้ำ
芝麻,这个饼上撒了芝麻。,This pancake is sprinkled with sesame.,ขนมแป้งชิ้นนี้โรยงาไว้ด้วย
芬芳,花园里花朵芬芳迷人。,The flowers in the garden are fragrant and charming.,ดอกไม้ในสวนหอมกรุ่นน่าหลงใหล
芭蕾,她从小学习芭蕾舞。,She has studied ballet since childhood.,เธอเรียนบัลเล่ต์มาตั้งแต่เด็ก
花样,这道菜的花样很多。,This dish comes in many varieties.,อาหารจานนี้มีลูกเล่นหลากหลาย
花瓣,风吹落了花瓣。,The wind blew the petals off.,ลมพัดกลีบดอกไม้ร่วงหล่น
花纹,这块布料上印着精美的花纹。,This fabric is printed with an exquisite pattern.,ผ้าผืนนี้พิมพ์ลวดลายสวยงามประณีต
花费,这次旅行花费不少。,This trip cost quite a lot.,ทริปนี้ใช้เงินไปไม่น้อย
苗,农民种下了树苗。,The farmer planted saplings.,ชาวนาปลูกต้นกล้าลงไป
苗条,她的身材很苗条。,She has a slim figure.,รูปร่างของเธอเพรียวบาง
苦恼,这个问题让他很苦恼。,This problem troubles him greatly.,ปัญหานี้ทำให้เขากลุ้มใจมาก
苦难,他经历了很多苦难。,He has experienced much suffering.,เขาผ่านความทุกข์ยากมามากมาย
英雄,他是大家心中的英雄。,He is a hero in everyone's heart.,เขาคือฮีโร่ในใจของทุกคน
茂密,山上长满茂密的树林。,The mountain is covered with dense forest.,บนภูเขาปกคลุมไปด้วยป่าไม้หนาทึบ
茶叶,这罐茶叶很香。,This tin of tea leaves smells great.,ใบชากระปุกนี้หอมมาก
草坪,孩子们在草坪上玩耍。,The children play on the lawn.,เด็กๆ เล่นกันอยู่บนสนามหญ้า
荒凉,这片沙漠十分荒凉。,This desert is very desolate.,ทะเลทรายผืนนี้เวิ้งว้างมาก
荒诞,这个说法太荒诞了。,This claim is too absurd.,คำกล่าวอ้างนี้เหลวไหลเกินไป
荣幸,认识你我感到荣幸。,I feel honored to know you.,ฉันรู้สึกเป็นเกียรติที่ได้รู้จักคุณ
荣誉,他为国家赢得了荣誉。,He won honor for his country.,เขาสร้างเกียรติยศให้กับประเทศ
药方,医生开了一张药方。,The doctor wrote a prescription.,หมอเขียนใบสั่งยาให้
药物,他每天按时服用药物。,He takes medicine on schedule every day.,เขากินยาตรงเวลาทุกวัน
获取,学生通过学习获取知识。,Students gain knowledge through study.,นักเรียนได้รับความรู้จากการเรียน
获奖,这部电影成功获奖。,This movie successfully won an award.,หนังเรื่องนี้คว้ารางวัลมาได้สำเร็จ
菜市场,妈妈去菜市场买菜。,Mom went to the market to buy vegetables.,แม่ไปตลาดสดซื้อผัก
萎缩,经济增长明显萎缩。,Economic growth has clearly shrunk.,การเติบโตทางเศรษฐกิจหดตัวลงอย่างเห็นได้ชัด
营造,学校努力营造学习氛围。,The school works hard to create a learning atmosphere.,โรงเรียนพยายามสร้างบรรยากาศการเรียนรู้
落,树叶慢慢落下。,The leaves slowly fall down.,ใบไม้ค่อยๆ ร่วงหล่นลงมา
落后,他的成绩渐渐落后了。,His grades gradually fell behind.,ผลการเรียนของเขาค่อยๆ ตามหลังคนอื่น
蓝图,他描绘了未来蓝图。,He painted a blueprint for the future.,เขาวาดพิมพ์เขียวแห่งอนาคตเอาไว้
蔓延,火势迅速向四周蔓延。,The fire rapidly spread in all directions.,ไฟลุกลามไปรอบทิศอย่างรวดเร็ว
蕴藏,这片土地蕴藏着宝藏。,This land holds a treasure within it.,ผืนดินแห่งนี้มีขุมทรัพย์ซ่อนอยู่
薪水,他每月准时领薪水。,He receives his salary on time every month.,เขารับเงินเดือนตรงเวลาทุกเดือน
藏,他把礼物藏了起来。,He hid the gift away.,เขาซ่อนของขวัญเอาไว้
藏身,他躲进树林藏身。,He hid himself in the woods.,เขาหลบเข้าไปซ่อนตัวในป่า
蘸,他把饺子蘸了醋。,He dipped the dumpling in vinegar.,เขาเอาเกี๊ยวจิ้มน้ำส้มสายชู
虚,他身体有点虚。,He feels a bit weak.,ร่างกายเขาอ่อนแอนิดหน่อย
虚伪,他的笑容显得虚伪。,His smile seemed hypocritical.,รอยยิ้มของเขาดูเสแสร้ง
虚假,这是一条虚假信息。,This is false information.,นี่เป็นข้อมูลเท็จ
虚幻,梦中的世界总是虚幻的。,The world in dreams is always illusory.,โลกในความฝันมักเป็นสิ่งลวงตาเสมอ
虚构,这个故事纯属虚构。,This story is purely fictional.,เรื่องนี้เป็นเรื่องแต่งล้วนๆ
虫子,花园里有很多虫子。,There are many bugs in the garden.,ในสวนมีแมลงเยอะแยะ
虽说,虽说下雨他还是出门了。,"Although it was raining, he still went out.",ถึงจะฝนตกเขาก็ยังออกไปข้างนอกอยู่ดี
蚊子,夏天蚊子特别多。,There are especially many mosquitoes in summer.,หน้าร้อนยุงเยอะเป็นพิเศษ
蛋白质,鸡蛋含有丰富的蛋白质。,Eggs are rich in protein.,ไข่อุดมไปด้วยโปรตีน
蜡,她点燃了一支蜡烛。,She lit a candle.,เธอจุดเทียนหนึ่งเล่ม
融化,雪在阳光下融化了。,The snow melted in the sunlight.,หิมะละลายกลางแดด
融合,两种文化互相融合。,The two cultures blend into each other.,วัฒนธรรมสองแบบหลอมรวมเข้าด้วยกัน
血管,医生检查了他的血管。,The doctor examined his blood vessels.,หมอตรวจเส้นเลือดของเขา
行人,请注意路上的行人。,Please watch for pedestrians on the road.,โปรดระวังคนเดินถนนด้วย
行程,我们的行程很紧张。,Our itinerary is very tight.,กำหนดการเดินทางของเราแน่นมาก
行走,老人慢慢行走着。,The old man is walking slowly.,ชายชราเดินไปช้าๆ
行驶,汽车正在高速行驶。,The car is traveling at high speed.,รถกำลังวิ่งด้วยความเร็วสูง
衔接,两节课内容互相衔接。,The content of the two classes links up.,เนื้อหาสองคาบเรียนเชื่อมโยงต่อกัน
街头,艺人在街头表演。,The performer is performing on the street.,นักแสดงเปิดการแสดงอยู่ข้างถนน
衡量,我们要衡量利弊得失。,We need to weigh the pros and cons.,เราต้องชั่งน้ำหนักข้อดีข้อเสีย
衣食住行,衣食住行是生活的基本。,"Food, clothing, housing and transport are life's basics.",การกิน การแต่งตัว ที่อยู่อาศัย และการเดินทาง เป็นพื้นฐานของชีวิต
补,妈妈帮我补衣服。,Mom helped me mend my clothes.,แม่ช่วยฉันปะเสื้อผ้า
补偿,公司给予了补偿。,The company provided compensation.,บริษัทจ่ายค่าชดเชยให้
补救,现在补救还来得及。,There's still time to remedy it now.,ตอนนี้แก้ไขยังทันอยู่
表态,领导还没有表态。,The leader hasn't stated a position yet.,หัวหน้ายังไม่แสดงจุดยืน
衬托,绿叶衬托红花更美。,Green leaves make the red flower look more beautiful.,ใบไม้เขียวช่วยขับให้ดอกไม้แดงสวยยิ่งขึ้น
衰老,皮肤随着年龄衰老。,Skin ages along with the years.,ผิวแก่ลงไปตามวัย
衰退,经济出现明显衰退。,The economy has clearly declined.,เศรษฐกิจถดถอยอย่างเห็นได้ชัด
衷心,我衷心祝福你们。,I sincerely wish you both well.,ฉันขออวยพรให้พวกเธอด้วยความจริงใจ
袋,她拎着一个布袋。,She was carrying a cloth bag.,เธอหิ้วถุงผ้าอยู่ใบหนึ่ง
被动,他在谈判中很被动。,He was quite passive in the negotiation.,ในการเจรจาเขาเป็นฝ่ายตั้งรับมาก
被迫,他被迫离开家乡。,He was forced to leave his hometown.,เขาถูกบังคับให้ทิ้งบ้านเกิด
袭击,村庄遭到了敌人袭击。,The village suffered an enemy attack.,หมู่บ้านถูกศัตรูโจมตี
裁,她用剪刀裁布料。,She cuts the fabric with scissors.,เธอใช้กรรไกรตัดผ้า
裁决,法官做出了最终裁决。,The judge made the final ruling.,ผู้พิพากษามีคำตัดสินขั้นสุดท้าย
装备,士兵配齐了装备。,The soldiers were fully equipped.,เหล่าทหารมีอุปกรณ์ครบครัน
装饰,她用花装饰房间。,She decorates the room with flowers.,เธอใช้ดอกไม้ตกแต่งห้อง
裹,她用毯子裹住孩子。,She wrapped the child in a blanket.,เธอใช้ผ้าห่มห่อตัวเด็ก
西北,沙漠位于这个国家的西北方向。,The desert is located in the northwest of the country.,ทะเลทรายอยู่ทางทิศตะวันตกเฉียงเหนือของประเทศนี้
西装,他穿了一套西装。,He wore a suit.,เขาใส่สูทชุดหนึ่ง
要不然,快走吧，要不然会迟到。,"Hurry up, otherwise you'll be late.",รีบไปเถอะ ไม่งั้นจะสาย
要强,她从小就很要强。,She has been ambitious since childhood.,เธอเป็นคนไม่ยอมน้อยหน้าใครมาตั้งแต่เด็ก
要点,请记下会议的要点。,Please note down the key points of the meeting.,ช่วยจดประเด็นสำคัญของการประชุมไว้ด้วย
覆盖,大雪覆盖了整个城市。,Heavy snow covered the entire city.,หิมะปกคลุมทั้งเมือง
见义勇为,他见义勇为救了人。,He bravely stepped in to save someone.,เขากล้าหาญเข้าช่วยเหลือคนที่เดือดร้อน
见解,他对此事有独到见解。,He has a unique perspective on this matter.,เขามีความเห็นที่เป็นเอกลักษณ์ต่อเรื่องนี้
见识,旅行让他增长见识。,Traveling broadened his experience.,การท่องเที่ยวช่วยเปิดหูเปิดตาเขา
观望,大家都在观望局势。,Everyone is watching the situation.,ทุกคนกำลังจับตาดูสถานการณ์
观测,科学家观测天气变化。,Scientists observe changes in the weather.,นักวิทยาศาสตร์เฝ้าสังเกตการเปลี่ยนแปลงของอากาศ
观看,大家一起观看比赛。,Everyone watched the match together.,ทุกคนดูการแข่งขันด้วยกัน
规格,产品必须符合规格。,The product must meet the standard.,สินค้าต้องเป็นไปตามข้อกำหนด
视为,他被大家视为英雄。,He is regarded by everyone as a hero.,ทุกคนยกให้เขาเป็นวีรบุรุษ
视力,他的视力越来越差。,His eyesight is getting worse and worse.,สายตาของเขาแย่ลงเรื่อยๆ
视线,大雾挡住了他的视线。,The thick fog blocked his line of sight.,หมอกหนาบังสายตาเขา
视角,这是一个新的视角。,This is a new perspective.,นี่เป็นมุมมองใหม่
视野,山顶的视野十分开阔。,The view from the summit is very expansive.,วิวจากยอดเขาเปิดโล่งกว้างไกลมาก
觉,我觉得这个主意不错。,I think this idea is pretty good.,ฉันรู้สึกว่าไอเดียนี้ดีทีเดียว
角色,她在剧中扮演重要角色。,She plays an important role in the drama.,เธอรับบทสำคัญในละคร
角逐,两队激烈角逐冠军。,The two teams fiercely competed for the championship.,สองทีมแข่งขันชิงแชมป์กันอย่างดุเดือด
解开,他解开了绳子。,He untied the rope.,เขาแก้เชือกออก
解散,队伍最终解散了。,The team was eventually disbanded.,สุดท้ายทีมก็ถูกยุบ
解读,专家解读了这份报告。,The expert interpreted this report.,ผู้เชี่ยวชาญตีความรายงานฉบับนี้
解除,双方解除了合同。,Both parties terminated the contract.,ทั้งสองฝ่ายยกเลิกสัญญา
触动,这句话触动了我。,This sentence touched me.,คำพูดประโยคนี้สะเทือนใจฉัน
触目惊心,现场的景象触目惊心。,The scene was shocking to behold.,ภาพในที่เกิดเหตุน่าตกตะลึงมาก
言行,他的言行受人尊敬。,His words and actions earn people's respect.,คำพูดและการกระทำของเขาเป็นที่นับถือ
言语,他的言语让人感动。,His words moved people.,คำพูดของเขาทำให้คนซาบซึ้ง
言辞,他的言辞十分犀利。,His words were very sharp.,ถ้อยคำของเขาเฉียบคมมาก
警告,老师警告他别迟到。,The teacher warned him not to be late.,ครูเตือนเขาว่าอย่ามาสาย
警官,警官正在调查案件。,The police officer is investigating the case.,นายตำรวจกำลังสืบสวนคดี
警惕,我们要警惕网络诈骗。,We must be vigilant against online scams.,เราต้องระวังพวกมิจฉาชีพออนไลน์
譬如,譬如说这个方法。,"For example, this method.",ยกตัวอย่างเช่นวิธีนี้
计,他早有计划出国留学。,He has long planned to study abroad.,เขาวางแผนไปเรียนต่อต่างประเทศไว้นานแล้ว
计算机,他学的是计算机专业。,He is majoring in computer science.,เขาเรียนสาขาคอมพิวเตอร์
计较,别为小事斤斤计较。,Don't fuss over such small matters.,อย่ามัวคิดเล็กคิดน้อยกับเรื่องเล็กๆ
订单,公司收到一份新订单。,The company received a new order.,บริษัทได้รับคำสั่งซื้อใหม่
认出,我一眼就认出他。,I recognized him at a glance.,ฉันจำเขาได้ตั้งแต่แรกเห็น
认定,法院认定他有罪。,The court determined that he was guilty.,ศาลตัดสินว่าเขามีความผิด
认错,他勇敢地认错道歉。,He bravely admitted his mistake and apologized.,เขากล้ายอมรับผิดและขอโทษ
训,爸爸训了他一顿。,Dad scolded him.,พ่อดุเขาไปเสียยกใหญ่
讲话,校长在台上讲话。,The principal is giving a speech on stage.,ครูใหญ่กำลังพูดอยู่บนเวที
讲述,他向我们讲述了往事。,He recounted the past events to us.,เขาเล่าเรื่องในอดีตให้เราฟัง
论证,他用数据论证了观点。,He used data to prove his point.,เขาใช้ข้อมูลพิสูจน์ความคิดของตัวเอง
讽刺,这幅漫画充满讽刺。,This cartoon is full of satire.,การ์ตูนเรื่องนี้เต็มไปด้วยการเสียดสี
设想,谁也没有设想过这样的结果。,No one had imagined such a result.,ไม่มีใครคาดคิดถึงผลลัพธ์แบบนี้มาก่อน
设施,公园设施十分齐全。,The park's facilities are very complete.,สิ่งอำนวยความสะดวกในสวนครบครันมาก
设置,公司设置了新部门。,The company set up a new department.,บริษัทตั้งแผนกใหม่ขึ้นมา
证件,请出示您的证件。,Please show your ID.,กรุณาแสดงเอกสารประจำตัวของคุณ
证据,警方找到了证据。,The police found evidence.,ตำรวจหาหลักฐานเจอแล้ว
评,老师认真评了每一篇作文。,The teacher carefully graded every essay.,ครูตรวจให้คะแนนเรียงความทุกเรื่องอย่างตั้งใจ
评估,专家评估了风险。,Experts assessed the risk.,ผู้เชี่ยวชาญประเมินความเสี่ยง
评委,评委给这首歌打了高分。,The judges gave this song a high score.,กรรมการให้คะแนนเพลงนี้สูง
评论,网友纷纷发表评论。,Netizens posted comments one after another.,ชาวเน็ตพากันแสดงความคิดเห็น
识,我们应该增长见识。,We should broaden our knowledge.,เราควรเพิ่มพูนความรู้และประสบการณ์
识别,系统能自动识别人脸。,The system can automatically recognize faces.,ระบบจดจำใบหน้าได้เองอัตโนมัติ
识字,这个孩子已经会识字。,This child can already read.,เด็กคนนี้อ่านหนังสือออกแล้ว
试图,他试图打开那扇门。,He tried to open that door.,เขาพยายามเปิดประตูบานนั้น
试用,你可以先试用产品。,You can try the product first.,คุณลองใช้สินค้าก่อนได้
诗人,他是一位著名诗人。,He is a famous poet.,เขาเป็นกวีที่มีชื่อเสียง
诚心诚意,他诚心诚意地道歉。,He apologized earnestly and sincerely.,เขาขอโทษด้วยความจริงใจ
诚恳,他态度非常诚恳。,His attitude is very sincere.,ท่าทีของเขาจริงใจมาก
话筒,他拿起话筒开始唱歌。,He picked up the microphone and started singing.,เขาหยิบไมค์ขึ้นมาแล้วเริ่มร้องเพลง
话语,他的话语充满力量。,His words were full of power.,คำพูดของเขาเต็มไปด้วยพลัง
语气,她说话语气很温柔。,She speaks in a gentle tone.,เธอพูดด้วยน้ำเสียงอ่อนโยน
语音,请发一条语音消息。,Please send a voice message.,ช่วยส่งข้อความเสียงมาหน่อย
误,他误了今天的火车。,He missed today's train.,เขาตกรถไฟเที่ยววันนี้
误解,请不要误解我的意思。,Please don't misunderstand what I mean.,อย่าเข้าใจความหมายของฉันผิดนะ
诱人,这道菜的香味很诱人。,This dish's aroma is very enticing.,กลิ่นหอมของจานนี้ชวนกินมาก
诱惑,他抵挡不住美食诱惑。,He couldn't resist the temptation of good food.,เขาต้านทานความยั่วยวนของอาหารอร่อยไม่ไหว
说不定,他说不定今天会来。,"He might come today, who knows.",เขาอาจจะมาวันนี้ก็ได้นะ
说谎,他从不对父母说谎。,He never lies to his parents.,เขาไม่เคยโกหกพ่อแม่เลย
说道,他慢慢地说道原因。,He slowly stated the reason.,เขาค่อยๆ พูดบอกเหตุผล
请教,我想向您请教问题。,I would like to ask you for advice.,ฉันอยากขอคำปรึกษาจากคุณ
请求,他向老师提出请求。,He made a request to the teacher.,เขาเอ่ยคำขอต่อครู
课堂,课堂上大家认真听讲。,Everyone listens attentively in class.,ในห้องเรียนทุกคนตั้งใจฟัง
课程,这学期课程安排很满。,This semester's course schedule is very full.,ตารางเรียนเทอมนี้แน่นมาก
课题,这是一个重要研究课题。,This is an important research topic.,นี่เป็นหัวข้อวิจัยที่สำคัญ
调皮,这个孩子非常调皮。,This child is very naughty.,เด็กคนนี้ซนมาก
调研,团队去农村调研。,The team went to the countryside for research.,ทีมงานไปลงพื้นที่สำรวจในชนบท
调解,法官帮他们调解纠纷。,The judge helped mediate their dispute.,ผู้พิพากษาช่วยไกล่เกลี่ยข้อพิพาทให้พวกเขา
谅解,希望你能谅解我的难处。,I hope you can understand my difficulties.,หวังว่าคุณจะเข้าใจความลำบากของฉัน
谈到,他谈到了未来计划。,He talked about future plans.,เขาพูดถึงแผนการในอนาคต
谈论,大家在谈论这个新闻。,Everyone is discussing this news.,ทุกคนกำลังพูดคุยกันเรื่องข่าวนี้
谈起,他常常谈起童年。,He often talks about his childhood.,เขามักพูดถึงวัยเด็กอยู่บ่อยๆ
谋生,他靠捕鱼谋生。,He makes a living by fishing.,เขาหาเลี้ยงชีพด้วยการจับปลา
谣言,网上流传着一个谣言。,A rumor is circulating online.,มีข่าวลือแพร่สะพัดอยู่บนโลกออนไลน์
豁达,她性格十分豁达。,Her personality is very open-minded.,เธอเป็นคนใจกว้างมาก
豆浆,早餐我喝了豆浆。,I drank soy milk for breakfast.,มื้อเช้าฉันดื่มน้ำเต้าหู้
豆腐,他喜欢吃麻婆豆腐。,He likes eating mapo tofu.,เขาชอบกินเต้าหู้หม่าโผว
负,他要为这件事负责。,He must take responsibility for this matter.,เขาต้องรับผิดชอบเรื่องนี้
负责人,他是这个项目的负责人。,He is the person in charge of this project.,เขาเป็นผู้รับผิดชอบโครงการนี้
负面,这条新闻带来负面影响。,This news brought a negative impact.,ข่าวนี้ส่งผลกระทบด้านลบ
财产,这是他的私人财产。,This is his private property.,นี่เป็นทรัพย์สินส่วนตัวของเขา
财力,公司财力十分雄厚。,The company's financial resources are very strong.,บริษัทมีกำลังทรัพย์แข็งแกร่งมาก
责怪,妈妈没有责怪我。,Mom didn't blame me.,แม่ไม่ได้ตำหนิฉัน
败,那支球队又败了。,That team lost again.,ทีมนั้นแพ้อีกแล้ว
账,他仔细算了一笔账。,He carefully calculated the bill.,เขานั่งคิดบัญชีอย่างละเอียด
账户,请把钱转到我的账户。,Please transfer the money to my account.,ช่วยโอนเงินเข้าบัญชีของฉันด้วย
货物,仓库里堆满了货物。,The warehouse is piled with goods.,ในโกดังมีสินค้ากองเต็มไปหมด
质地,这块布料质地柔软。,The texture of this fabric is soft.,เนื้อผ้าผืนนี้นุ่ม
质疑,有人质疑这个结论。,Some people question this conclusion.,มีคนตั้งข้อสงสัยกับข้อสรุปนี้
贩卖,小贩在街头贩卖水果。,The vendor sells fruit on the street.,พ่อค้าขายผลไม้อยู่ข้างถนน
贪,做人不能太贪钱财。,One should not be too greedy for money.,เป็นคนอย่าโลภเงินทองมากเกินไป
贫困,这个地区十分贫困。,This region is very poor.,พื้นที่นี้ยากจนมาก
贫穷,这个村子曾经很贫穷。,This village used to be very poor.,หมู่บ้านนี้เคยยากจนมาก
购,他在网上购物。,He shops online.,เขาซื้อของออนไลน์
贯彻,公司认真贯彻新规定。,The company earnestly implements the new rules.,บริษัทนำกฎใหม่มาปฏิบัติอย่างจริงจัง
贯通,这条铁路全线贯通。,This railway is now fully connected.,ทางรถไฟสายนี้เชื่อมต่อกันตลอดสายแล้ว
贴切,这个比喻非常贴切。,This metaphor is very apt.,การเปรียบเปรยนี้เหมาะเจาะมาก
贴近,这部电影贴近现实生活。,This film is close to real life.,หนังเรื่องนี้ใกล้เคียงกับชีวิตจริง
贵宾,酒店为贵宾准备了专属房间。,The hotel prepared an exclusive room for the honored guests.,โรงแรมจัดห้องพิเศษไว้ให้แขกคนสำคัญ
贸易,两国发展贸易关系。,The two countries develop trade relations.,สองประเทศพัฒนาความสัมพันธ์ทางการค้า
费用,这次旅行费用不高。,This trip's cost isn't high.,ค่าใช้จ่ายของทริปนี้ไม่แพง
贿赂,官员因受贿赂被捕。,The official was arrested for taking bribes.,เจ้าหน้าที่ถูกจับเพราะรับสินบน
资本,他投入了大量资本。,He invested a large amount of capital.,เขาลงทุนด้วยเงินทุนจำนวนมาก
赋予,法律赋予公民权利。,The law grants citizens rights.,กฎหมายมอบสิทธิให้พลเมือง
赔偿,公司同意赔偿损失。,The company agreed to compensate for the loss.,บริษัทยอมชดใช้ค่าเสียหาย
赛场,选手们走进赛场。,The athletes walked into the arena.,นักกีฬาเดินเข้าสู่สนามแข่ง
赛跑,孩子们在操场赛跑。,The children are racing on the playground.,เด็กๆ วิ่งแข่งกันในสนาม
赞助,企业赞助了这场比赛。,A company sponsored this competition.,บริษัทเป็นผู้สนับสนุนการแข่งขันนี้
赞叹,大家都赞叹这幅画。,Everyone admired this painting.,ทุกคนต่างชื่นชมภาพวาดนี้
赞叹不已,大家对此赞叹不已。,Everyone was full of praise for it.,ทุกคนพากันชื่นชมไม่หยุดปาก
赞同,我完全赞同你的看法。,I completely agree with your view.,ฉันเห็นด้วยกับความคิดของคุณอย่างเต็มที่
赞扬,老师赞扬了他的努力。,The teacher praised his effort.,ครูชมเชยความพยายามของเขา
赫然,名单上赫然写着他的名字。,His name was startlingly listed on the roster.,ชื่อของเขาปรากฏเด่นชัดอยู่ในรายชื่อ
走廊,他站在走廊里等她。,He stood in the corridor waiting for her.,เขายืนรอเธออยู่ที่ทางเดิน
走近,他慢慢走近那扇门。,He slowly approached that door.,เขาค่อยๆ เดินเข้าไปใกล้ประตูบานนั้น
赶,他跑步去赶公交车。,He ran to catch the bus.,เขาวิ่งไปให้ทันรถเมล์
赶不上,他差点赶不上火车。,He almost missed the train.,เขาเกือบขึ้นรถไฟไม่ทัน
赶到,医生很快赶到现场。,The doctor quickly arrived at the scene.,หมอรีบไปถึงที่เกิดเหตุอย่างรวดเร็ว
赶忙,他听到消息赶忙回家。,"Hearing the news, he hurried home.",พอได้ยินข่าวเขาก็รีบกลับบ้าน
赶快,你赶快去上学吧。,Hurry up and go to school.,เธอรีบไปโรงเรียนเถอะ
赶紧,快下雨了赶紧回家吧。,"It's about to rain, let's hurry home.",ฝนจะตกแล้ว รีบกลับบ้านกันเถอะ
起初,起初大家都不理解他。,At first nobody understood him.,ตอนแรกไม่มีใครเข้าใจเขาเลย
起步,公司刚刚起步。,The company has just started out.,บริษัทเพิ่งเริ่มต้น
起源,这个传统起源于古代。,This tradition originates from ancient times.,ประเพณีนี้มีต้นกำเนิดมาตั้งแต่สมัยโบราณ
起点,比赛从广场起点开始。,The race starts from the square starting point.,การแข่งขันเริ่มจากจุดสตาร์ทที่ลานกว้าง
起码,起码要准备三天。,"At the very least, you need to prepare for three days.",อย่างน้อยต้องเตรียมตัวสามวัน
趁,他趁机会溜走了。,He took the opportunity to slip away.,เขาฉวยโอกาสหนีไป
趁早,有事就趁早去办。,"If there's something to do, go do it early.",มีอะไรต้องทำก็รีบไปทำแต่เนิ่นๆ
趁机,他趁机提出了要求。,He seized the chance to make a request.,เขาฉวยโอกาสยื่นข้อเรียกร้อง
超,他的速度超快。,His speed is extremely fast.,ความเร็วของเขาเร็วสุดๆ
超出,费用超出了预算。,The cost exceeded the budget.,ค่าใช้จ่ายเกินงบประมาณ
超标,这里噪音已经超标。,The noise here already exceeds the limit.,เสียงที่นี่ดังเกินมาตรฐานแล้ว
超级,他是个超级英雄迷。,He's a huge fan of superheroes.,เขาเป็นแฟนตัวยงของซูเปอร์ฮีโร่
超越,他终于超越了对手。,He finally surpassed his opponent.,ในที่สุดเขาก็แซงหน้าคู่แข่งได้
超车,不要随意超车。,Don't overtake carelessly.,อย่าแซงรถแบบไม่ระวัง
超速,他因为超速被罚款。,He was fined for speeding.,เขาโดนปรับเพราะขับรถเร็วเกินกำหนด
越发,天气越发寒冷了。,The weather has become increasingly cold.,อากาศหนาวขึ้นเรื่อยๆ
趋势,这是未来的发展趋势。,This is the future development trend.,นี่คือแนวโน้มการพัฒนาในอนาคต
趟,我去超市走了一趟。,I made a trip to the supermarket.,ฉันไปซูเปอร์มาร์เก็ตมาหนึ่งเที่ยว
趣味,这本书充满趣味。,This book is full of fun.,หนังสือเล่มนี้เต็มไปด้วยความสนุกสนาน
足,他准备食物很充足。,He prepared plenty of food.,เขาเตรียมอาหารไว้เยอะเพียงพอ
跌,他不小心跌倒了。,He accidentally fell down.,เขาพลาดหกล้มลง
跑道,运动员绕着跑道跑步。,The athlete runs around the track.,นักกีฬาวิ่งรอบลู่วิ่ง
距,学校距我家不远。,The school is not far from my home.,โรงเรียนอยู่ห่างจากบ้านฉันไม่ไกล
跟前,孩子跑到妈妈跟前。,The child ran up to his mother.,เด็กวิ่งไปหยุดตรงหน้าแม่
跨,他一步跨过了小溪。,He stepped across the stream in one stride.,เขาก้าวข้ามลำธารไปในก้าวเดียว
跨越,大桥跨越整条大河。,The bridge spans the entire river.,สะพานทอดข้ามแม่น้ำทั้งสาย
路况,今天路况不太好。,Traffic conditions aren't great today.,วันนี้สภาพการจราจรไม่ค่อยดี
路段,前方路段正在施工。,The road ahead is under construction.,ช่วงถนนข้างหน้ากำลังก่อสร้างอยู่
路程,这段路程很遥远。,This journey is very long.,ระยะทางช่วงนี้ไกลมาก
路线,请选择最短路线。,Please choose the shortest route.,ช่วยเลือกเส้นทางที่สั้นที่สุดนะ
路过,我路过这里顺便看看。,I was passing by here so I stopped to take a look.,ฉันเดินผ่านมาแถวนี้เลยแวะดูหน่อย
路面,下雨后路面很滑。,The road surface is slippery after rain.,หลังฝนตกพื้นถนนลื่นมาก
跳动,他的心脏剧烈跳动。,His heart was pounding violently.,หัวใจของเขาเต้นแรงมาก
跳远,他擅长跳远项目。,He excels at the long jump event.,เขาเก่งกีฬากระโดดไกล
踊跃,大家踊跃发言。,Everyone spoke enthusiastically.,ทุกคนกระตือรือร้นออกมาพูดกัน
踏上,他终于踏上了故乡的土地。,He finally set foot on his hometown's soil.,ในที่สุดเขาก็ได้เหยียบแผ่นดินบ้านเกิด
踏实,他做事一向很踏实。,He always does things steadily and reliably.,เขาทำงานหนักแน่นน่าเชื่อถือเสมอ
蹦,孩子们高兴地蹦跳。,The children jumped happily.,เด็กๆ กระโดดโลดเต้นอย่างสนุกสนาน
蹭,猫在腿边蹭来蹭去。,The cat rubbed against his leg.,แมวถูตัวไปมาข้างขาเขา
蹲,他蹲下身系鞋带。,He crouched down to tie his shoelaces.,เขานั่งยองๆ ลงผูกเชือกรองเท้า
身份,请出示您的身份证明。,Please show your identification.,ช่วยแสดงหลักฐานยืนยันตัวตนด้วย
身子,她的身子很虚弱。,Her body is very weak.,ร่างกายของเธออ่อนแอมาก
身影,我看到了他的身影。,I saw his silhouette.,ฉันเห็นเงาร่างของเขา
身心,运动有益身心健康。,Exercise benefits both body and mind.,การออกกำลังกายดีต่อสุขภาพกายและใจ
身躯,他的身躯十分强壮。,His body is very strong.,ร่างกายของเขาแข็งแรงมาก
身高,他的身高一米八。,His height is 1.8 meters.,เขาสูงหนึ่งเมตรแปด
躲藏,小猫躲藏在沙发下面。,The kitten hid under the sofa.,ลูกแมวซ่อนตัวอยู่ใต้โซฟา
躲避,他躲避着记者的追问。,He avoided the reporter's questions.,เขาหลบเลี่ยงคำถามของนักข่าว
车厢,火车车厢里坐满了人。,The train carriage was full of people.,ตู้รถไฟเต็มไปด้วยผู้คน
车票,他去窗口买车票。,He went to the window to buy a ticket.,เขาไปซื้อตั๋วรถที่ช่องขายตั๋ว
车轮,车轮陷进了泥地里。,The wheel got stuck in the mud.,ล้อรถจมลงไปในโคลน
车辆,路上的车辆越来越多。,There are more and more vehicles on the road.,รถราบนถนนมีมากขึ้นเรื่อยๆ
车速,请注意控制车速。,Please pay attention to controlling your speed.,ช่วยควบคุมความเร็วรถด้วยนะ
车间,工人们在车间加班。,The workers are working overtime in the workshop.,คนงานทำงานล่วงเวลากันอยู่ในโรงงาน
转化,压力可以转化为动力。,Pressure can be transformed into motivation.,ความกดดันเปลี่ยนเป็นแรงผลักดันได้
转变,他的态度发生转变。,His attitude changed.,ทัศนคติของเขาเปลี่ยนไป
转向,汽车突然转向左边。,The car suddenly turned left.,รถเลี้ยวไปทางซ้ายกะทันหัน
转换,请把文件转换格式。,Please convert the file format.,ช่วยแปลงรูปแบบไฟล์ด้วย
转移,医院把病人转移到别处。,The hospital transferred the patient elsewhere.,โรงพยาบาลย้ายผู้ป่วยไปที่อื่น
转让,他把店铺转让给别人。,He transferred the shop to someone else.,เขาโอนร้านให้คนอื่น
转身,他转身离开了房间。,He turned around and left the room.,เขาหันตัวเดินออกจากห้อง
轮,今晚有一轮满月。,There's a full moon tonight.,คืนนี้มีพระจันทร์เต็มดวง
轮子,自行车的轮子坏了。,The bicycle's wheel is broken.,ล้อจักรยานเสีย
轮流,大家轮流照顾病人。,Everyone takes turns caring for the patient.,ทุกคนผลัดกันดูแลผู้ป่วย
轰动,这个消息引起了轰动。,This news caused a sensation.,ข่าวนี้สร้างความฮือฮาไปทั่ว
轻微,他受了轻微擦伤。,He suffered a minor scrape.,เขามีแผลถลอกเล็กน้อย
轻而易举,这件事对他轻而易举。,This matter is effortless for him.,เรื่องนี้ง่ายดายมากสำหรับเขา
载体,语言是文化的载体。,Language is the carrier of culture.,ภาษาเป็นสื่อกลางถ่ายทอดวัฒนธรรม
较量,两位选手正在较量。,The two contestants are competing.,นักแข่งสองคนกำลังประชันกันอยู่
输入,请输入你的密码。,Please enter your password.,ช่วยกรอกรหัสผ่านของคุณ
输送,管道负责输送石油。,The pipeline is responsible for transporting oil.,ท่อส่งทำหน้าที่ลำเลียงน้ำมัน
辛勤,农民辛勤地劳动着。,The farmers work diligently.,ชาวนาทำงานอย่างขยันขันแข็ง
辞,他决定辞去这份工作。,He decided to resign from this job.,เขาตัดสินใจลาออกจากงานนี้
辞去,他辞去了现在的工作。,He resigned from his current job.,เขาลาออกจากงานปัจจุบันแล้ว
辨别,他能辨别真假货币。,He can distinguish real from fake currency.,เขาแยกแยะเงินจริงเงินปลอมได้
辨认,我很难辨认他的字迹。,I find it hard to recognize his handwriting.,ฉันแทบจำลายมือของเขาไม่ได้
辩解,他不停地为自己辩解。,He kept justifying himself.,เขาแก้ตัวให้ตัวเองไม่หยุด
辩论,双方展开激烈辩论。,Both sides engaged in a fierce debate.,สองฝ่ายโต้วาทีกันอย่างดุเดือด
边界,两国边界十分漫长。,The border between the two countries is very long.,พรมแดนของสองประเทศยาวมาก
边缘,他站在悬崖边缘。,He stood at the edge of the cliff.,เขายืนอยู่ริมขอบหน้าผา
达成,双方终于达成协议。,Both sides finally reached an agreement.,ในที่สุดสองฝ่ายก็บรรลุข้อตกลง
迄今为止,迄今为止一切顺利。,"So far, everything has gone smoothly.",จนถึงตอนนี้ทุกอย่างราบรื่นดี
过不去,他总跟自己过不去。,He is always hard on himself.,เขาชอบทำให้ตัวเองลำบากอยู่เรื่อย
过分,他的要求实在有点过分。,His request is really a bit excessive.,ข้อเรียกร้องของเขามันเกินไปจริงๆ
过半,工程进度已经过半。,The project progress is already over halfway.,ความคืบหน้าของงานเกินครึ่งแล้ว
过后,雨过后天空放晴。,"After the rain, the sky cleared up.",หลังฝนหยุด ท้องฟ้าก็แจ่มใส
过失,这是他工作上的过失。,This is a fault in his work.,นี่คือความผิดพลาดในงานของเขา
过头,玩笑开得有点过头。,The joke went a bit too far.,เล่นมุกเกินเลยไปหน่อย
过奖,您真是过奖了。,You're really flattering me.,คุณชมเกินไปแล้วล่ะ
过度,过度使用手机对眼睛不好。,Excessive phone use is bad for the eyes.,การใช้มือถือมากเกินไปไม่ดีต่อสายตา
过往,他不愿提起过往的事。,He doesn't want to bring up past events.,เขาไม่อยากพูดถึงเรื่องในอดีต
过时,这种手机已经过时了。,This kind of phone is already out of date.,มือถือแบบนี้ตกรุ่นไปแล้ว
过滤,这台机器可以过滤空气。,This machine can filter the air.,เครื่องนี้กรองอากาศได้
过瘾,这场比赛看得过瘾。,This match was thrilling to watch.,การแข่งขันนัดนี้ดูแล้วมันสุดๆ
过硬,他的技术十分过硬。,His skills are truly solid.,ฝีมือของเขาแน่นมาก
过错,这不是你的过错。,This is not your fault.,นี่ไม่ใช่ความผิดของเธอ
迈,他迈出了第一步。,He took the first step.,เขาก้าวเท้าออกไปก้าวแรก
迎,全家人出门迎接远方的客人。,The whole family went out to welcome the guest from afar.,ทั้งครอบครัวออกมาต้อนรับแขกจากแดนไกล
迎合,商家迎合顾客口味。,Merchants cater to customers' tastes.,ร้านค้าเอาใจรสนิยมของลูกค้า
迎接,大家去机场迎接他。,Everyone went to the airport to welcome him.,ทุกคนไปต้อนรับเขาที่สนามบิน
迎来,城市迎来了新春。,The city welcomed the new spring.,เมืองต้อนรับฤดูใบไม้ผลิที่มาถึง
运作,公司运作十分正常。,The company operates quite normally.,บริษัทดำเนินงานเป็นปกติดี
运动会,学校举办了运动会。,The school held a sports meet.,โรงเรียนจัดงานกีฬาสี
运行,这台机器已经运行了十年。,This machine has been running for ten years.,เครื่องนี้ทำงานมาสิบปีแล้ว
运输,货物正在运输途中。,The goods are in transit.,สินค้ากำลังอยู่ระหว่างขนส่ง
近代,这是近代著名建筑。,This is a famous modern-era building.,นี่คืออาคารชื่อดังยุคใหม่
近年来,近年来物价上涨很快。,"In recent years, prices have risen quickly.",ช่วงไม่กี่ปีมานี้ราคาข้าวของขึ้นเร็วมาก
近期,近期天气变化很大。,The weather has changed a lot recently.,ช่วงนี้อากาศเปลี่ยนแปลงมาก
近来,近来天气变化很大。,The weather has changed a lot recently.,ระยะหลังมานี้อากาศเปลี่ยนแปลงมาก
近视,他从小患有近视。,He has been nearsighted since childhood.,เขาสายตาสั้นมาตั้งแต่เด็ก
返回,飞机将于晚上返回。,The plane will return in the evening.,เครื่องบินจะเดินทางกลับตอนเย็น
这就是说,这就是说他不能来了。,"In other words, he can't come.",นั่นก็หมายความว่าเขามาไม่ได้แล้ว
进出,大门方便进出。,The gate is convenient for going in and out.,ประตูใหญ่เข้าออกสะดวก
进口,这些水果都是进口的。,These fruits are all imported.,ผลไม้พวกนี้เป็นของนำเข้าทั้งนั้น
进展,项目进展十分顺利。,The project is progressing very smoothly.,โครงการคืบหน้าไปได้อย่างราบรื่น
进度,工程进度比较顺利。,The project's progress is going smoothly.,ความคืบหน้าของงานค่อนข้างราบรื่น
进攻,球队在下半场发起了猛烈进攻。,The team launched a fierce attack in the second half.,ทีมบุกอย่างหนักในครึ่งหลัง
进来,请问我可以进来吗？,Excuse me may I come in?,ขอโทษนะ ฉันเข้าไปได้ไหม?
进而,先打好基础，进而提高水平。,"First build a solid foundation, and then raise your level.",วางพื้นฐานให้ดีก่อน แล้วจึงค่อยยกระดับความสามารถ
远处,远处传来悠扬的歌声。,A melodious song came from a distant place.,มีเสียงเพลงไพเราะลอยมาจากที่ไกลๆ
远近闻名,这家餐厅远近闻名。,This restaurant is famous far and wide.,ร้านอาหารนี้มีชื่อเสียงเลื่องลือไปทั่ว
远远,他远远超过了对手。,He far surpassed his opponent.,เขาเหนือกว่าคู่แข่งอยู่มาก
违反,他违反了公司规定。,He violated the company's rules.,เขาละเมิดกฎของบริษัท
违背,这样做违背了规则。,Doing this goes against the rules.,การทำแบบนี้ขัดกับกฎ
连接,这座桥连接两座城市。,This bridge connects two cities.,สะพานนี้เชื่อมสองเมืองเข้าด้วยกัน
连续剧,她每天追看连续剧。,She watches TV series every day.,เธอตามดูละครทุกวัน
迫使,疫情迫使公司转型。,The pandemic forced the company to transform.,โรคระบาดบีบให้บริษัทต้องปรับเปลี่ยน
迫害,他曾遭受政治迫害。,He once suffered political persecution.,เขาเคยถูกกดขี่ข่มเหงทางการเมือง
迷,他对篮球十分着迷。,He is very obsessed with basketball.,เขาคลั่งไคล้บาสเกตบอลมาก
迷人,这里的风景十分迷人。,The scenery here is very charming.,วิวที่นี่สวยน่าหลงใหลมาก
迷恋,他深深迷恋着音乐。,He is deeply infatuated with music.,เขาหลงใหลในเสียงดนตรีอย่างลึกซึ้ง
迷惑,这个谜题让人十分迷惑。,This puzzle leaves people utterly confused.,ปริศนานี้ทำให้คนงงงวยมาก
迷惑不解,这个问题让他迷惑不解。,This question left him utterly puzzled.,คำถามนี้ทำให้เขางงจนคิดไม่ตก
追赶,猎狗在追赶兔子。,The hunting dog is chasing the rabbit.,สุนัขล่าเนื้อกำลังไล่ตามกระต่าย
追踪,警方正在追踪嫌犯。,Police are tracking the suspect.,ตำรวจกำลังติดตามผู้ต้องสงสัย
追逐,孩子们互相追逐。,The children chased each other.,เด็กๆ วิ่งไล่กันไปมา
追问,记者追问事情细节。,The reporter pressed for details of the matter.,นักข่าวซักถามรายละเอียดของเรื่อง
退,他向后退了一步。,He took a step back.,เขาถอยหลังไปหนึ่งก้าว
退役,他今年正式退役了。,He officially retired this year.,ปีนี้เขาอำลาวงการอย่างเป็นทางการแล้ว
退票,他决定去窗口退票。,He decided to go to the window to return the ticket.,เขาตัดสินใจไปคืนตั๋วที่ช่องขายตั๋ว
送行,朋友们来车站送行。,Friends came to the station to see him off.,เพื่อนๆ มาส่งเขาที่สถานี
适宜,这里气候十分适宜。,The climate here is very suitable.,ภูมิอากาศที่นี่เหมาะสมมาก
适量,运动时要注意适量。,You should exercise in moderation.,เวลาออกกำลังกายต้องระวังให้พอเหมาะ
逃,他吓得转身就逃。,He was so scared he turned and fled.,เขาตกใจจนหันหลังวิ่งหนี
逃走,小偷趁乱逃走了。,The thief fled amid the chaos.,ขโมยฉวยโอกาสตอนชุลมุนหนีไป
选手,各国选手齐聚一堂。,Athletes from all countries gathered together.,นักกีฬาจากนานาประเทศมารวมตัวกัน
选拔,学校正在选拔队员。,The school is selecting team members.,โรงเรียนกำลังคัดเลือกนักกีฬาเข้าทีม
选用,这次装修选用了环保材料。,This renovation used eco-friendly materials.,การรีโนเวตครั้งนี้เลือกใช้วัสดุที่เป็นมิตรกับสิ่งแวดล้อม
选项,这道题有四个选项。,This question has four options.,ข้อนี้มีสี่ตัวเลือก
透彻,老师讲解得非常透彻。,The teacher explained it very thoroughly.,คุณครูอธิบายได้อย่างละเอียดถี่ถ้วน
透过,阳光透过窗户照进来。,Sunlight shines in through the window.,แสงแดดส่องผ่านหน้าต่างเข้ามา
逐年,公司利润逐年增长。,The company's profits grow year after year.,กำไรของบริษัทเพิ่มขึ้นทุกปี
途中,他在旅途中丢了钱包。,He lost his wallet during the journey.,เขาทำกระเป๋าเงินหายระหว่างการเดินทาง
途径,我们要找到解决问题的途径。,We need to find a way to solve the problem.,เราต้องหาหนทางแก้ปัญหาให้ได้
逗,他喜欢逗小孩子笑。,He likes to make children laugh.,เขาชอบหยอกให้เด็กๆ หัวเราะ
通信,他们经常通信联系。,They often keep in touch by mail.,พวกเขาติดต่อกันทางจดหมายอยู่บ่อยๆ
通用,英语是国际通用语言。,English is a commonly used international language.,ภาษาอังกฤษเป็นภาษาที่ใช้กันทั่วไปในระดับสากล
通行,这条路禁止通行。,This road is closed to traffic.,ถนนเส้นนี้ห้ามสัญจร
通话,我和她通话了很久。,I talked with her on the phone for a long time.,ฉันคุยโทรศัพท์กับเธอนานมาก
通风,房间需要经常通风。,The room needs to be ventilated often.,ห้องต้องระบายอากาศบ่อยๆ
造价,这栋楼造价很高。,The construction cost of this building is high.,อาคารหลังนี้มีต้นทุนก่อสร้างสูงมาก
造型,她的发型造型很特别。,Her hairstyle design is very unique.,ทรงผมของเธอออกแบบได้แปลกไม่เหมือนใคร
造就,努力造就了他的成功。,Hard work brought about his success.,ความพยายามหล่อหลอมให้เขาประสบความสำเร็จ
逻辑,他说话很有逻辑。,He speaks very logically.,เขาพูดจามีเหตุผลเป็นตรรกะมาก
逼,别逼他做决定。,Don't force him to make a decision.,อย่าบังคับให้เขาตัดสินใจ
逼真,这幅画画得非常逼真。,This painting looks extremely lifelike.,ภาพนี้วาดได้เหมือนจริงมาก
逼迫,他被逼迫签了合同。,He was forced to sign the contract.,เขาถูกบังคับให้เซ็นสัญญา
遇,我们在路上偶遇。,We ran into each other by chance on the road.,เราบังเอิญเจอกันบนถนน
遇上,我在路上遇上了老友。,I ran into an old friend on the road.,ฉันบังเอิญเจอเพื่อนเก่าบนถนน
遍布,咖啡店遍布这座城市。,Coffee shops are found all over this city.,ร้านกาแฟมีอยู่ทั่วทั้งเมืองนี้
遏制,政府努力遏制通胀。,The government works hard to curb inflation.,รัฐบาลพยายามยับยั้งเงินเฟ้อ
道具,演员准备好了道具。,The actor got the props ready.,นักแสดงเตรียมอุปกรณ์ประกอบฉากไว้พร้อมแล้ว
遗址,考古学家发现了古代遗址。,Archaeologists discovered ancient ruins.,นักโบราณคดีค้นพบซากโบราณสถาน
遥远,他们来自遥远的国家。,They come from a distant country.,พวกเขามาจากประเทศที่อยู่ห่างไกล
遭受,这座城市遭受了地震。,This city suffered an earthquake.,เมืองนี้ประสบเหตุแผ่นดินไหว
遭遇,旅途中他遭遇了大雨。,He encountered heavy rain during his trip.,ระหว่างเดินทางเขาเจอกับฝนตกหนัก
遵守,大家都要遵守规则。,Everyone must follow the rules.,ทุกคนต้องปฏิบัติตามกฎ
遵循,我们必须遵循规则。,We must abide by the rules.,เราต้องยึดถือปฏิบัติตามกฎ
遵照,大家遵照老师的要求做作业。,Everyone did their homework according to the teacher's instructions.,ทุกคนทำการบ้านตามที่คุณครูสั่ง
避,他躲避在树下避雨。,He hid under a tree to avoid the rain.,เขาหลบอยู่ใต้ต้นไม้เพื่อหลบฝน
避暑,一家人去山里避暑。,The family went to the mountains to escape the heat.,ครอบครัวไปหลบร้อนบนภูเขา
邪恶,故事里的巫婆很邪恶。,The witch in the story is very evil.,แม่มดในนิทานชั่วร้ายมาก
邮箱,请查看你的邮箱。,Please check your mailbox.,ช่วยเช็กกล่องอีเมลของคุณด้วย
郊外,周末我们去郊外野餐。,We're going to the outskirts for a picnic this weekend.,สุดสัปดาห์นี้เราจะไปปิกนิกที่ชานเมือง
部位,请注意受伤部位。,Please pay attention to the injured area.,ช่วยระวังบริเวณที่บาดเจ็บด้วย
部队,他的哥哥在部队服役。,His older brother serves in the military.,พี่ชายของเขารับราชการอยู่ในกองทัพ
鄙视,他遭到众人鄙视。,He was despised by everyone.,เขาถูกทุกคนดูถูกเหยียดหยาม
配,这个颜色配那件衣服。,This color matches that piece of clothing.,สีนี้เข้ากับเสื้อตัวนั้น
配合,大家要互相配合工作。,Everyone should cooperate with each other at work.,ทุกคนต้องร่วมมือกันในการทำงาน
配备,教室配备了空调。,The classroom is equipped with air conditioning.,ห้องเรียนติดตั้งเครื่องปรับอากาศไว้พร้อม
配音,这部动画由专业演员配音。,This animation is dubbed by professional actors.,การ์ตูนเรื่องนี้พากย์เสียงโดยนักพากย์มืออาชีพ
酒店,我们订了一间酒店。,We booked a hotel room.,เราจองโรงแรมไว้หนึ่งห้อง
酒楼,我们在酒楼吃了一顿饭。,We had a meal at the restaurant.,เรากินข้าวกันหนึ่งมื้อที่ภัตตาคาร
酒水,婚礼上的酒水很丰富。,There was a wide variety of drinks at the wedding.,เครื่องดื่มในงานแต่งงานมีให้เลือกหลากหลาย
酒精,医生用酒精给伤口消毒。,The doctor disinfected the wound with alcohol.,หมอใช้แอลกอฮอล์ฆ่าเชื้อที่แผล
酗酒,他因酗酒伤了身体。,He damaged his health through heavy drinking.,เขาทำร้ายสุขภาพตัวเองเพราะดื่มเหล้าหนัก
酝酿,公司正在酝酿新计划。,The company is brewing a new plan.,บริษัทกำลังบ่มเพาะแผนการใหม่อยู่
酱油,做菜时要加一点酱油。,Add a bit of soy sauce when cooking.,เวลาทำอาหารต้องใส่ซีอิ๊วนิดหน่อย
酸甜苦辣,人生充满酸甜苦辣。,Life is full of ups and downs.,ชีวิตเต็มไปด้วยรสชาติเปรี้ยวหวานขมเผ็ด
酿造,这种酒是传统方法酿造的。,This wine is brewed using a traditional method.,เหล้าชนิดนี้หมักด้วยวิธีดั้งเดิม
醉,他喝多了已经醉了。,He drank too much and is already drunk.,เขาดื่มมากเกินไปจนเมาแล้ว
醒来,他早上六点醒来。,He woke up at six in the morning.,เขาตื่นนอนตอนหกโมงเช้า
醒目,招牌颜色十分醒目。,The sign's color is very eye-catching.,สีของป้ายสะดุดตามาก
采,农民正在采茶叶。,The farmer is picking tea leaves.,ชาวนากำลังเก็บใบชา
采纳,经理采纳了他的建议。,The manager adopted his suggestion.,ผู้จัดการรับข้อเสนอแนะของเขาไปใช้
采集,科学家在采集样本。,The scientist is collecting samples.,นักวิทยาศาสตร์กำลังเก็บตัวอย่าง
释放,警方释放了那名嫌疑人。,The police released that suspect.,ตำรวจปล่อยตัวผู้ต้องสงสัยคนนั้น
里程碑,这是公司发展的里程碑。,This is a milestone in the company's development.,นี่คือหมุดหมายสำคัญในการเติบโตของบริษัท
里边,箱子里边放着礼物。,There's a gift inside the box.,ข้างในกล่องมีของขวัญวางอยู่
重复,请不要重复问题。,Please don't repeat the question.,ช่วยอย่าถามซ้ำ
重大,这是一个重大的决定。,This is a major decision.,นี่เป็นการตัดสินใจครั้งสำคัญ
重心,公司把工作重心转移了。,The company shifted its focus of work.,บริษัทเปลี่ยนจุดเน้นของงานไปแล้ว
野外,周末我们去野外露营。,We're going camping in the wild this weekend.,สุดสัปดาห์นี้เราจะไปตั้งแคมป์กลางป่า
野生,这是一种野生动物。,This is a wild animal.,นี่คือสัตว์ป่าชนิดหนึ่ง
金,她戴着一枚金戒指。,She wears a gold ring.,เธอสวมแหวนทองวงหนึ่ง
金子,这枚戒指是用金子打的。,This ring is made of gold.,แหวนวงนี้ทำจากทอง
金属,这个盒子是金属做的。,This box is made of metal.,กล่องนี้ทำจากโลหะ
金牌,她赢得了这次比赛的金牌。,She won the gold medal in this competition.,เธอคว้าเหรียญทองจากการแข่งขันครั้งนี้
金融,他在金融公司工作。,He works at a finance company.,เขาทำงานที่บริษัทการเงิน
鉴于,鉴于天气不好，比赛取消。,"Given the bad weather, the match was cancelled.",เนื่องจากอากาศไม่ดี การแข่งขันจึงถูกยกเลิก
鉴别,专家帮忙鉴别古董真假。,The expert helped tell whether the antique was genuine.,ผู้เชี่ยวชาญช่วยพิสูจน์ว่าของเก่าเป็นของแท้หรือปลอม
针,护士给我打了一针。,The nurse gave me an injection.,พยาบาลฉีดยาให้ฉันเข็มหนึ่ง
钉,他用锤子钉钉子。,He uses a hammer to hammer in a nail.,เขาใช้ค้อนตอกตะปู
钙,牛奶含有丰富的钙。,Milk contains rich calcium.,นมมีแคลเซียมอุดมสมบูรณ์
钟,教堂的钟敲响了十二下。,The church bell rang twelve times.,ระฆังโบสถ์ตีดังสิบสองครั้ง
钩,墙上挂着一个钩子。,There is a hook hanging on the wall.,มีตะขอแขวนอยู่บนกำแพง
钻,工人用机器钻孔。,The worker drills a hole with a machine.,คนงานใช้เครื่องเจาะรู
钻研,他刻苦钻研技术。,He studies the technology diligently.,เขาตั้งใจศึกษาค้นคว้าเทคนิคอย่างหนัก
铁路,这条铁路连接两座城市。,This railway connects two cities.,ทางรถไฟสายนี้เชื่อมสองเมืองเข้าด้วยกัน
铃声,手机铃声突然响了。,The phone's ringtone suddenly rang.,เสียงเรียกเข้าโทรศัพท์ดังขึ้นมาทันที
铝,这个水壶是铝做的。,This kettle is made of aluminum.,กาน้ำใบนี้ทำจากอะลูมิเนียม
铭记,我会永远铭记这份恩情。,I will always remember this kindness.,ฉันจะจดจำบุญคุณนี้ไว้ตลอดไป
银行卡,他用银行卡付款。,He paid with his bank card.,เขาจ่ายเงินด้วยบัตรธนาคาร
铺,街角有一家小铺子。,There's a small shop on the corner.,ตรงหัวมุมถนนมีร้านเล็กๆ ร้านหนึ่ง
销,这款产品十分畅销。,This product sells very well.,สินค้ารุ่นนี้ขายดีมาก
错觉,这只是一种错觉。,This is just an illusion.,นี่เป็นแค่ภาพลวงตา
键,请按下这个键。,Please press this key.,กรุณากดปุ่มนี้
镇定,面对危险他很镇定。,He remained calm in the face of danger.,เขาใจเย็นมากเมื่อเจอกับอันตราย
镜头,摄影师调整了镜头。,The photographer adjusted the lens.,ช่างภาพปรับเลนส์
长处,每个人都有自己的长处。,Everyone has their own strengths.,ทุกคนต่างมีจุดเด่นของตัวเอง
长度,请测量绳子长度。,Please measure the length of the rope.,ช่วยวัดความยาวของเชือกหน่อย
长期以来,长期以来他一直坚持锻炼。,"For a long time, he has kept exercising.",เขาออกกำลังกายมาอย่างต่อเนื่องเป็นเวลานาน
长跑,他擅长长跑比赛。,He excels at long-distance races.,เขาถนัดการแข่งวิ่งระยะไกล
长远,我们要考虑长远利益。,We must consider long-term interests.,เราต้องคำนึงถึงผลประโยชน์ระยะยาว
门槛,他不小心绊到门槛。,He accidentally tripped over the threshold.,เขาสะดุดธรณีประตูโดยไม่ตั้งใจ
门诊,医院今天不设门诊。,The hospital has no outpatient service today.,วันนี้โรงพยาบาลไม่เปิดแผนกผู้ป่วยนอก
门铃,门铃响了，快开门。,"The doorbell rang, hurry and open the door.",กริ่งประตูดังแล้ว รีบไปเปิดประตูเร็ว
闪,远处的天空突然闪了一下。,The sky in the distance suddenly flashed.,ท้องฟ้าไกลๆ วาบแสงขึ้นมาทันที
闪烁,夜空中星星在闪烁。,The stars were twinkling in the night sky.,ดวงดาวกำลังกะพริบระยิบระยับบนท้องฟ้ายามค่ำคืน
闭幕,运动会明天晚上闭幕。,The sports meet closes tomorrow evening.,งานกีฬาจะปิดฉากคืนพรุ่งนี้
闭幕式,运动会闭幕式很精彩。,The sports meet's closing ceremony was wonderful.,พิธีปิดงานกีฬาน่าตื่นตาตื่นใจมาก
问世,这本书终于问世了。,This book has finally been published.,หนังสือเล่มนี้ออกวางจำหน่ายเสียที
闯,他勇敢地闯进了火场救人。,He bravely rushed into the fire to save people.,เขากล้าหาญบุกเข้าไปในกองเพลิงเพื่อช่วยคน
间隔,两次考试间隔一周。,The two exams are a week apart.,การสอบสองครั้งห่างกันหนึ่งสัปดาห์
闹,街上非常热闹。,The street is very lively.,บนถนนคึกคักมาก
闻名,这座古城闻名世界。,This ancient city is world-famous.,เมืองเก่าแห่งนี้มีชื่อเสียงไปทั่วโลก
阅览室,学生们安静地坐在阅览室。,The students sit quietly in the reading room.,นักเรียนนั่งเงียบๆ อยู่ในห้องอ่านหนังสือ
队,学校组织了一支足球队。,The school organized a football team.,โรงเรียนตั้งทีมฟุตบอลขึ้นมาทีมหนึ่ง
队伍,游行的队伍走过广场。,The parade procession walked across the square.,ขบวนพาเหรดเดินผ่านลานกว้าง
防,大家一起防止火灾。,Everyone works together to prevent fires.,ทุกคนช่วยกันป้องกันไฟไหม้
防御,这支球队的防御很强。,This team's defense is very strong.,การป้องกันของทีมนี้แข็งแกร่งมาก
防治,医院负责防治疾病。,The hospital is responsible for disease prevention.,โรงพยาบาลรับผิดชอบการป้องกันและรักษาโรค
防疫,社区加强了防疫措施。,The community strengthened epidemic prevention measures.,ชุมชนเพิ่มมาตรการป้องกันโรคระบาด
阴影,大树的阴影很凉快。,The shadow of the big tree is cool.,ร่มเงาของต้นไม้ใหญ่เย็นสบายมาก
阴暗,这条巷子十分阴暗。,This alley is very dim.,ตรอกนี้มืดทึบมาก
阵,突然刮起一阵大风。,Suddenly a gust of strong wind blew up.,จู่ๆ ก็มีลมแรงพัดมาระลอกหนึ่ง
阶层,社会阶层各不相同。,Social classes differ from one another.,ชนชั้นในสังคมแตกต่างกันไป
阻力,改革遇到不小阻力。,The reform met with considerable resistance.,การปฏิรูปเจอกับแรงต้านไม่น้อย
阻拦,没人能阻拦他的决心。,No one could stop his determination.,ไม่มีใครขัดขวางความตั้งใจของเขาได้
阻挡,大雨阻挡了我们前进。,The heavy rain blocked our way forward.,ฝนตกหนักขวางไม่ให้เราเดินหน้าต่อ
陈列,展馆陈列着古董。,Antiques are displayed in the exhibition hall.,ในหอแสดงมีของโบราณจัดแสดงอยู่
陈述,他陈述了事情经过。,He stated how the matter happened.,เขาเล่าลำดับเหตุการณ์ที่เกิดขึ้น
降临,夜幕渐渐降临了。,Night gradually fell.,ความมืดของค่ำคืนค่อยๆ คืบคลานเข้ามา
限,这次考试时间有限。,The exam time this time is limited.,การสอบครั้งนี้มีเวลาจำกัด
院,他家有一个大院。,His home has a big courtyard.,บ้านของเขามีลานบ้านกว้างใหญ่
除,他努力去除心中疑虑。,He worked hard to remove the doubts in his heart.,เขาพยายามขจัดความกังวลในใจออกไป
除非,除非你去，我才愿意去。,I'll only go if you go too.,ฉันจะไปก็ต่อเมื่อเธอไปด้วยเท่านั้น
陨石,昨晚有一颗陨石坠落。,A meteorite fell last night.,เมื่อคืนมีอุกกาบาตตกลงมาลูกหนึ่ง
险,这条路很危险，要小心。,"This road is dangerous, be careful.",ถนนสายนี้อันตรายมาก ต้องระวัง
陪伴,狗一直陪伴着他。,The dog has always accompanied him.,สุนัขอยู่เป็นเพื่อนเขามาตลอด
陪同,老师陪同学生参观。,The teacher accompanied the students on the visit.,ครูพานักเรียนไปเยี่ยมชมด้วยกัน
陷,这是一个精心设计的陷阱。,This is a carefully designed trap.,นี่คือกับดักที่ออกแบบมาอย่างแยบยล
隆重,婚礼办得非常隆重。,The wedding was held very grandly.,งานแต่งงานจัดได้อย่างยิ่งใหญ่อลังการ
随处可见,这种植物随处可见。,This plant can be seen everywhere.,พืชชนิดนี้พบเห็นได้ทั่วไป
随心所欲,他做事总是随心所欲。,He always does things however he pleases.,เขาทำอะไรตามใจตัวเองเสมอ
随手,请随手关灯节约用电。,Please turn off the light conveniently to save electricity.,กรุณาปิดไฟเวลาเดินผ่านเพื่อช่วยประหยัดไฟ
随时随地,他随时随地都在学习。,He studies anytime and anywhere.,เขาเรียนรู้ได้ทุกที่ทุกเวลา
随身,请随身携带证件。,Please carry your ID with you.,กรุณาพกบัตรประจำตัวติดตัวไว้
隐蔽,士兵找地方隐蔽起来。,The soldier found a place to hide.,ทหารหาที่กำบังหลบซ่อนตัว
隐藏,他隐藏了真实想法。,He hid his true thoughts.,เขาซ่อนความคิดที่แท้จริงเอาไว้
隔离,病人被隔离观察了。,The patient was isolated for observation.,ผู้ป่วยถูกแยกกักตัวเพื่อสังเกตอาการ
隔阂,两人之间有些隔阂。,There is some estrangement between the two of them.,ระหว่างสองคนนี้มีความห่างเหินกันอยู่บ้าง
难以,这件事难以解决。,This matter is hard to resolve.,เรื่องนี้แก้ไขได้ยาก
难以想象,这个结果真难以想象。,This result is truly hard to imagine.,ผลลัพธ์นี้ยากจะจินตนาการจริงๆ
难听,这首歌很难听。,This song sounds terrible.,เพลงนี้ฟังไม่เพราะเลย
难怪,难怪他这么开心。,No wonder he's so happy.,มิน่าล่ะเขาถึงได้มีความสุขขนาดนี้
难看,这件衣服很难看。,This piece of clothing looks ugly.,เสื้อตัวนี้ดูไม่สวยเลย
雄伟,这座建筑十分雄伟。,This building is very grand.,อาคารหลังนี้ยิ่งใหญ่ตระการตามาก
集,这些邮票都是他多年收集的。,These stamps are all ones he collected over many years.,แสตมป์พวกนี้เขาสะสมมาหลายปี
集团,他就职于一家集团。,He works for a corporate group.,เขาทำงานอยู่ในกลุ่มบริษัทแห่งหนึ่ง
雇,老板又雇了两个人。,The boss hired two more people.,เจ้านายจ้างคนเพิ่มอีกสองคน
雪上加霜,这场大雨真是雪上加霜。,This heavy rain really made things worse.,ฝนที่ตกหนักครั้งนี้ยิ่งซ้ำเติมให้แย่ลงไปอีก
雪山,远处有一座雪山。,There is a snow-capped mountain in the distance.,ไกลๆ มีภูเขาหิมะอยู่ลูกหนึ่ง
零下,今晚气温降到零下十度。,Tonight the temperature dropped to minus ten degrees.,คืนนี้อุณหภูมิลดลงไปถึงลบสิบองศา
零件,工人正在更换零件。,The worker is replacing parts.,คนงานกำลังเปลี่ยนอะไหล่
零食,她喜欢吃各种零食。,She likes eating all kinds of snacks.,เธอชอบกินขนมขบเคี้ยวหลากหลายชนิด
雾,今天早上雾很大。,There was thick fog this morning.,เช้านี้หมอกลงหนามาก
震,大地突然震动了。,The earth suddenly shook.,พื้นดินสั่นสะเทือนขึ้นมาทันที
震动,这条新闻在网上引起了震动。,This news caused a stir online.,ข่าวนี้สร้างความสั่นสะเทือนในโลกออนไลน์
震惊,这个消息令人震惊。,This news is shocking.,ข่าวนี้ทำให้คนตกใจอย่างมาก
霜,早晨草地上结了霜。,Frost formed on the grass this morning.,ตอนเช้ามีน้ำค้างแข็งจับตัวบนสนามหญ้า
露,他脸上露出笑容。,A smile appeared on his face.,บนใบหน้าของเขาปรากฏรอยยิ้มออกมา
青,山上长满了青翠的竹子。,The mountain is covered with lush green bamboo.,บนภูเขาเต็มไปด้วยต้นไผ่เขียวขจี
青少年,这本书很受青少年欢迎。,This book is very popular among teenagers.,หนังสือเล่มนี้ได้รับความนิยมในหมู่วัยรุ่นมาก
青春,青春是美好的时光。,Youth is a beautiful time.,วัยหนุ่มสาวคือช่วงเวลาที่งดงาม
青春期,孩子进入青春期后变化很大。,Children change a lot after entering puberty.,เด็กเปลี่ยนไปมากหลังเข้าสู่วัยแรกรุ่น
青蛙,池塘里有几只青蛙。,There are a few frogs in the pond.,ในบ่อมีกบอยู่สองสามตัว
静,请大家保持安静。,Please everyone keep quiet.,ขอให้ทุกคนเงียบกันหน่อย
静止,车辆已经完全静止。,The vehicle has come to a complete stop.,รถหยุดนิ่งสนิทแล้ว
非凡,他表现出非凡才能。,He showed extraordinary talent.,เขาแสดงความสามารถที่ไม่ธรรมดาออกมา
面向,这个课程面向初学者。,This course is geared toward beginners.,คอร์สนี้ออกแบบมาสำหรับผู้เริ่มต้น
面貌,这座城市的面貌变了。,This city's appearance has changed.,โฉมหน้าของเมืองนี้เปลี่ยนไปแล้ว
面部,她的面部表情很生动。,Her facial expressions are very vivid.,สีหน้าของเธอมีชีวิตชีวามาก
革命,这是一场伟大革命。,This is a great revolution.,นี่คือการปฏิวัติครั้งยิ่งใหญ่
革新,公司决定对生产技术进行革新。,The company decided to innovate its production technology.,บริษัทตัดสินใจปรับปรุงเทคโนโลยีการผลิตให้ทันสมัย
鞭策,老师的话鞭策着我前进。,The teacher's words spurred me to keep moving forward.,คำพูดของครูเป็นแรงผลักดันให้ฉันก้าวไปข้างหน้า
韧性,这种材料很有韧性。,This material has great toughness.,วัสดุชนิดนี้มีความเหนียวมาก
音乐会,今晚有一场音乐会。,There is a concert tonight.,คืนนี้มีคอนเสิร์ต
音像,他收藏了很多音像制品。,He collects many audio and video products.,เขาสะสมสื่อภาพและเสียงไว้มากมาย
顶级,这是顶级的餐厅。,This is a top-notch restaurant.,นี่คือร้านอาหารระดับท็อป
项,这项工作十分重要。,This task is very important.,งานชิ้นนี้สำคัญมาก
项链,她戴着一条项链。,She is wearing a necklace.,เธอสวมสร้อยคออยู่เส้นหนึ่ง
顺其自然,事情不顺利就顺其自然吧。,"If things aren't going well, just let nature take its course.",ถ้าเรื่องไม่ราบรื่นก็ปล่อยให้เป็นไปตามธรรมชาติเถอะ
顺手,他顺手关上了门。,He closed the door on his way out.,เขาปิดประตูติดมือไปด้วย
顺理成章,这个结果顺理成章。,This result follows naturally.,ผลลัพธ์นี้เป็นไปอย่างสมเหตุสมผล
顺畅,今天交通很顺畅。,Traffic is very smooth today.,วันนี้การจราจรคล่องตัวมาก
顺着,顺着这条路一直走。,Follow this road straight ahead.,เดินไปตามถนนสายนี้เรื่อยๆ
须,出门必须带伞。,You must bring an umbrella when going out.,ออกจากบ้านต้องพกร่มไปด้วย
顽强,他有顽强的意志。,He has a tenacious will.,เขามีความมุ่งมั่นแข็งแกร่งมาก
顾,他一心照顾家人。,He devotes himself to caring for his family.,เขาทุ่มเทดูแลคนในครอบครัว
顿,他说话时突然顿了一下。,He suddenly paused while speaking.,เขาพูดไปแล้วจู่ๆ ก็หยุดชะงักไปครู่หนึ่ง
颁布,政府颁布了新法律。,The government issued a new law.,รัฐบาลประกาศใช้กฎหมายใหม่
预料,结果出乎他的预料。,The result was beyond his expectation.,ผลลัพธ์อยู่นอกเหนือความคาดหมายของเขา
预期,销量超出了预期。,Sales exceeded expectations.,ยอดขายเกินความคาดหวัง
预约,请提前预约看病。,Please make an appointment before seeing the doctor.,กรุณานัดหมายล่วงหน้าก่อนมาพบแพทย์
预见,没人能预见未来。,No one can foresee the future.,ไม่มีใครคาดการณ์อนาคตล่วงหน้าได้
预计,预计明天会下雨。,It is expected to rain tomorrow.,คาดว่าพรุ่งนี้ฝนจะตก
领,这件衣服领子太紧。,This shirt's collar is too tight.,คอเสื้อตัวนี้คับเกินไป
领袖,他被公认为这场运动的领袖。,He is widely recognized as the leader of this movement.,ทุกคนยอมรับว่าเขาเป็นผู้นำของขบวนการนี้
颇,这个主意颇有意思。,This idea is rather interesting.,ไอเดียนี้น่าสนใจอยู่ไม่น้อย
频率,他锻炼的频率很高。,He exercises very frequently.,ความถี่ในการออกกำลังกายของเขาสูงมาก
频繁,最近他出差十分频繁。,Recently he has been traveling for work very frequently.,ช่วงนี้เขาเดินทางไปทำงานต่างที่บ่อยมาก
频道,请把电视调到那个频道。,Please switch the TV to that channel.,ช่วยเปลี่ยนทีวีไปที่ช่องนั้นหน่อย
风光,这里的风光十分秀丽。,The scenery here is very beautiful.,ทิวทัศน์ที่นี่สวยงามมาก
风力,今天的风力比较大。,The wind is quite strong today.,วันนี้แรงลมค่อนข้างแรง
风味,这家饭店很有地方风味。,This restaurant has a lot of local flavor.,ร้านอาหารร้านนี้มีรสชาติแบบท้องถิ่นมาก
风沙,沙漠里风沙很大。,There is a lot of blowing sand in the desert.,ในทะเลทรายมีลมหอบทรายแรงมาก
风浪,海上突然刮起了风浪。,Rough waves suddenly rose at sea.,ในทะเลจู่ๆ ก็เกิดคลื่นลมแรงขึ้นมา
风范,他展现出大师风范。,He displayed the manner of a master.,เขาแสดงออกถึงความสง่างามแบบปรมาจารย์
风貌,古城保留了原有风貌。,The old town retains its original character.,เมืองเก่ายังคงรักษาเอกลักษณ์ดั้งเดิมเอาไว้
风趣,他说话十分风趣。,He speaks with great wit.,เขาพูดจาได้อารมณ์ขันมาก
风采,她展现出迷人风采。,She displayed a charming grace.,เธอเผยให้เห็นเสน่ห์อันน่าหลงใหล
飘,白云在天空中飘。,White clouds drift in the sky.,เมฆขาวลอยอยู่บนท้องฟ้า
飞行,飞机正在平稳飞行。,The plane is flying smoothly.,เครื่องบินกำลังบินอย่างราบเรียบ
食用,这种野菜不能食用。,This wild vegetable cannot be eaten.,ผักป่าชนิดนี้กินไม่ได้
餐桌,全家人围着餐桌吃饭。,The whole family gathered around the dining table to eat.,คนทั้งบ้านนั่งล้อมโต๊ะอาหารกินข้าวกัน
餐饮,他从事餐饮行业。,He works in the catering industry.,เขาทำงานอยู่ในวงการอาหารและเครื่องดื่ม
饥饿,孩子们忍受着饥饿。,The children endured hunger.,เด็กๆ ต้องทนต่อความหิวโหย
饭碗,他端起饭碗吃了起来。,He picked up his rice bowl and started eating.,เขายกชามข้าวขึ้นมากิน
饲养,他在农场饲养奶牛。,He raises cows on the farm.,เขาเลี้ยงวัวนมอยู่ในฟาร์ม
饶恕,他请求妈妈饶恕他的错误。,He asked his mother to forgive his mistake.,เขาขอให้แม่ยกโทษให้กับความผิดของเขา
饼,妈妈烤了一张饼。,Mom baked a flatbread.,แม่อบขนมแป้งแผ่นหนึ่ง
馒头,早餐我吃了两个馒头。,I ate two steamed buns for breakfast.,มื้อเช้าฉันกินหมั่นโถวไปสองลูก
首府,拉萨是西藏首府。,Lhasa is the capital of Tibet.,ลาซาเป็นเมืองเอกของทิเบต
首次,他首次来到北京。,He came to Beijing for the first time.,เขามาปักกิ่งเป็นครั้งแรก
首都,北京是中国首都。,Beijing is the capital of China.,ปักกิ่งเป็นเมืองหลวงของจีน
马路,过马路要小心。,Be careful when crossing the street.,ข้ามถนนต้องระวัง
驱动,这辆车靠电力驱动。,This car is driven by electricity.,รถคันนี้ขับเคลื่อนด้วยพลังงานไฟฟ้า
驱逐,他被公司驱逐出去。,He was expelled from the company.,บริษัทขับไล่เขาออกไป
驾,他不会驾船。,He doesn't know how to sail a boat.,เขาบังคับเรือไม่เป็น
驾照,他刚拿到驾照。,He just got his driver's license.,เขาเพิ่งได้ใบขับขี่มา
驾车,请不要酒后驾车。,Please do not drive after drinking.,กรุณาอย่าเมาแล้วขับรถ
骏马,草原上奔跑着一群骏马。,A herd of fine horses gallops across the grassland.,ม้าพันธุ์ดีฝูงหนึ่งวิ่งอยู่บนทุ่งหญ้า
骚扰,请不要骚扰邻居。,Please don't disturb the neighbors.,กรุณาอย่าไปรบกวนเพื่อนบ้าน
骤然,天气骤然变冷了。,The weather suddenly turned cold.,อากาศเปลี่ยนเป็นหนาวขึ้นมาอย่างฉับพลัน
骨头,狗在啃一根骨头。,The dog is gnawing on a bone.,สุนัขกำลังแทะกระดูกอยู่ชิ้นหนึ่ง
高于,今年收入高于去年。,This year's income is higher than last year's.,รายได้ปีนี้สูงกว่าปีที่แล้ว
高价,他以高价卖掉了车。,He sold the car at a high price.,เขาขายรถไปในราคาสูง
高低,两座山的高低不同。,The two mountains differ in height.,ภูเขาสองลูกนี้สูงต่ำไม่เท่ากัน
高原,他们生活在高原地区。,They live in a plateau region.,พวกเขาอาศัยอยู่ในเขตที่ราบสูง
高尚,他品德十分高尚。,His character is very noble.,เขามีคุณธรรมสูงส่งมาก
高层,他们住在高层公寓里。,They live in a high-rise apartment.,พวกเขาอาศัยอยู่ในอพาร์ตเมนต์ชั้นสูง
高山,远处有一座高山。,There is a high mountain in the distance.,ไกลๆ มีภูเขาสูงอยู่ลูกหนึ่ง
高峰,现在正是交通高峰。,It's currently rush hour for traffic.,ตอนนี้เป็นช่วงการจราจรชั่วโมงเร่งด่วนพอดี
高手,他是象棋高手。,He is a chess expert.,เขาเป็นเซียนหมากรุก
高昂,这里物价十分高昂。,Prices here are very high.,ราคาสินค้าที่นี่สูงลิ่วมาก
高档,她穿着高档的服装。,She wears high-end clothing.,เธอสวมเสื้อผ้าระดับไฮเอนด์
高温,南方这几天持续高温。,The south has had continuous high temperatures these past few days.,ทางใต้ช่วงนี้อากาศร้อนจัดต่อเนื่อง
高贵,她气质十分高贵。,Her temperament is very noble.,เธอมีบุคลิกที่สูงศักดิ์มาก
高超,他球技非常高超。,His ball skills are excellent.,ทักษะการเล่นบอลของเขาสุดยอดมาก
高速,汽车正在高速上行驶。,The car is driving on the highway.,รถกำลังวิ่งอยู่บนทางด่วน
高雅,她的举止十分高雅。,Her manner is very elegant.,กิริยาท่าทางของเธอสง่างามมาก
高龄,奶奶已经是高龄老人了。,Grandma is already an elderly person.,คุณย่าเป็นผู้สูงอายุวัยชรามากแล้ว
鬼,他害怕看鬼电影。,He's afraid of watching ghost movies.,เขากลัวดูหนังผี
鲜明,这幅画色彩十分鲜明。,This painting's colors are very vivid.,ภาพวาดนี้มีสีสันสดใสชัดเจนมาก
鲜美,这道菜味道鲜美。,This dish tastes fresh and delicious.,อาหารจานนี้รสชาติสดอร่อย
鲜艳,她穿着一条鲜艳的裙子。,She is wearing a brightly colored skirt.,เธอสวมกระโปรงสีสันสดใสตัวหนึ่ง
鸟巢,树上有一个鸟巢。,There is a bird's nest in the tree.,บนต้นไม้มีรังนกอยู่รังหนึ่ง
鸦雀无声,教室里鸦雀无声。,The classroom was dead silent.,ในห้องเรียนเงียบกริบ
鹰,一只鹰在天空盘旋。,An eagle circled in the sky.,นกอินทรีตัวหนึ่งบินวนอยู่บนท้องฟ้า
麻,农民在地里种植了大片的麻。,Farmers planted a large field of hemp.,ชาวนาปลูกต้นป่านไว้เต็มผืนนา
麻木,他的双腿感到麻木。,His legs felt numb.,ขาทั้งสองข้างของเขารู้สึกชา
黑夜,黑夜里的星星特别亮。,The stars are especially bright in the dark night.,ดวงดาวในยามค่ำคืนสว่างเป็นพิเศษ
黑白,这是一张黑白照片。,This is a black-and-white photo.,นี่คือรูปถ่ายขาวดำ
默契,他们配合十分默契。,They cooperate with great tacit understanding.,พวกเขาเข้าขากันได้อย่างดีเยี่ยม
默读,请大家默读课文。,Please read the text silently.,ขอให้ทุกคนอ่านบทเรียนในใจ
默默,他默默地流下眼泪。,He silently shed tears.,เขาหลั่งน้ำตาอย่างเงียบๆ
鼓,他从小就会打鼓。,He has known how to play the drum since childhood.,เขาตีกลองเป็นมาตั้งแต่เด็ก
鼓舞,这个故事鼓舞了大家。,This story inspired everyone.,เรื่องราวนี้สร้างกำลังใจให้ทุกคน
鼠标,我的鼠标突然坏了。,My mouse suddenly broke.,เมาส์ของฉันเสียขึ้นมาทันที
鼻涕,他感冒了，一直流鼻涕。,He has a cold and keeps having a runny nose.,เขาเป็นหวัด น้ำมูกไหลตลอดเลย
齐全,这家超市的商品很齐全。,This supermarket has a full range of goods.,ซูเปอร์มาร์เก็ตแห่งนี้มีสินค้าครบครัน
龙舟,端午节大家一起划龙舟。,"On the Dragon Boat Festival, everyone paddles dragon boats together.",เทศกาลไหว้บ๊ะจ่างทุกคนพายเรือมังกรด้วยกัน
